:020000040800F2
:10000000B05B002055020008F5620008C54D0008ED
:10001000F961000831080008197E0008000000009E
:100020000000000000000000000000000173000854
:100030000D0E000800000000A16400082D730008E8
:100040006F0200086F0200086F0200086F020008CC
:100050006F0200086F020008110E00086F0200080E
:100060006F020008190E0008210E00086F02000838
:10007000050900086F0200086F0200086F020008FF
:100080006F0200086F0200086F0200086F0200088C
:10009000350800086F0200086F020008290E0008EA
:1000A0006F0200086F0200086F0200086F0200086C
:1000B0001D7400086F0200086F0200086F0200083C
:1000C0006F0200086F0200086F0200086F0200084C
:1000D0006F020008297B00086F020008FD7B000802
:1000E0006F0200086F0200086F0200086F0200082C
:1000F0006F02000835740008297400086F020008B8
:100100006F0200086F0200086F0200086F0200080B
:100110006F0200086F0200086F0200086F020008FB
:100120006F020008110900081D090008D10D000820
:100130006F0200086F0200086F0200086F020008DB
:10014000410800086F0200086F0200086F020008F3
:10015000DD0D0008F50D0008010E00080D7E0008F9
:100160006F0200086F0200086F0200086F020008AB
:100170006F0200086F0200086F0200080000000014
:100180006F0200086F02000800F002F800F052F859
:1001900014A696E8000CB244B344DA4501D100F04D
:1001A00049F8BAE80F000FA696E83000A5EB040561
:1001B00004EB0607AAEB0704A7F101074FEA1515A0
:1001C0004FEA3414A4F10104AC4201D300F032F838
:1001D00013F0010F18BFFB1A43F0010300F001F800
:1001E000DBE71847AC1C0100CC1C0100103A24BF0F
:1001F00078C878C1FAD8520724BF30C830C144BF8C
:1002000004680C6070470000704700000023002461
:1002100000250026103A28BF78C1FBD8520728BF16
:1002200030C148BF0B6070471FB511F046F91FBDC4
:1002300010B510BD00F002F91146FFF7F5FF09F007
:10024000A3FE00F020F903B4FFF7F2FF03BC00F0B7
:1002500023F900000948804709480047FEE7FEE708
:10026000FEE7FEE7FEE7FEE7FEE7FEE7FEE7FEE766
:1002700004480549054A064B704700000974000808
:1002800089010008B0550020B05B0020B057002065
:10029000B057002053EA020C00F069802DE9F04BC2
:1002A0004FF00006002B1FBFB3FA83F503FA05F4E5
:1002B00024FA05F65E4012BF1643B2FA82F502FA3E
:1002C00005F4C5F120051EBF22FA05FC44EA0C0422
:1002D000203556EA044C4FEA144418BF641C4FF012
:1002E00000084FF00009904271EB030C39D300294C
:1002F00019BFB1FA81F701FA07F6B0FA80F700FAF0
:1003000007F6C7F120071EBF20FA07FC46EA0C06D5
:100310002037B6FBF4FCA7EB0507103F07F01F0BD7
:10032000CBF120062CFA06F60CFA0BFB44BFB346C1
:100330000026202FA4BF5E464FF0000B5BEA060CA0
:1003400008BF4FF0010B19EB0B0948EB0608ABFB9C
:10035000027C06FB02CC0BFB03CCC01B71EB0C0137
:10036000C1E70B46024641464846BDE8F08B13B54F
:10037000084318BF4FF0FF300146AFF30080BDE8DF
:100380001C40704710B5431C02E010F8011B71B10E
:100390008107FAD14FF0013202C88C1A8C4314EA5B
:1003A000C211F9D0C01A0A0603D0C01E10BDC01A6F
:1003B00010BD0A0401D0801E10BD0902FCD0401EF1
:1003C00010BD4FF0000200B5134694469646203902
:1003D00022BFA0E80C50A0E80C50B1F12001BFF4FE
:1003E000F7AF090728BFA0E80C5048BF0CC05DF864
:1003F00004EB890028BF40F8042B08BF704748BFB2
:1004000020F8022B11F0804F18BF00F8012B704725
:1004100070477047704710B500F008F8006810BDCD
:1004200010B5044600F002F8046010BD00487047A3
:100430002801002000487047280100207546FFF77A
:10044000F9FFAE4605006946534620F00700854691
:1004500018B020B5FFF70CFFBDE820404FF00006B4
:100460004FF000074FF000084FF0000BAC46ACE82F
:10047000C009ACE8C009ACE8C009ACE8C00921F08B
:1004800007018D46704710B50446AFF30080204643
:10049000BDE81040FFF7D7BE01491820ABBEFEE70C
:1004A00026000200704700000FF04ABC0FF0DEBCCF
:1004B00007F0B4BC00281CBF002101607047000099
:1004C00000281EBF0021C4F2B01101607047000077
:1004D000B1EEC00AB7EE001A81EE000A70470000C4
:1004E00007F0E6BC0020C4F202001021012201F056
:1004F000C9BC00000020C4F202001021002201F05B
:10050000C1BC00007047000040F20040C4F202008D
:100510000121012201F0B6BC40F20040C4F2020009
:100520000121002201F0AEBCB0F9003040F2180CFD
:10053000C2F2000C00EE103A9CED001AB8EEC00AB0
:1005400021EE000A81ED000AB0F902309CED001A9C
:1005500000EE103AB8EEC00A21EE000A81ED010A61
:10056000B0F9043000EE103AB8EEC00A21EE000AED
:1005700081ED020AC3798179007A1B0243EA0040C7
:10058000084400EE100A9FED041AB8EE400A20EE6F
:10059000010A82ED000A704700401C4270470000CB
:1005A0000BF038BE09F014BAB0F9002000EE102AA2
:1005B00040F21802C2F2000292ED011AB8EEC00A2F
:1005C00021EE000A81ED000AB0F9023092ED011A25
:1005D00000EE103AB8EEC00A21EE000A81ED010AE1
:1005E000B0F9040000EE100AB8EEC00A21EE000ACD
:1005F00081ED020A7047000010B5FFF783FFFFF797
:10060000CDFF07F0EBFD08B1802402E007F096FC77
:10061000044608F027F900281CBF44F0400010BD34
:1006200008F014F8204310BD2DE9F04F83B002927A
:100630000E460190FFF75EFF922000F0C3F8922073
:1006400000F0C0F8552000F0BDF88046552000F0BD
:10065000B9F80546552000F0B5F88246552000F05F
:10066000B1F80446552000F0ADF88346552000F05F
:10067000A9F80746FFF736FF48EA052040F21809B7
:1006800000B2C2F2000900EE100A99ED001AB8EEAD
:10069000C00A4AEA042021EE000A00B286ED000AF0
:1006A00000EE100A4BEA072000B299ED001A02EEA4
:1006B000100AB8EEC00AB8EEC22A21EE000A21EEF6
:1006C000021A86ED010A86ED021AFFF725FF802047
:1006D00000F078F8552000F075F80646552000F037
:1006E00071F8552000F06EF88246552000F06AF847
:1006F0000546552000F066F88346552000F062F864
:100700000446552000F05EF80746552000F05AF8E0
:100710008046FFF7F9FE0F2E25D14AEA052000B2E8
:1007200000EE100A99ED011AB8EEC00A01994BEAE1
:10073000042021EE000A00B281ED000A00EE100A4A
:1007400047EA082000B299ED011A02EE100AB8EE4D
:10075000C00AB8EEC22A21EE000A21EE021A81ED8B
:10076000010A81ED021AFFF7C5FEA22000F02AF867
:10077000A22000F027F8552000F024F8044646B2E5
:10078000552000F01FF80546FFF7ACFEE00040EAF8
:1007900055104FF60001CFF6FF71002E48BF0843F9
:1007A00000EE100AB8EEC00AB4EE001A20EE010AFC
:1007B000B3EE071A029830EE010A80ED000A03B08A
:1007C000BDE8F08F80B582B08DF8070040F69470D8
:1007D0004FF47A7CC2F200000DF107010DF1060220
:1007E0000123CDF800C002F029FB9DF8060002B0FD
:1007F00080BD000090F900204078D3B2DB0043EACE
:1008000050104FF60003CFF6FF73002A48BF18437D
:1008100000EE100AB8EEC00AB4EE001A20EE010A8B
:10082000B3EE071A30EE010A81ED000A70470000AE
:10083000FEE7000040F6D830C2F2000000F0CABC6B
:1008400040F60040C2F2000000F0C4BC10B58AB00F
:100850000024CDE903140821DDE90CECCDE90744BF
:100860000791110A8DF80410190A8DF806104FEA45
:100870001E218DF808104FEA1C218DF805208DF8F7
:1008800007308DF80A1003A901AA09ABCDE9054488
:100890008DF809E08DF80BC000F040FB0AB010BDE8
:1008A000B0B582B040F2C82CC2F2000C4FEA102E54
:1008B0000CF808EF8CF80100080A8CF80200100A06
:1008C00040F2FF14E6468CF80400180A4EF8204F58
:1008D0008CF8060040F6D830002408258CF8031068
:1008E0008CF805208CF80730C2F2000001AB71468D
:1008F0006246CCE90A44CCF8305000F00FFB02B05D
:10090000B0BD000040F6A850C2F2000000F076BF73
:1009100040F60860C2F2000000F070BF80B500F041
:1009200009F840F62840C2F20000BDE8804000F01F
:1009300065BF0000B0B540F69470C2F20000C16C13
:1009400046F2A040C4F202000968A0F1480246F253
:100950009F059142C4F2020522D950F89C2CA9426D
:100960004FF0200364DD46F23F45C4F20205A94280
:1009700078DC46F2A005C4F20205A94200F08A80A4
:1009800046F21045C4F20205A94200F0CC8046F2BE
:100990002843C4F20203994200F0C38080E100BF03
:1009A00046F25802C4F2020202F1600399421FD9D2
:1009B000D2F8A823A9424FF0200340F38F8046F2DB
:1009C0003F45C4F20205A94200F3D08046F2A005DB
:1009D000C4F20205A94200F0F18046F21045C4F2CB
:1009E0000205A94200F0048146F22843FAE000BF64
:1009F000914255D952F854CCA9424FF0200455DC0D
:100A000046F23F05C4F20205A94240F3F58046F2E2
:100A10004005C4F20205A94200F0D68046F27005F6
:100A2000C4F20205A94200F0F58046F28805EBE029
:100A300046F23F05C4F20205A94265DD46F24005D3
:100A4000C4F20205A94225D046F27005C4F202059F
:100A5000A94268D046F28803C4F20203994214D036
:100A60001EE100BF46F24045C4F20205A94211D082
:100A700046F27045C4F20205A94254D046F28843BA
:100A8000C4F20203994240F00B814FF40063134219
:100A90004CD13CE14FF40013134247D137E100BF82
:100AA00052F858CCA9424FF02004A9DD46F23F4548
:100AB000C4F20205A94271DC46F2A005C4F20205A7
:100AC000A94200F0818046F21045C4F20205A94215
:100AD00000F0A08046F2284596E000BF46F23F05B0
:100AE000C4F20205A94275DD46F24005C4F20205D2
:100AF000A94263D046F27005C4F20205A94277D03C
:100B000046F2880340E000BF46F21005C4F2020539
:100B1000A94208D046F22803C4F20203994240F0E9
:100B2000BF804FF40063134200F0F18046F2704240
:100B3000C4F2020291420BD046F28842C4F2020291
:100B4000914209D14FF4006240F8942CF1E000BFCB
:100B5000202240F8942CECE04FF00062814208BF64
:100B60004FF4001240F8942CE3E000BF46F24045F9
:100B7000C4F20205A94221D046F27045C4F2020532
:100B8000A94235D046F28843C4F20203994240F0AC
:100B9000A9804FF40063134242D1B8E046F24045C9
:100BA000C4F20205A9420FD046F27045C4F2020514
:100BB000A9422FD046F2884526E000BF4FF400132B
:100BC00013422DD1A3E000BF4FF4001404EA0C053A
:100BD00025BB9CE046F21005C4F20205A94207D0ED
:100BE00046F22803C4F2020399427BD14FF400631A
:100BF000134215D18BE000BF46F21005C4F2020586
:100C0000A94207D046F22805C4F20205A94273D1D1
:100C10004FF4006404EA0C05002D78D0994219D9EC
:100C200046F21042C4F20202914235D046F2284206
:100C3000C4F20202914229D046F24042C4F20202BA
:100C400091420CBF4FF400114FF0006140F8981C26
:100C50006FE000BF91422DD946F27000C4F202004D
:100C600081425FD046F28800C4F2020081424FD038
:100C700046F2A000C4F2020081420CBF4FF4001003
:100C80004FF0006042F84C0C53E000BF4FF400619D
:100C900040F8981C4DE000BF202140F8981C48E027
:100CA0004FF00063814208BF4FF4001313427FF4FA
:100CB0003DAF2CE046F21000C4F20200814235D074
:100CC00046F22800C4F20200814227D046F24000DA
:100CD000C4F2020081420CBF4FF400104FF00060DC
:100CE00025E000BF4FF00063814208BF4FF40013BE
:100CF000134295D10BE000BF4FF00064814208BF62
:100D00004FF4001404EA0C05002D7FF487AFB0BD4A
:100D10004FF4006042F84C0C0BE000BF4FF4006051
:100D200005E000BF202042F84C0C02E0202042F8F1
:100D3000500C40F20C55C2F20005287800248007C0
:100D4000C4F2020422D46878800730D4A8788007DF
:100D50000CD5A878102100F0FD00A870A878012219
:100D600040F00400A870204601F08CF808F0B0FFB5
:100D70002878400758BFB0BD43F61040C4F20100C8
:100D8000016841F001010160B0BD00BF2878012178
:100D900000F0FD0028702878012240F0040028703F
:100DA00004F5806001F06EF868788007CED5687829
:100DB000102100F0FD0068706878012240F0040006
:100DC0006870204601F05EF8A8788007C1D4CDE7AE
:100DD00040F68840C2F2000000F010BD80B540F639
:100DE000E840C2F2000000F009FDBDE8804006F0D6
:100DF000A1BE000040F66860C2F2000000F0FEBC38
:100E000040F64850C2F2000000F0F8BC7047000005
:100E1000012000F05BBF0000082000F057BF000079
:100E2000102000F053BF0000202000F04FBF000052
:100E300072B600BFFEE7000082B040F2A43640F276
:100E40001C1740F6D83441F2C468C2F20006C2F260
:100E500000070025C2F20004C2F2000805E000BF4E
:100E60000020B07001200DF039FAB078032813D0BB
:100E7000012809D00028F5D1B87846282AD045287D
:100E80002AD1032027E000BFB8784628E8D04528BB
:100E9000E8D10320E5E700BFB878462804D045280C
:100EA00004D1032001E000BF0020B07020464FF4C1
:100EB00000710022002300950195FFF7C7FC204632
:100EC00040F2FF110022002300950195FFF7BEFCC0
:100ED000C8E700BF0020B07040460CF0CBFC717931
:100EE000F07900220CF0A4FABCE7000090F8202072
:100EF000013A012A08D8006800F1140200201368A2
:100F000019431160704700BF00F1240201204FF423
:100F100080211368194311607047000010B590F8E4
:100F200020E0D0F800C0AEF1010EBEF1010FDCF8F8
:100F300008E011D81EF0E05F18D0CEF30164012064
:100F4000A04018608B68DBB1D1F804E0C86840EAC3
:100F5000CE0040EA030E17E000F1240301204FF415
:100F600080211A681143196010BD00BF00F12403ED
:100F700001204FF400111A681143196010BD00BF21
:100F80000868CB6843EA405E0CF5C07000EB0413C0
:100F9000240140F804E00C69184640F8044F097D2C
:100FA000012903D1016841F4807101605068012179
:100FB000D8601068986000201A681143196010BD4D
:100FC00090F82020013A012A30D8B0B546F20060EE
:100FD000C4F20000026842F001020260026822F4DA
:100FE0007C520260D1F814E0CC694A6A0368012C93
:100FF00043EA022202600EF01F024FF0010303FADF
:1010000002F2C3696FEA020C23EA0203C36113D040
:101010002CBBC36803EA0C03C360CB688C8844EA2A
:10102000034300EBCE0423640B4611E0416A41F414
:101030008021416201207047C3681343C3600B687D
:101040008C8844EA034300EBCE04236401F10C03D3
:101050008C681B8843EA044300EBCE046364436856
:101060008D6943EA0204D1F810E0096A002D08BF37
:1010700003EA0C0444604369BEF1000F43EA020432
:1010800008BF03EA0C040129446102D1C16911437C
:10109000C161016821F0010101600020B0BD0000C4
:1010A00070470000B0B590F82040013C012C7DD87D
:1010B000D0F800C000290CBFDCF80C40DCF8104070
:1010C000A4077DD00CF5D8754FEA011C55F80C40EB
:1010D00014F00404946055F80CE005EB011C19BFF2
:1010E0004FEADE0555604FEA5E551560DCF80050AA
:1010F000E64605F00205D5605EF8044F24075ABFA6
:10110000DEF8004004F00F0408241461DEF800400B
:101110000029C4F307249461DEF800504FEA154516
:101120005561DCF808201A70026802EB0112D2F84F
:10113000B8214FEA12225A70026802EB0112D2F86B
:10114000B8214FEA12429A70026802EB0112D2F8FB
:10115000B8214FEA1262DA70026802EB0112D2F88B
:10116000BC211A71026802EB0112D2F8BC214FEACD
:1011700012225A71026802EB0112D2F8BC214FEA26
:1011800012429A71026802EB0112D2F8BC214FEAB6
:101190001262DA7100680CBF00F10C0100F110015D
:1011A000002020220B681A430A60B0BD00F1240120
:1011B00001204FF480220B681A430A60B0BD00BFC3
:1011C00000F1240101204FF400120B681A430A6059
:1011D000B0BD00002DE9F04F81B0044600684669BB
:1011E000D0F804908768D0F80CB0D0F810A0D0F8F0
:1011F0001880F10704D1002530071DD424E000BF7A
:10120000F90710D00121BA07816009D4780700F1ED
:10121000AF80380700F1B680204600F087FA02E080
:10122000204600F085FA0025F80500F18780F803D4
:1012300000F1B180300707D51BF0100004D0206802
:1012400045F400751021C160700708D51BF0080037
:1012500005D020680821C160204600F0F5F9B007EC
:1012600006D52068C068800702D0204600F0EEF95D
:10127000700607D51AF0100004D0206845F4806588
:1012800010210161B00608D51AF0080005D02068C9
:1012900008210161204600F015FAF00606D5206805
:1012A0000069800702D0204600F00EFAB00308D58E
:1012B00019F0100005D0206810214160204600F090
:1012C00005FAF00308D519F0080005D020680821B8
:1012D0004160204600F036FA300440F19B805FEA1E
:1012E000497040F1948006F4807008EA1020284389
:1012F0005FEA8871014648BF41F00201B20558BF5C
:1013000001465FEA48700D4648BF45F00405700588
:1013100058BF0D46300540F17A8018F0700000F09B
:1013200076801038000905286CD8DFE800F00365E6
:101330005D61596945F0080564E000BF20684FF41D
:101340008071BA0581600BD4780515D438051DD499
:10135000204600F0EFF9F8037FF56CAF1BE000BF0B
:10136000204600F0E9F9F8037FF564AF13E000BF11
:101370004FF4006558E700BF05F50055F8037FF509
:1013800059AF08E04FF480554EE700BF05F58045A2
:10139000F8037FF54FAF20684FF48031BA038160C6
:1013A0000AD4780310D4380314D4204600F0C6F9C8
:1013B00030073FF541AF47E7204600F0C1F930075D
:1013C0003FF53AAF40E700BF05F5004530073FF570
:1013D00033AF39E705F5803530073FF52DAF33E7FB
:1013E00045F080050EE000BF45F020050AE000BF93
:1013F00045F0400506E000BF45F0100502E000BFE3
:1014000045F480752068816921F070018161206850
:101410000421416055B1606A40EA050120466162DD
:1014200001B0BDE8F04FFFF73BBE00BF01B0BDE823
:10143000F08F0000002804BF01207047B0B50446BB
:1014400090F8200010B9204600F06EF8206801687E
:1014500041F00101016000F01BFD05462068416874
:10146000C90705D100F014FD401B0B28F6D310E08E
:10147000016821F00201016000F00AFD054600BF8D
:101480002068416889070DD500F002FD401B0B283C
:10149000F6D3606A052140F400306062012084F8D0
:1014A0002010B0BD217E0268012922F0800208BF11
:1014B00080320260617E0268012922F0400208BF8A
:1014C00040320260A17E0268012922F0200208BF9A
:1014D00020320260E17E0268012922F0100218BF6A
:1014E00010320260217F0268012922F0080208BF41
:1014F00008320260617F0268012922F0040208BFFD
:1015000004320260D4E901C2D4E9033561691A43A7
:101510002A431143ACF101021143C16100200121B2
:10152000606284F82010B0BD10B586B0006846F641
:101530000002C4F2000200219042CDE90411CDE97D
:101540000211019134D046F20041C4F200018842F8
:1015500077D140F27861C2F200010A6843F6400098
:10156000C4F20200531C0B6052B9002100910168C3
:1015700041F000710160016801F000710091009973
:101580000021009150F8101C142441F0080140F88B
:10159000101C50F8100C032100F008000090009877
:1015A00040F20040C4F2020000F5006035E000BFE8
:1015B00043F64000C4F202000091016841F08061EE
:1015C0000160016801F080610091009940F278614A
:1015D000C2F200010A68531C0B6052B9002100914D
:1015E000016841F000710160016801F00071009133
:1015F00000990021009150F8101C402441F0020194
:1016000040F8101C50F8100C602100F0020000900F
:10161000009840F20040C4F20200019102210291C0
:1016200000210391032104910921059101A900F0F2
:1016300059FB20460521002200F0CCFF204600F097
:10164000B7FF06B010BD00007047000040F6D8316B
:10165000C2F20001884218BF704780B58AB040F6D8
:10166000D830C2F2000003AA01AB0021FFF71AFD37
:101670000398A0F20121062920D80138C1B2BDF893
:101680000420890051FA80F041F2FC3112BAC2F212
:101690000001120C31F8103021F8102001EB40004D
:1016A000BDF80610BDF8082009BA090C418011BA2E
:1016B0009DF80A20090C0381818082710AB0BDE87F
:1016C000804070477047000070470000704700007E
:1016D000B0B5044690F8200001281DD1022084F8FE
:1016E00020002068016821F00101016000F0D0FBBA
:1016F000054600BF20684068C00713D000F0C8FB53
:10170000401B0B28F6D3606A40F40030606205206D
:1017100084F820000120B0BD606A40F400206062BF
:101720000120B0BD00206062B0BD00007047000025
:1017300070470000704700007047000070470000CD
:10174000704700007047000070B5866D044600F0D9
:101750009FFB94F83510022928D105462068216C9A
:10176000026822F016020260426922F080024261A1
:1017700009B9A16C19B1016821F008010160016883
:1017800021F00101016000BF20680068C00715D08A
:1017900000F07EFB401B0628F6D320206065032066
:1017A00084F83500002184F8341070BD8020606515
:1017B0000120002184F8341070BD00BFE06D3F218E
:1017C00001FA00F0B060012084F83500002000210B
:1017D00084F8341070BD000090F83510022909D14A
:1017E000052180F835100068016821F001010160D1
:1017F000002070478021416501207047F0B581B01D
:101800000021009140F2F001C2F200010B68D0E922
:10181000166148F2B51537680822C1F64E358A4080
:101820003A42A3FB05350CD003681C68640708D551
:101830001C6824F004041C60B260426D42F0010296
:10184000426501228A403A4208D003685B691B0660
:1018500004D5B260426D42F00202426504228A4021
:101860003A4208D003681B689B0704D5B260426DFA
:1018700042F00402426510228A403A4219D00168BF
:101880000B681B0715D5B2600B680A685B0309D4A7
:10189000D20509D40A6822F008020A60016C29B94D
:1018A00007E000BF110341D4016C11B10446884721
:1018B0002046C26D202101FA02F33B4243D0016869
:1018C0000F68FF063FD5B36090F835700B68052FA1
:1018D0001CD123F016030B604B6923F080034B618E
:1018E000036C0BB9836C1BB10B6823F008030B600E
:1018F0003F219140B160012180F83510016D002237
:10190000002980F8342054D158E000BF0A685B03F6
:1019100010D4D20512D40A6822F010020A60012104
:1019200080F83510002180F8341007E0816C002920
:10193000BCD1BEE7110301D4416C00E0C16B11B111
:10194000044688472046416DC1B3416DC9072ED07A
:10195000052180F835100168AA0A0B6823F00103FD
:101960000B60009B0133934200931AD80B68DB078E
:1019700017D0009B01339342009312D80B68DB070A
:101980000FD0009B0133934200930AD80B68DB070A
:1019900007D0009B01339342009302D80B68DB070A
:1019A000DFD1012180F83510002180F83410C16C9E
:1019B00021B101B0BDE8F040084700BF01B0F0BD63
:1019C0002DE9F041044600F063FAECB1054602202F
:1019D00084F835000020216884F83400086820F07D
:1019E0000100086021680868C00711D000F050FAB3
:1019F000401B0528F6D9032520230320636584F8BE
:101A00003550BDE8F08100BF0120BDE8F08100BF86
:101A1000086848F23F02CFF21002D4E9013500EA2B
:101A2000020C04F10C0898E8C10143EA0C032B43B3
:101A30001843D4E9072E304338431043626A40EA22
:101A40000E00042A40EA08031CD1206BD4E90A2EB8
:101A500040EA0E00184308604869BEF1000F20F00C
:101A6000030040EA020040F0040C11D0B8F5005F1A
:101A700036D0B8F1000F45D1022A46D0012A3BD01A
:101A800032B942E00B60486920F0070040EA020CDE
:101A900001F0F8004AF6AB221038CAF6AA22A0FBE1
:101AA00002231A0941F2D453C1F814C0C0F601034D
:101AB0009A5C40F2FF335F284FF03F0021EA0301B8
:101AC00000FA02F088BF0431C4E9161288600023CE
:101AD00001250020636584F83550BDE8F08100BF22
:101AE000032AD5D8012540230120DFE802F0030EA8
:101AF000030500BF82E700BFAEF1C070B0FA80F00E
:101B0000400904E0032A04D3C2D1CEF300600028C8
:101B1000BED0012540230120636584F83550BDE81F
:101B2000F081000090F834C0BCF1010F04BF022026
:101B3000704770B54FF0010C80F834C0D0F858E011
:101B400090F835C0BCF1010F38D14FF0020C80F88D
:101B500035C04FF0000CC0F854C0D0F800C0846805
:101B6000056CC06DDCF80060402C26F48026CCF8B3
:101B70000060CCF804300B4604BF13460A463F21F0
:101B800001FA00F0CCF80830CCF80C20CEF80800B0
:101B9000DCF8000040F01600CCF800002DB1DCF8B5
:101BA000000040F00800CCF80000DCF8000040F035
:101BB0000100CCF80000002070BD00BF002180F8BB
:101BC0003410022070BD0000B0B5044600F060F98A
:101BD000054640F21000C2F200000078611C18BFF8
:101BE000044400BF00F054F9401BA042FAD3B0BD3A
:101BF00010B501381F2800F26780DFE800F011659A
:101C000065656565654765656565656565316565D6
:101C1000656565656565656565656565655300BF91
:101C200040F20C54C2F20004012060710DF06EFD10
:101C3000012849D0A06904F120010CF09FFB206A23
:101C4000002808BF10BD4EF60450CEF200004FF041
:101C500080510160BFF34F8FBFF36F8F34E000BF3F
:101C60000A2007F0DFFE40F20C50C2F2000041787B
:101C700041F001014170817841F0010181700079EA
:101C800010B3BDE8104008F023B800BF0B2007F0E8
:101C9000C9FE40F20C50C2F20000C17841F00101CF
:101CA000C17010BD092007F0BDFE40F20C50C2F219
:101CB0000000017841F001010170007920B1BDE818
:101CC000104008F005B800BF10BD000043F61441F5
:101CD000C4F201010A68024214BF08607047FFF7AE
:101CE00087BF00002DE9F04F83B000F1200200F122
:101CF0003E4741F60045009207F1FF77C4F2020526
:101D000008224FEAB726A84208BF072200254FF055
:101D100000084FF00009072E38BF4FEAB7220192A2
:101D20000AE000BF09F1010908F10208B9F1100F3A
:101D300005F1040500F0A2800F68012202FA09FEF5
:101D400017EA0E0AEED0D1F804C003220CF0030704
:101D50007E1E02FA08F4012E6FEA040B12D8846882
:101D6000CE6804EA0B0406FA08F63443846044683B
:101D700024EA0E06CCF3001404FA09F42643466064
:101D800004E000BF032F01D103271EE0C6688C6862
:101D900006EA0B0604FA08F42643022FC66014D1A3
:101DA0006FF00302009E02EA590756F807C005F0DB
:101DB0001C040F220B69A2402CEA0202A3401A4322
:101DC000F251D1F804C00CF00307026807FA08F3D7
:101DD00002EA0B021A431CF4403F0260A2D0002228
:101DE00043F644030292C4F202031A6843F6004425
:101DF00042F480421A601A68C4F2010402F480427C
:101E00000292029A29F003024FF6084C2244CFF6C0
:101E1000FF7C52F80C3005F00C070F26BE40B34390
:101E2000019E06FA07F73B4342F80C30A2684B6864
:101E300042EA0A0743F60C4CDE0258BF22EA0A07C0
:101E4000A760C4F2010CDCF800209E0242EA0A07F7
:101E500058BF22EA0A07CCF8007062689E0342EA83
:101E60000A0758BF22EA0A0767602268DB0342EAD2
:101E70000A0758BF22EA0A07276053E703B0BDE804
:101E8000F08F0000002A08BF09048161704700003C
:101E900045F25430C2F2000000687047002804BFC9
:101EA00001207047F0B581B0044690F83D0028B994
:101EB000002084F83C00204600F07CFA242084F8BE
:101EC0003D002068016821F001010160016841F4D2
:101ED00000410160016821F40041016000F088FCCC
:101EE000636848F2A16CC0F2010C40F60011C0F228
:101EF0003D0163453CBF48F28041C0F21E0188426B
:101F000002D2012001B0F0BD4DF68361C4F21B3155
:101F1000A0FB01122168970CD1F804E04FF49676EB
:101F20002EF03F0545EA92454D60774348F6381656
:101F30000D6AC0F24106A7FB067625F03F07634510
:101F400038BF960C721C3A430A62CA6948F2A0660E
:101F50004CF6FF77C0F20106B34222EA07020BD823
:101F600001385B00B0FBF3F001306FF31F30042841
:101F700098BF04201BE000BFA768013857B119279C
:101F80007B43B0FBF3F001306FF31F3070B100F50D
:101F9000804007E003EB4303B0FBF3F001306FF345
:101FA0001F3018B100F5004001E000BF01201043D0
:101FB000C8610868D4E9072320F0C0001043184323
:101FC0000860886848F2FF3204F10C0790438CCF18
:101FD00018431043A6698860C86820F0FF003843A2
:101FE0003043C860086840F00100086000202021EC
:101FF000206484F83D10206384F83E0001B0F0BDF9
:102000002DE9F04784B0994616460F460446FFF77F
:102010003FFF94F83D10202927D10546206800BFD6
:10202000816989071CD5FFF733FF411B20681A29F6
:10203000F6D381698907F3D500202021206384F835
:102040003D1084F83E00206C04F13C0A40F0200072
:102050002064022000218AF8001004B0BDE8F08757
:10206000A2461AF83C1F012904D1022004B0BDE8A1
:10207000F08700BF01228AF800200368DDE90D180F
:102080000C9ADB0703D1036843F001030360036884
:1020900023F400630360222084F83D00402084F88C
:1020A0003E000020206462626185608D3946208593
:1020B0000020CFF6FF70E062204632464B46CDE965
:1020C000008502F081FE18B1012004B0BDE8F08760
:1020D000208D08B3022813D0012835D121680A6861
:1020E00022F480620A60002203924A6903928A699C
:1020F0000392039A0A6842F400720A602CE000BF5F
:1021000021680A6822F480620A600A6842F4006268
:102110000A60002203921AE00020039020684169BF
:102120000391816903910399016841F40071016091
:10213000202084F83D00002084F83E0000218AF829
:10214000001004B0BDE8F0870021039121684A69BE
:1021500003928969039103990427C0F201070CE0F7
:1021600010690870606A218D01306062481E208508
:10217000618D013961850104DAD080B203280FD85E
:1021800002284AD001282DD1204641462A4603F094
:10219000B9F8002898D12068616A0069E1E700BFBA
:1021A000204641462A4603F0ADF800287FF48CAF64
:1021B0002068616A00690870606A2268411C208D8D
:1021C000616201382085638D013B638553695B073C
:1021D000D1D580B20328C3D1106820F4806010608C
:1021E000BEE700BF2046394600224346009502F074
:1021F00037FF00287FF468AF2068616A026822F424
:102200008062026000690870606A218D013060623E
:10221000481E2085608D01386085204639460022A1
:102220004346009502F01CFF00287FF44DAF206864
:10223000616A026842F40072026000690870606AB4
:102240002268411C6162218D01392185618D01392E
:1022500061851169417085E72DE9F04383B09946A6
:1022600016460F460446FFF713FE94F83D1020294A
:1022700024D10546206800BF816989071AD5FFF778
:1022800007FE411B20681A29F6D381698907F3D517
:1022900000202021206384F83D1084F83E00216C4A
:1022A00041F02001216484F83C00022003B0BDE825
:1022B000F08300BF94F83C10012903D1022003B041
:1022C000BDE8F083012284F83C200368DDE90B18A7
:1022D0000A9ADB0703D1036843F001030360036834
:1022E00023F400630360212084F83D00402084F83B
:1022F0003E000020206462626185608D3946208541
:102300000020CFF6FF70E062204632464B46CDE912
:10231000008502F0E3FD18B1012003B0BDE8F083B1
:10232000208D98B9204641462A4602F03BFE88B3EC
:10233000206C0428F0D12068016841F4007101602C
:10234000012003B0BDE8F0830004EBD020464146F5
:102350002A4603F01FF80028EAD1616A226808467D
:1023600010F8013B1361238D6062581E2085678D34
:10237000013F678557697F07E6D50704E4D04878B1
:102380001061881C6062981E2085618D013961850D
:10239000DAE700BF2068016841F400710160202085
:1023A00084F83D00002084F83E0084F83C0003B02F
:1023B000BDE8F0832DE9F04786B045F60046006899
:1023C000C4F200060025B0420595CDE903550295FB
:1023D000019503D006B0BDE8F08700BF43F6300793
:1023E0000095C4F20207386801AC40F00400386080
:1023F00038684FF0120800F0040000900098009533
:1024000038684FF0030940F00100386038684FF039
:10241000040A00F00100009000984FF40070019051
:1024200006F5D6302146CDE90285CDF81090CDF8DD
:1024300014A0FFF757FC4FF48070CDE9010803A802
:1024400080E8200606F5D2302146FFF74BFC0095C8
:10245000386940F400003861386900F400000090E9
:10246000009806B0BDE8F08740F2100045F2543104
:10247000C2F20000C2F2000100780A68104408604D
:102480007047000080B543F60040C4F202000168C6
:1024900041F400710160016841F4806101600168EC
:1024A00041F480710160032000F0C0F80F2000F0BB
:1024B00005F800F05BF8002080BD000070B586B024
:1024C000002543F640010195C4F202010A68044662
:1024D00042F001020A60096801A801F001010191BE
:1024E0000199694600F064F9049E002E18BF012688
:1024F00000F07EF94DF68361B040C4F21B31A0FBC1
:1025000001014FF0FF3000EB914141F2C400C2F2F3
:1025100000004FF0804240F2E733C0E90021C0E9FB
:1025200002530561856100F0B1FE08B106B070BDCF
:1025300041F2C400C2F2000000F010FF0028F5D103
:102540001C2000F035F80F2C0CD81C20214600224E
:1025500000F040F840F214010020C2F200010C60CB
:1025600006B070BD012006B070BD000082B0002032
:1025700043F640010190C4F202014A6842F48042ED
:102580004A604A6802F480420192019A0090086809
:10259000002240F08050086008680F2100F0805051
:1025A000009000986FF0010002B000F013B8000036
:1025B000002848BF704700F01F01012202FA01F114
:1025C0001C2202EAD0004EF20012CEF2000281502C
:1025D0007047000010B54EF60C5CCEF2000CDCF833
:1025E0000030C3F3022E8EF00704042C28BF04240D
:1025F000BEF103034FF0FF3E0EFA04F438BF002390
:10260000A14399400EFA03F39A43114300F00F02DD
:1026100000F160430901043A03F564436244002871
:1026200048BF02F10C03197010BD00004EF60C51AA
:10263000CEF200010A684FF6FF031A4060F30A2247
:1026400042F0806040F0FD7008607047002804BFD1
:10265000012070472DE9F04143F60808C4F2020852
:102660000446D8F8F8030D4600F00700814207D968
:1026700088F8F853D8F8F80300F00700A84277D19B
:102680002068810717D5410705D5D8F8001041F417
:10269000E051C8F80010010705D5D8F8001041F442
:1026A0006041C8F80010D8F80010A26821F0F001CD
:1026B0001143C8F80010C00740D1D8F8F80300F063
:1026C0000700854207D288F8F853D8F8F80300F0DD
:1026D0000700A8424CD12068410707D5D8F8001060
:1026E000E26821F4E0511143C8F80010000708D552
:1026F000D8F80000216920F4604040EAC100C8F821
:10270000000000F09DF8D8F8001041F27852C1F3B3
:102710000311C0F60102515C40F2F00220FA01F10F
:1027200040F21400C2F200000068C2F20002116020
:10273000FFF7C4FE0020BDE8F08100BF6068811E85
:10274000022907D258F8081C89015CBF0120BDE8A6
:10275000F08111E0012807D158F8081C89035CBFFB
:102760000120BDE8F08107E058F8081C890703D470
:102770000120BDE8F08100BFD8F8001021F003016E
:102780000843C8F80000FFF783FB064641F288378C
:10279000D8F80000616800F00C00B0EB810F8CD01D
:1027A000FFF776FB801BB842F2D90320BDE8F08129
:1027B0000F22026043F60802C4F20202136803F01B
:1027C00003034360136803F0F0038360136803F4AA
:1027D000E053C360D2F800C04FF4E05303EADC03D7
:1027E0000361D2F8F80300F00700086070470000AA
:1027F00040F2F00043F60801C2F20000C4F2020108
:102800000068096841F28852C1F38221C0F60102D2
:10281000515CC8407047000040F2F00043F60801E8
:10282000C2F20000C4F202010068096841F2885255
:10283000C1F34231C0F60102515CC840704700004C
:1028400010B543F60404C4F202046168C1F38101C7
:1028500042F20040C0F2F400DFE801F002040A0294
:1028600010BD00BF41F60030C0F2B70010BD00BF80
:10287000206821682368490241F60031C0F2B7019F
:1028800000F03F02C3F388105CBF42F20041C0F287
:10289000F401A1FB00010023FDF7FCFC21680222EA
:1028A000C1F3014102EB4101B0FBF1F010BD0000AA
:1028B000002804BF012070472DE9F04182B0044692
:1028C000007843F60006C007C4F202060CD0B068D8
:1028D00000F00C00042840F081803068800303D5AC
:1028E0006068002800F06881207880071BD5B068F8
:1028F00010F00C0F09D0B06800F00C00082840F070
:1029000087807068400200F183803068800703D5BB
:10291000E068012840F050813068216920F0F8001B
:1029200040EAC10030602078000713D420784007C7
:102930002AD4A569002D00F03A81B06800F00C009F
:10294000082840F0A580012D40F00E81012002B042
:10295000BDE8F0816069002800F082800020C4F2A8
:1029600047200121C0F8801EFFF792FA054600BFFC
:10297000706F8007DAD4FFF78BFA401B0228F7D973
:10298000032002B0BDE8F081306C5FEAC0080AD4D1
:1029900000200190306C40F080503064306C00F0CA
:1029A00080500190019847F20007C4F20007386890
:1029B000C00547D4386840F480703860FFF768FA83
:1029C000054600BF3868C0053CD4FFF761FA401BDC
:1029D0000228F7D9032002B0BDE8F081B06800F00A
:1029E0000C00082803D1706840023FF576AF61689B
:1029F0003068B1F5803F07D0B1F5A02F40F09A8044
:102A000040F480203060306840F4803030609AE0DC
:102A1000E068002840F20000C4F247205CD00121A9
:102A20000160FFF735FA0546306880073FF574AF5F
:102A3000FFF72EFA401B0228F6D9032002B0BDE8AA
:102A4000F08100BFA168306F012905D0052955D15B
:102A500040F004003067306F40F00100306756E00E
:102A60000020C4F247200021C0F8801EFFF710FAB2
:102A7000054600BF706F80077FF558AFFFF708FA73
:102A8000401B0228F6D9032002B0BDE8F08100BF48
:102A90000027C4F2472700203866FFF7F9F9022D16
:102AA00005460DD13068800140F18A80FFF7F0F9CA
:102AB000401B02284FF00300F4D902B0BDE8F081BA
:102AC0003068800173D5FFF7E3F9401B02284FF00F
:102AD0000300F5D9F1E700BF00210160FFF7D8F945
:102AE000054600BF306880077FF51DAFFFF7D0F9BE
:102AF000401B02284FF00300F4D9DEE720F001006C
:102B00003067306F002920F0040030677AD0FFF77B
:102B1000BFF9054641F28837306F800700F18480A5
:102B2000FFF7B6F9401BB842F6D9032002B0BDE862
:102B3000F08100BF20F4803030603068002920F43C
:102B4000802030607AD0FFF7A3F905463068800313
:102B50003FF5CAAEFFF79CF9401B6428F6D9032065
:102B600002B0BDE8F08100BF7068E16900F4800246
:102B70008A4221D1216A00F03F028A421CD147F6E5
:102B8000C071626A0140B1EB821F15D1A16A4FF694
:102B9000FF73C903994300F44032A1F580318A42A2
:102BA0000AD1E16A00F07060B0EB016F04D100203F
:102BB00002B0BDE8F08100BF012002B0BDE8F081A5
:102BC00004F11C052FCD084340EA8210D9034FF6CB
:102BD000FF729143A1F5803140EA056008437060BF
:102BE00001203866FFF754F9044600BF30688001C1
:102BF000DDD4FFF74DF9001B02284FF00300F5D993
:102C00005BE700BFFFF744F9054641F2883700BF94
:102C1000306F800708D5FFF73BF9401BB8424FF0F3
:102C20000300F5D949E700BFB8F1000F3FF581AEC9
:102C3000306C20F0805030647BE600BFFFF728F94D
:102C4000054600BF306880037FF54EAEFFF720F9E0
:102C5000401B64284FF00300F4D92EE770B528B16B
:102C6000416A29B100210161142106E0012070BDF3
:102C70004168B1F5827F02D01C210022425000261B
:102C8000866290F8511029B980F85060054600F02E
:102C90003DF82846022180F8511090E82E0002F4F9
:102CA00082720C6803F4044324F040040C601A445C
:102CB00005F4006305691A4405F0020345691A44E6
:102CC00005F001038569C4691A4405F400731A44C8
:102CD00004F03803046A1A4404F08003846A1A4337
:102CE00004F400531A430A60436A042202EA1542BC
:102CF00003F010031A444A60CA6922F40062CA61F0
:102D00000121466580F85110304670BD2DE9F04F25
:102D100087B0044643F200070068C4F201070026AA
:102D2000B8420696CDE904660396029602D007B033
:102D3000BDE8F08F43F630000196C4F2020041690D
:102D400002AD41F480514161416946F2404801F4CD
:102D5000805101910199019601684FF0020941F0FB
:102D60000201016001684FF0030A01F002010191C4
:102D70000199019601684FF0050B41F001010160D6
:102D80000068294600F00100019001981820029087
:102D900007F55440C4F20208CDE90396CDF814A01B
:102DA000CDF818B0FEF79EFF8020CDE9020904A8F7
:102DB00080E8400C07F550402946FEF793FF40F6A7
:102DC0002845C2F200054FF440304FF0C0674FF481
:102DD0008069C5E908062846C5E90087C5E9026695
:102DE000C5E90496C5E90666FEF7EAFD002818BFA6
:102DF000FEF71EF8E564AC6340F6884508F118005C
:102E0000C2F200054021C5E9000705F108000022D3
:102E100080E806024FF40030C5E908022846C5E9FB
:102E20000522EA61FEF7CCFD002818BFFEF700F886
:102E3000A564AC6307B0BDE8F08F00002DE9F04356
:102E400083B01E4615460F460446FFF721F894F856
:102E500051108146012909D1002F4FF0010018BF00
:102E6000002D0FD103B0BDE8F08300BF6068B0F55E
:102E7000827F0DD104294FF00200F3D1A16800290F
:102E8000EAD0EFE7002EEDD094F85000012803D1EE
:102E9000022003B0BDE8F083012084F8500094F8CC
:102EA0005100002104281CBF052084F851006165F1
:102EB000A563E687A6872763E6862068A686216441
:102EC00061640168490603D4016841F04001016072
:102ED0006168731EE268B1FA81F1B3FA83F3DDF839
:102EE000288049095B09B2F5006F41EA030165D109
:102EF00031B137F8021BC1602763E08E0138E086EC
:102F0000012518F1010032D102E000BFFEF7C0FF39
:102F1000E08E18B9E08F002800F0B8802068816842
:102F200089070CD5E18E51B1012D08D1216B002507
:102F300031F8022BC2602163E18E0139E18681689C
:102F4000C907E3D0E18F0029E0D0C068A16B01255B
:102F500021F8020BA163E08F0138E087D6E700BFBC
:102F6000FEF796FFA0EB0900404580F0A580E08EBB
:102F700018B9E08F002800F08980206881688907EF
:102F80000CD5E18E51B1012D08D1216B002531F80E
:102F9000022BC2602163E18E0139E1868168C90795
:102FA000DED0E18F0029DBD0C068A16B012521F8BC
:102FB000020BA163E08F0138E087D1E739B139789E
:102FC0000173206B01302063E08E0138E08601251B
:102FD00018F1010032D101E0FEF75AFFE08E10B97E
:102FE000E08F002852D02068816889070ED5E18ED5
:102FF00061B1012D0AD1216B002509780173216B84
:10300000206801312163E18E0139E1868168C907B9
:10301000E2D0E18F0029DFD0C068A16B01250870E4
:10302000A06B0130A063E08F0138E087D4E700BFD8
:10303000FEF72EFFA0EB090040453DD2E08E08B917
:10304000E08F18B32068816889070ED5E18E61B1E1
:10305000012D0AD1216B002509780173216B2068AD
:1030600001312163E18E0139E1868168C907DFD032
:10307000E18F0029DCD0C068A16B01250870A06B2E
:103080000130A063E08F0138E087D1E720460221BC
:1030900001224346CDF8009004F09AF8B0B1606D7B
:1030A00040F02000606520206065002084F850001A
:1030B000012003B0BDE8F083012084F85100002016
:1030C00084F85000032003B0BDE8F08340F2F00024
:1030D000C2F20000006849F68171C1F25E61A0FB96
:1030E0000101480D4FF47A71484302906068B0F5D1
:1030F000827F0BD12046802100224346CDF80090EC
:1031000004F066F80028CAD121E000BF0298F0B1AF
:1031100002980138029020688168090617D5029943
:10312000A9B1029901390291816809060FD5029966
:1031300069B10299013902918168090607D502999E
:1031400029B102990139029180680006DED4A06895
:1031500038B9002001902068C16801918068019011
:103160000198012084F85100002084F85000606D1F
:10317000002818BF012003B0BDE8F08370470000AD
:103180007047000090F83C20012A04BF02207047DD
:10319000B0B501F108053CCDD1E900CE23F47C5354
:1031A00022F470521A432EF4F0431A432CF4E043F5
:1031B0001A4324F4C0431A432A43C96922F48042C3
:1031C000036811435964002180F83C100020B0BD11
:1031D00090F83C20012A4FF0020254D010B580F83C
:1031E0003D200268D2F804E0D2F808C00C682EF046
:1031F0007003234341F2FF74C4F20004A2425360FF
:103200000EDC40F2FF73C4F200039A4216DCB2F106
:10321000804F2BD040F20043C4F2000324E000BFF3
:1032200040F2FF33C4F201039A4213DC41F600037B
:10323000C4F200039A4219D0002313E040F60003C1
:10324000C4F200039A4211D040F60043C4F20003D6
:103250000AE000BF44F20003C4F201039A4205D021
:1032600040F20043C4F201039A4204D149682CF0B1
:103270008003194391600121002280F83D1080F8FD
:103280003C20BDE81040104670470000002804BFF5
:103290000120704710B5044690F83D0028B9002081
:1032A00084F83C00204600F01FF8022084F83D001E
:1032B0002068211D04F0CEF8012084F8460084F82F
:1032C0003E0084F83F0084F8400084F8410084F810
:1032D000420084F8430084F8440084F8450084F8F0
:1032E0003D00002010BD000080B582B0006842F2B1
:1032F0000001C4F20001884216D044F20041C4F239
:10330000010188420ED10020019043F64000C4F232
:103310000200416841F400314160406800F400302F
:103320000190019802B080BD0020009043F640005B
:10333000C4F202000168002241F48071016000685B
:10334000052100F48070009000982D20FFF742F9CD
:103350002D2002B0BDE88040FFF72AB990F83D105B
:1033600001291CBF01207047022180F83D10006830
:1033700041F2FF72C168C4F20002904241F00101C3
:10338000C1600DDC40F2FF71C4F20001884215DC1F
:10339000B0F1804F2AD040F20041C4F2000123E096
:1033A00040F2FF31C4F20101884213DC41F6000112
:1033B000C4F20001884219D0002113E040F6000158
:1033C000C4F20001884211D040F60041C4F200016D
:1033D0000AE000BF44F20001C4F20101884205D0B6
:1033E00040F20041C4F20101884206D1816801F037
:1033F0000701062904BF00207047016841F0010160
:10340000016000207047000041F20C11C2F200017F
:10341000884218BF704740F2244CC4F2010CDCF81B
:1034200014204DF21F13CFF6FF7340F2A03113FAB0
:1034300082F340F6B630C2F2000183424A8003D8DC
:10344000002200230A7018E092B2A2F28530B0F593
:10345000C77F05D808784A78431C0B7052080CE0E7
:10346000A2F2D170B0F5F97FEAD808784A78431C07
:103470006FF07F000B7040EA5202A3F10800C3B264
:10348000400140EAD300C3B2032B4A7003D804A022
:1034900050F8230002700020CCF80000704700BFF5
:1034A0001C0100201D0100201E0100201F01002022
:1034B00090F83C30012B04BF022070474FEAB20263
:1034C000032A00F28D80F0B5DFE802F002642646A0
:1034D0000368D1E900C5D1F80CE01C6A1A6A41F210
:1034E000FF7722F001021A621A4652F8186FC4F2EE
:1034F0000007BB427ADC40F2FF77C4F20007BB4210
:1035000000F38280B3F1804F00F0968040F20047D4
:10351000C4F200078EE000BF0768D1E900C5D1E919
:1035200002313C6A3A6A61F3071522F480723A620A
:103530003A4652F81C6F26F0F30645EA060124F4D9
:1035400020660CF00A0546EA052611603E62116805
:1035500021F00C01116080E00368D1E900E6D1E9B7
:1035600002C11C6A1A6A360222F480521A621A4692
:1035700052F81C5F4FF2FF07BE4325F4734561F319
:103580000F3624F420440EF00A0746EA050144EA07
:1035900007371CE00368D1E900E6D1E902C11C6AE3
:1035A0001A6A360222F010021A621A4652F8185F9E
:1035B0004FF2FF07BE4325F4734561F30F3624F045
:1035C000A0040EF00A0746EA050144EA0717116055
:1035D0001F6211684FEA0C2321F4406111603CE046
:1035E0000121002280F83C200846704740F2FF3756
:1035F000C4F20107BB4213DC41F60007C4F2000726
:10360000BB4219D0002713E040F60007C4F20007C0
:10361000BB4211D040F60047C4F200070AE000BFE9
:1036200044F20007C4F20107BB4205D040F2004754
:10363000C4F20107BB421BD126F00306354324F038
:103640000A070CF00A066EF3071537449D611F62E6
:103650009F6927F00C079F618B68116819431160FF
:103660000021BDE8F040002280F83C200846704769
:1036700046F00105E3E70000002804BF0120704781
:1036800010B5044690F83D0028B9002084F83C00AD
:10369000204600F01FF8022084F83D002068211D1C
:1036A00003F0D8FE012084F8460084F83E0084F838
:1036B0003F0084F8400084F8410084F8420084F818
:1036C000430084F8440084F8450084F83D0000205D
:1036D00010BD000080B586B040F200410068C4F221
:1036E0000101002288420592CDE903220292019253
:1036F00002D006B080BD00BF43F630000092C4F295
:103700000200436943F002034361436903F002038B
:103710000093009B0092036843F480730360006889
:1037200000F4807000900098402001900220CDE9C4
:1037300002020320059001F58E3001A90492FEF7E4
:10374000D1FA2D2005210022FEF744FF2D20FEF79F
:103750002FFF2E2005210022FEF73CFF2E20FEF732
:1037600027FF06B080BD000031B3042908D0082926
:1037700019BF4FF0450C41234FF0440C402302E0A9
:103780004FF0430C3F23C25C10F80C30012A4FF07D
:10379000010208BF012B63D10222082922D004298B
:1037A00054D180F83F2080F843204FEAB103032B27
:1037B0004FF0010220D953E090F83E2090F84230BB
:1037C000012A4FF0010208BF012B49D1022280F8E3
:1037D0003E2080F842204FEAB103032B4FF0010254
:1037E0000AD93DE080F8402080F844204FEAB10338
:1037F000032B4FF0010233D841F2A45C0068C0F6FD
:10380000010C5CF823C0C36801F01F0143EA0C03FC
:10381000C360036A02FA01F123EA01020262026A4A
:10382000114341F2FF72C4F200029042016219DCBE
:1038300040F2FF71C4F20001884221DCB0F1804FF8
:1038400036D040F20041C4F200012FE080F8412060
:1038500080F845204FEAB103032B4FF00102CBD98A
:103860001046704740F2FF31C4F20101884213DC78
:1038700041F60001C4F20001884219D0002113E092
:1038800040F60001C4F20001884211D040F6004128
:10389000C4F200010AE000BF44F20001C4F20101D9
:1038A000884205D040F20041C4F20101884206D1AD
:1038B000816801F00701062904BF002070470168F4
:1038C00041F00101016000207047000070B504461E
:1038D0000068C5680669B10716D515F0020113D056
:1038E0006FF002010161012121778069800703D017
:1038F0002046FFF789FD05E0204600F0D3F9204679
:1039000000F05AFB00202077700719D515F004004D
:1039100016D020686FF004010161022121778069CF
:1039200010F4407F04D02046FFF76EFD06E000BF94
:10393000204600F0B7F9204600F03EFB002020773B
:10394000300717D515F0080014D020686FF0080173
:10395000016104212177C069800703D02046FFF769
:1039600053FD05E0204600F09DF9204600F024FBC1
:1039700000202077F00619D515F0100016D0206829
:103980006FF01001016108212177C06910F4407FB8
:1039900004D02046FFF738FD06E000BF204600F0C7
:1039A00081F9204600F008FB00202077F00718BFBF
:1039B00015F0010002D1300609D412E020686FF042
:1039C00001010161204600F081FB300609D515F0A8
:1039D000800006D020686FF0800101612046FFF76B
:1039E000CDFB700609D515F0400006D020686FF0B9
:1039F00040010161204600F071FBB00658BF70BD68
:103A000015F0200008D021686FF0200220460A61DE
:103A1000BDE87040FFF7B4BB70BD0000F0B587B0E3
:103A2000006844F20042C4F2010200219042CDE954
:103A30000511CDE90311029138D00021C4F2010132
:103A4000884252D1002543F630000195C4F20200AD
:103A50000168002441F0010101600168C4F2020420
:103A600001F001010191019901950168022641F0DF
:103A7000100101600068012700F01000019001981A
:103A80004FF44060029002A92046CDE903650595F8
:103A90000697FEF727F94FF42060CDE90206CDE93D
:103AA0000455069704F580501CE000BF43F6300033
:103AB0000191C4F20200026842F002020260006852
:103AC00000F00200019001984FF4807002900220F3
:103AD000CDE90301032006900020C4F2020000F5A6
:103AE0008060059102A9FEF7FDF807B0F0BD000067
:103AF00090F83C30012B04BF022070474FEAB2021D
:103B0000032A00F2C980F0B5DFE802F0028A3264CD
:103B1000026840F20045136A166A23F0020326F099
:103B200001061662D2F804E0D2F818C08E6842F49A
:103B30008064C4F20105AC4243EA060305D1CE68B5
:103B400023F00C0326F0040633430E68AC4206D182
:103B5000D1E905472EF44075254345EA070E2CF0C0
:103B600073073743C2F804E097614968516389E0FD
:103B7000026840F20045136A176A23F4007327F4C1
:103B800080771762D2F804E0D2F81CC08E6842F445
:103B90008064C4F20105AC4243EA062307D1CE6833
:103BA00040F2FF47360223F44063BE4333430E68BE
:103BB000AC4206D1D1E905452EF44057254347EAEA
:103BC000051E2CF073073743C2F804E0D76149683B
:103BD000D16357E0026840F20047D2F820E0136A50
:103BE00042F4806623F4805313625368D4690D68ED
:103BF000D1F808C0C4F20107BE4204D14E6923F4D3
:103C0000804343EA861324F4E64646EA05265360D9
:103C1000D66149682EF4005747EA0C33116431E04D
:103C2000026840F20045136A176A23F0200327F068
:103C300010071762D2F804E0D2F818C08E6842F478
:103C40008064C4F20105AC4243EA061307D1CE6892
:103C50006FF0400723F0C00307EA061633430E68EF
:103C6000AC4206D1D1E905452EF44067254347EA29
:103C7000850E2CF4E64747EA0627C2F804E0976170
:103C80004968916300211362BDE8F040002280F88A
:103C90003C200846704700BF0121002280F83C20EC
:103CA0000846704770470000002804BF0120704795
:103CB00010B5044690F83D0028B9002084F83C0077
:103CC000204600F01FF8022084F83D002068211DE6
:103CD00003F0C0FB012084F8460084F83E0084F81D
:103CE0003F0084F8400084F8410084F8420084F8E2
:103CF000430084F8440084F8450084F83D00002027
:103D000010BD00007047000090F83C30012B04BF4C
:103D1000022070474FEAB202032A00F2FF802DE929
:103D2000F043DFE802F003B13F7F00BF036840F2D9
:103D300000461C6A1A6A24F0020422F001021A6288
:103D40001A46D3F804C052F818EF8F6843F4806520
:103D5000C4F20106B54244EA070405D1CF6824F055
:103D60000C0427F004073C430F68B54206D1D1E9A3
:103D700005582CF440762E4346EA080C2EF07306C4
:103D80003743C3F804C09F614F6809695F631C62D1
:103D90009F6947F008079F619F6927F004079F61AB
:103DA000B1E000BF036840F200481C6A1A6A24F4BC
:103DB000007422F480721A621A46D3F804C052F8D2
:103DC0001CEF8F6843F48065C4F20108454544EA5E
:103DD000072408D1CF6840F2FF463F0224F4406434
:103DE00027EA06063443D1F80090454506D1D1E9CB
:103DF00005562CF440572E4347EA061C2EF0730755
:103E000047EA0907C3F804C0DF614F680969DF6347
:103E10001C62DF6947F00807DF61DF6927F00407EC
:103E2000DF6170E0036840F20045D3F820C01A6AF1
:103E300043F4806722F480521A621A465C6852F892
:103E40001C8FD1F800E08E68C4F20105AF4204D1A6
:103E50004D6924F4804444EA85142CF4005747EA61
:103E6000063728F4E64646EA0E265C60DE614E68B8
:103E700009691E641F62DF6947F40067DF61DF695B
:103E800027F48067DF613DE0036840F200481C6A68
:103E90001A6A24F0200422F010021A621A46D3F89B
:103EA00004C052F818EF8F6843F48065C4F201082B
:103EB000454544EA071407D1CF686FF0400624F067
:103EC000C00406EA07163443D1F80090454506D1F0
:103ED000D1E905562CF440672E4347EA860C2EF4B0
:103EE000E64747EA0927C3F804C09F614F6809699C
:103EF0009F631C629F6947F400679F619F6927F475
:103F000080679F6109021368194311600021BDE8B1
:103F1000F043002280F83C2008467047012100222F
:103F200080F83C2008467047002804BF01207047F5
:103F300010B5044690F83D0028B9002084F83C00F4
:103F4000204600F01FF8022084F83D002068211D63
:103F500003F080FA012084F8460084F83E0084F8DB
:103F60003F0084F8400084F8410084F8420084F85F
:103F7000430084F8440084F8450084F83D000020A4
:103F800010BD000000680021C4F20101884218BF82
:103F9000704781B00020009043F64400C4F2020054
:103FA000016841F001010160006800F0010000902B
:103FB000009801B07047000070470000C1B10429AB
:103FC00008D0082914BF41224022825C012A05D072
:103FD00016E000BF3F22825C012A11D1022208298B
:103FE00010D0042914BF80F8412080F83F200BE056
:103FF00090F83E20012A03D1022280F83E2003E0FF
:104000000120704780F84020006801F01F01012264
:10401000036A02FA01F123EA01020262026A114311
:1040200041F2FF72C4F20002904201620CDC40F2E5
:10403000FF71C4F20001884214DCB0F1804F37D028
:1040400040F2004116E000BF40F2FF31C4F201012E
:10405000884215DC41F60001C4F20001884227D0F5
:10406000002115E040F60001C4F2000188421FD093
:1040700040F60041C4F20001884219D01FE000BFA1
:1040800044F20001C4F20101884211D040F2004123
:10409000C4F20101884212D1416C40F2004340F465
:1040A0008062C4F2010341F400419A42416406D1A6
:1040B000816801F00701062904BF002070470168EC
:1040C00041F0010101600020704700000068B0F17C
:1040D000804F18BF7047FEF7C7B900007047000057
:1040E00070B582B090F84250202D0BD113460A468D
:1040F0000146002A4FF0010018BF002B06D102B084
:1041000070BD00BF022002B070BD00BF0863002672
:1041100022204E638A628B854E6481F842000C68CF
:104120000D46C86B47F2C97C47F62911C0F6000C52
:10413000C0F60001C0E90FC147F24D61C0F60001B1
:10414000C0E91316211DFDF7EDFCE8B310206864EB
:104150002020294685F8420001200A6B012A40F000
:10416000B380002200920A6813680093526800929C
:10417000009A00BF0A6852E8032F0B6842F0100251
:1041800043E80326002EBAD00A6852E8032F0B68D2
:1041900042F0100243E80326002EB0D00A6852E82D
:1041A000032F0B6842F0100243E80326002EA6D02E
:1041B0000A6852E8032F0B6842F0100243E8032616
:1041C000002ED7D19BE700BF0196286829460268D8
:1041D0000192406801900198286928B3086850E866
:1041E000030F0A6840F4807042E80303E3B10868F3
:1041F00050E8030F0A6840F4807042E803039BB163
:10420000086850E8030F0A6840F4807042E803032E
:1042100053B1086850E8030F0A6840F4807042E820
:104220000303002BDAD100BF086850E8050F0A68C5
:1042300040F0010042E80503BBB3086850E8050FF1
:104240000A6840F0010042E8050373B3086850E8CB
:10425000050F0A6840F0010042E805032BB3086827
:1042600050E8050F0A6840F0010042E80503002B02
:10427000DAD11AE0086850E8050F0A6840F04000FB
:1042800042E80503DBB1086850E8050F0A6840F012
:10429000400042E8050393B1086850E8050F0A683A
:1042A00040F0400042E805034BB1086850E8050FB4
:1042B0000A6840F0400042E80503002BDAD10020F4
:1042C0000A6B012A3FF44DAF012002B070BD00001F
:1042D00070B541F60044C4F202040068A4F58432CB
:1042E000904218BF70BD40F288150529C2F2000542
:1042F00018D1686840F26D462860287AC2F200063C
:104300003070C8B1012826D002280BD120464FF4C6
:1043100080510022FDF7B6FD20464FF48061012256
:10432000FDF7B0FD41F2E410291DC2F200000522A4
:10433000BDE87040FFF7D4BE20464FF48051002204
:10434000FDF7A0FD20464FF480610022FDF79AFDA5
:1043500030780128D8D120464FF480510122FDF752
:1043600091FD20464FF480610022FDF78BFD3078EF
:104370000228CBD0D6E7000070470000B0B582B06D
:1043800001680A68CC684B6902F02F05202D04F003
:10439000200505D125B102B0BDE8B04003F0D0BA88
:1043A0005FEA027C1EBF03F0010E04F4907313EB6E
:1043B0000E0341D1036BD50618D5012B16D114F08D
:1043C000100313D0002201920A6801924A680192F8
:1043D000019A496949064BD4818DC28DC38D002B4A
:1043E00018BF914240F0068202B0B0BD13062DD531
:1043F00014F080032AD090F84120212AF4D1826859
:10440000B2F5805F03D10269002A00F07982026A66
:10441000531C036212784A60C28C013A1304C284AE
:10442000E2D1C86820F08000C860C86840F0400051
:10443000C86002B0B0BD00BFD30718BF14F48073CA
:1044400040F0E280530700F1E580EAE05206CBD568
:1044500014F04002C8D0CA6822F04002CA6020218D
:1044600080F8411002B0BDE8B04000F0A9BC00BF28
:10447000C26B11684B68858D99B2002900F0B48039
:10448000A94280F0B180C385D169B1F5807F00F089
:10449000A080016851E8031F026821F4807142E89E
:1044A0000313DBB1016851E8031F026821F4807136
:1044B00042E8031393B1016851E8031F026821F435
:1044C000807142E803134BB1016851E8031F026891
:1044D00021F4807142E80313002BDAD1016851E81E
:1044E000051F026821F0010142E80513BBB3016812
:1044F00051E8051F026821F0010142E8051373B37A
:10450000016851E8051F026821F0010142E8051326
:104510002BB3016851E8051F026821F0010142E850
:104520000513002BDAD11AE0016851E8051F026873
:1045300021F0400142E80513DBB1016851E8051F95
:10454000026821F0400142E8051393B1016851E887
:10455000051F026821F0400142E805134BB10168D4
:1045600051E8051F026821F0400142E80513002BC5
:10457000DAD1202180F8421000210163016851E85E
:10458000031F026821F0100142E80313DBB1016848
:1045900051E8031F026821F0100142E8031393B1B0
:1045A000016851E8031F026821F0100142E803137B
:1045B0004BB1016851E8031F026821F0100142E885
:1045C0000313002BDAD1C16B04460846FDF7BCF893
:1045D000204602214163818DC28D891A89B202B0C1
:1045E000BDE8B040FFF774BE8D427FF4FDAED269E6
:1045F000B2F5807F7FF4F8AE0222426302B0BDE8DC
:10460000B040FFF765BE00BF436C43F00103436455
:10461000530706D5BEF1000F03D0436C43F00203ED
:104620004364930706D5BEF1000F03D0436C43F0FB
:1046300004034364BCF1000F06D55EEA050303D012
:10464000436C43F008034364436C002B3FF4CCAE4F
:10465000920605D525B1044603F072F9216820467B
:104660004969426C01F0400102F00802891800F02B
:10467000B98000BF016851E8031F026821F49071FE
:1046800042E80313BBB3016851E8031F026821F439
:10469000907142E8031373B3016851E8031F026885
:1046A00021F4907142E803132BB3016851E8031F12
:1046B000026821F4907142E80313002BDAD11AE06A
:1046C000016851E8051F026821F0010142E8051365
:1046D000DBB1016851E8051F026821F0010142E8E1
:1046E000051393B1016851E8051F026821F001012B
:1046F00042E805134BB1016851E8051F026821F03B
:10470000010142E80513002BDAD1016B012924D104
:10471000016851E8031F026821F0100142E8031309
:10472000DBB1016851E8031F026821F0100142E883
:10473000031393B1016851E8031F026821F01001CF
:1047400042E803134BB1016851E8031F026821F0EE
:10475000100142E80313002BDAD1202180F8421027
:104760000021016301684969490640F1C38001687D
:1047700051E8051F026821F0400142E80513DBB152
:10478000016851E8051F026821F0400142E8051365
:1047900093B1016851E8051F026821F0400142E829
:1047A00005134BB1016851E8051F026821F0400173
:1047B00042E80513002BDAD1C16B002900F09A8082
:1047C00047F24162C0F60002044608460A65FDF75A
:1047D00003F800283FF408AEE06B016D02B0BDE8BD
:1047E000B04008470446FFF7C7FD0020606402B0F0
:1047F000B0BD00BF891A00BF026852E8032F0368EA
:1048000022F4907243E80325BDB3026852E8032FF7
:10481000036822F4907243E8032575B3026852E8F6
:10482000032F036822F4907243E803252DB3026836
:1048300052E8032F036822F4907243E80325002D09
:10484000DAD11AE0026852E8052F036822F001026B
:1048500043E80525DDB1026852E8052F036822F020
:10486000010243E8052595B1026852E8052F036867
:1048700022F0010243E805254DB1026852E8052FF8
:10488000036822F0010243E80525002DDAD1202239
:1048900080F8422000220263026852E8032F036876
:1048A00022F0100243E80325DDB1026852E8032F2D
:1048B000036822F0100243E8032595B1026852E82C
:1048C000032F036822F0100243E803254DB102686C
:1048D00052E8032F036822F0100243E80325002D5D
:1048E000DAD1022289B2426302B0BDE8B040FFF7DC
:1048F000EFBC00BF02B0BDE8B040FFF73DBD00BF58
:10490000026A32F8023B6FF35F234B60026283E579
:10491000002804BF0120704710B5044690F84100FC
:1049200028B9002084F84000204600F021F8242017
:1049300084F841002068C16821F40051C16020461C
:1049400003F07EF82068016921F49041016141691A
:1049500021F02A014161C16841F40051C160002089
:104960002021606484F8411084F84210606310BD17
:104970002DE9F04F87B00446006844F60001C4F208
:10498000000100268842CDE90566CDE9036602965E
:1049900000F0FA8041F20041C4F20101884200F0C7
:1049A000878041F20001C4F20101884240F0408159
:1049B000002743F630000197C4F202004169002548
:1049C00041F0100141614169C4F2020501F010019A
:1049D000019101990197016802AE41F00201016065
:1049E000016846F2280801F002010191019901973E
:1049F00001684FF0020941F00101016000684FF0C9
:104A0000030A00F0010001900198802002904FF00D
:104A1000070B05F580603146C4F20208CDE9039723
:104A2000CDF814A0CDF818B0FDF75CF94FF4007084
:104A3000CDE9020904A880E8800C28463146FDF73C
:104A400051F940F6E84508F58C60C2F200054FF0D8
:104A500000664FF4806985E8C1002846C5E90379FE
:104A6000C5E90577C5E907776F62FCF7A9FF00285C
:104A700018BFFCF7DDF9E563AC6340F6485508F56F
:104A80009260C2F200054021C5E9000605F1080068
:104A900080E882022846C5E90577C5E907776F6295
:104AA000FCF78EFF252600284FF0380769D1B5E0C6
:104AB00043F630000196C4F20200416946F228082C
:104AC00041F0200141614169C4F2020801F0200176
:104AD000019101990196016841F04001016000686F
:104AE00002A900F04000019001984FF48440029028
:104AF0000220CDE90306032005900820069000203F
:104B0000C4F2020000F5C050FDF7ECF840F608656D
:104B100008F58060C2F200054FF02067C5E9000784
:104B20004FF400304FF48069C5E908062846C5E90E
:104B30000266C5E90496C5E90666FCF741FF002850
:104B400018BFFCF775F9E563AC6340F6686508F5D6
:104B50008F60C2F200054021C5E9000705F1080099
:104B600080E842024FF44030C5E908062846C5E90E
:104B70000566EE61FCF724FF472600284FF0380752
:104B80004CD0FCF755F949E043F630000196C4F2E9
:104B90000200016941F480210161016901F4802171
:104BA000019101990196016841F0040101600068DA
:104BB00002A900F00400019001984FF440600290B7
:104BC0000220CDE90306032005900720069000206F
:104BD000C4F2020000F50060FDF784F840F6A85525
:104BE00046F22800C2F20005C4F202004FF0006154
:104BF0004FF4806285E843002846C5E90362C5E9B1
:104C00000566C5E907666E62FCF7DAFE00284FF01C
:104C100027064FF03C0718BFFCF70AF9304605217C
:104C20000022E551AC63FDF7D5FC3046FDF7C0FC32
:104C300007B0BDE8F08F000070B582B090F8425028
:104C4000202D0BD113460A460146002A4FF00100E1
:104C500018BF002B06D102B070BD00BF022002B009
:104C600070BD00BF002622200E638A628B854E64D1
:104C700081F842000C680D46C86B47F2C97C47F6C4
:104C80002911C0F6000CC0F60001C0E90FC147F2BF
:104C90004D61C0F60001C0E91316211DFCF742FF6B
:104CA00040B110206864202085F84200012002B045
:104CB00070BD00BF019628682946026801924068CD
:104CC00001900198286928B3086850E8030F0A6822
:104CD00040F4807042E80303E3B1086850E8030F32
:104CE0000A6840F4807042E803039BB1086850E80A
:104CF000030F0A6840F4807042E8030353B1086868
:104D000050E8030F0A6840F4807042E80303002B68
:104D1000DAD100BF086850E8050F0A6840F00100CA
:104D200042E80503DBB3086850E8050F0A6840F065
:104D3000010042E8050393B3086850E8050F0A68CC
:104D400040F0010042E805034BB3086850E8050F46
:104D50000A6840F0010042E80503002BDAD11EE0AA
:104D6000086850E8050F0A6840F0400042E8050373
:104D7000FBB1086850E8050F0A6840F0400042E8BF
:104D80000503B3B1086850E8050F0A6840F0400019
:104D900042E80503002B4FF000003FF45CAF0868C9
:104DA00050E8050F0A6840F0400042E80503002B78
:104DB000D6D1002002B070BD7047000070470000DF
:104DC00070470000FEE700002DE9F04782B004467E
:104DD00000689A460B9D0A9E0368914643F48062E0
:104DE000026002680F4642F48071016020464FF075
:104DF000011100223346009500F032F950B12068CD
:104E00000068C00544BF4FF400702064032002B066
:104E1000BDE8F08740F202082068C0F2010807F000
:104E2000FE0707612046414632462B4600F0FEF958
:104E300020B1012002B0BDE8F08700BF0020019042
:104E400020682A46416901918069314601900198A4
:104E5000204600F09FFAB0B92068BAF1010F09D0DE
:104E60004FEA19210161204631462A4600F092FAA4
:104E700048B920685FFA89F10161204631462A4627
:104E800000F088FA60B1206C0428D2D12068016853
:104E900041F400710160012002B0BDE8F08700BF5D
:104EA000206800220168334641F480710160204689
:104EB0004FF00111009500F0D3F800289FD147F082
:104EC000010C27682046414632462B46C7F810C0E1
:104ED00002B0BDE8F04700F0A9B900002DE9F043A9
:104EE00083B0044600680F4601680A9D0B9E41F49A
:104EF000807199469046016020464FF001110022D2
:104F00002B46009600F0ACF850B120680068C00550
:104F100044BF4FF400702064032003B0BDE8F08369
:104F2000206807F0FE0101610221C0F20101204664
:104F30002A46334600F07AF920B1012003B0BDE8DB
:104F4000F08300BF00200290206832464169029140
:104F50008069294602900298204600F01BFA58B159
:104F6000206C0428E9D12068016841F400710160D7
:104F7000012003B0BDE8F0832068B9F1010F0AD029
:104F80004FEA1821016120462946324600F002FA14
:104F90000028E5D120685FFA88F10161002003B0A4
:104FA000BDE8F08370B50368044653F8140F40075A
:104FB00011D40E46481C29D086BB00BF1868400596
:104FC00027D4FCF765FF236853F8140F400737D543
:104FD00018684007F2D5002070BD00BF1868400770
:104FE000F9D41868400514D418684007F3D4186839
:104FF00040050ED418684007EDD41868400508D461
:10500000186840074FF0000048BF70BD18684005A1
:10501000E4D56FF480601860042012E0154603E0C8
:1050200053F8140F4007D6D418684005F1D4FCF7A4
:105030002FFF401B2368B042F2D958694007EFD4D4
:10504000202000212022216384F83D2084F83E1096
:10505000226C10432064012084F83C1070BD0000D5
:105060002DE9F041054600681E46144601F47F0212
:1050700001338FB242D0DDF81880B2F5803F40F0A6
:10508000878040693840C01BB0FA80F040098442F4
:1050900040F0C8804EB924E040693840C01BB0FAE7
:1050A00080F04009844240F0BD80FCF7F1FEA0EBA7
:1050B00008012868B142EFD941693940C91BB1FAEA
:1050C00081F149098C42E7D19BE000BF406938403B
:1050D000C01BB0FA80F0400984424FF0000040F05D
:1050E000A280FCF7D5FE286841693940C91BB1FA96
:1050F00081F149098C42E9D183E000BFB2F5803FDC
:1051000024D100BF41693940C91BB1FA81F1490975
:105110008C4240F0878041693940C91BB1FA81F166
:1051200049098C4240F07E8041693940C91BB1FA7F
:1051300081F149098C4275D141693940C91BB1FAE5
:1051400081F149098C42DDD06CE000BF81693940B2
:10515000C91BB1FA81F149098C4263D18169394097
:10516000C91BB1FA81F149098C425BD1816939408F
:10517000C91BB1FA81F149098C4253D18169394087
:10518000C91BB1FA81F149098C42DFD04AE000BF66
:1051900080693840C01BB0FA80F04009844241D198
:1051A00046B923E080693840C01BB0FA80F040095E
:1051B000844237D1FCF76CFEA0EB08012868B142AD
:1051C000F0D981693940C91BB1FA81F149098C4292
:1051D000E8D116E080693840C01BB0FA80F0400981
:1051E00084424FF0000018BFBDE8F081FCF750FE8C
:1051F000286881693940C91BB1FA81F149098C429B
:10520000E8D100202021286385F83D1085F83E0074
:10521000296C41F02001296485F83C000120BDE89B
:10522000F08100BF0020BDE8F0810000F0B581B042
:10523000044600681D4643698FB203EA0701B9427C
:1052400002D1002001B0F0BD4169164601323CD0C8
:10525000490512D47EB300BFFCF71AFE411B20683B
:10526000B14203D941693940B9422BD14169394032
:10527000B942E6D041694905EED5016841F40071B3
:1052800001606FF4806141610420002120222163CC
:1052900084F83D2084F83E10226C1043206484F88A
:1052A0003C10012001B0F0BD41693940B942C8D07D
:1052B00041694905E1D4FCF7EBFD206841693940BB
:1052C000B942F1D02020E0E741694905D5D44169D0
:1052D0003940B942B5D041694905CED44169394018
:1052E000B942AED041694905C7D441693940B94294
:1052F000A7D041694905C0D441693940B942E3D1D9
:105300009FE7000070B504460068154650F8143F4A
:105310005A063DD40E4629B926E000BF50F8141FA6
:10532000490635D40168C90621D4FCF7B1FD411BFB
:105330002068B142F2D941694906EFD4002020210A
:10534000206384F83D1084F83E00206C40F020007B
:1053500018E000BFFCF79CFD206850F8141F4906B8
:10536000ECD50168490613D40168C906F2D56FF07F
:105370001001016000202021206384F83D1084F892
:105380003E00206C2064002084F83C00012070BDA9
:10539000002070BD70B50368044653F8140F000672
:1053A00011D40E46481C29D086BB00BF18684005A2
:1053B00027D4FCF76DFD236853F8140F000637D58A
:1053C00018680006F2D5002070BD00BF18680006FE
:1053D000F9D41868400514D418680006F3D4186886
:1053E00040050ED418680006EDD41868400508D4AE
:1053F000186800064FF0000048BF70BD18684005EF
:10540000E4D56FF480601860042012E0154603E0D4
:1054100053F8140F0006D6D418684005F1D4FCF7F1
:1054200037FD401B2368B042F2D958690006EFD41B
:10543000202000212022216384F83D2084F83E10A2
:10544000226C10432064012084F83C1070BD0000E1
:1054500088B0072006F0DEFEFBF7CEF858B100BF9B
:10546000642006F0D7FEFBF7C7F80028F8D102E069
:10547000642006F0CFFE04F01DFD0028F8D140F2B4
:10548000306BC2F2000B0BF114000BF104010BF1B5
:1054900010020490CDE90221FBF7C6F804F036FBB8
:1054A00041F22C2041F2DC529FED3F0ADFED3F0A32
:1054B000C2F20000C0F60102002100F0D3FF40F26A
:1054C000D45740F20C55C2F20007C2F2000507F1B2
:1054D0003C0405F1680905F1380120464A460AF006
:1054E00031FA95ED0E0A95ED0F1A95ED102A002070
:1054F00087ED000A87ED011A87ED022A85ED030A80
:1055000085ED041A85ED052A06F0C0FE09F070F954
:10551000A86140F69470C2F200001021C161FDF74D
:105520009DFB002818BFFBF783FC40F22006C2F267
:105530000006301D05F12401082201F0AFFD012015
:1055400028714CF63130C3F613304EF23C514DF217
:105550004C520BF13803C3F6A021CBF6FF3207C340
:1055600005F14400079005F14C0040F2F4089FED6E
:10557000EBAA9FEDEBBA9FEDEBCA9FEDEB8A06908D
:1055800005F148009FEDE9DA9FEDE9EA9FEDE19A28
:105590009FEDE1FA05F15C0AC2F20008059005F101
:1055A0001E00019000942FE100A08C4500808945E9
:1055B00041F2873004F030FCDBED050ADBED061A22
:1055C000D6ED062AD6ED073A9BED077AD6ED084AC6
:1055D00061EEA33A60EEA22A72EEA32A67EE243AA5
:1055E0009BED015A9BED026AD6ED0F5A73EEA22A8B
:1055F000D6ED103A9BED034AD6ED114AC5ED172AB8
:1056000066EE232A65EE253A97ED093A73EEA22A53
:1056100064EE243A73EEA22A97ED141A97ED152A38
:1056200033EE223AD8ED002AD8ED013A97ED160A6A
:10563000D8ED024A62EE233A61EE222A72EEA32AE4
:1056400060EE243AD7ED0C4A73EEA22A74EEA22A39
:10565000C5ED1A2AD6ED092AD6ED0A3AD6ED0B4A3F
:1056600061EEA33A60EEA22A72EEA32A67EE244A04
:10567000D6ED123A74EEA22AD6ED134AC5ED182AD9
:1056800066EE242A65EE233A73EEA22AD6ED143A8A
:10569000D8ED035A64EE233AD7ED0A4A73EEA22AF4
:1056A000D8ED043A74EEA22A62EE233A61EE254A5E
:1056B00074EEA33AD8ED054AD7ED0D5A60EE244AB0
:1056C00074EEA33A75EEA33AC5ED1B3AD6ED0D3A4A
:1056D000D6ED0C4A61EEA31AD6ED0E3A60EEA40A9E
:1056E00070EEA10A27EE237A37EE207A85ED197A3B
:1056F00096ED167AD6ED150A26EE076A96ED177A1C
:1057000025EE205A35EE065A24EE074A97ED0B6A2D
:1057100034EE054A98ED075A36EE044A98ED066ACB
:1057200022EE052A98ED085A21EE061A31EE021AE9
:1057300020EE050A97ED0E2A30EE010A32EE000A3D
:1057400085ED1C0A97ED000A95ED031A85ED030A15
:1057500021EE0A1A20EE0B0A30EE010A23EE0C1A93
:1057600031EE000A87ED000A97ED010A95ED041A63
:1057700085ED040A21EE0A1A20EE0B0A30EE010A2A
:1057800022EE8C1A31EE000A87ED010A97ED020A2B
:1057900095ED051A85ED050A21EE0A1A20EE0B0A91
:1057A00030EE010A24EE0C1A31EE000A87ED020AEF
:1057B0002046B0EE480A51463A464B4685ED0E3A31
:1057C000C5ED0F2A85ED104A0AF00AFA0799DDE9BE
:1057D000053220460AF0CAFF95ED110A95ED121A1E
:1057E00095ED132A20EE0D0A21EE0D1A22EE0D2A58
:1057F00080EE0E0A81EE0E1A82EE0E2A85ED140A54
:1058000085ED151A85ED162A01204FF0FF3108F0BD
:10581000C1FB0128F8D12878400720D5287800F06E
:10582000FB01284600F8251B0499FAF7BDFE9BED05
:10583000050A9BED061A9BED072A9BED0E3A9BEDA0
:105840000F4A9BED105A30EE430A31EE441A32EE05
:10585000452A8BED050A8BED061A8BED072A687831
:1058600040070AD568780BF1200200F0FB00687051
:10587000039905F12E00FAF757FEA87840077FF547
:105880009BAEA87800F0FB00A870DDE90101FAF7F3
:10589000B1FFE8799BED040A012821D15446CA469C
:1058A00041F22C29C2F200094846F0EE490A00F004
:1058B00023FD99ED080AB5EE400AF1EE10FA07DA79
:1058C00041F22C20C2F200000021B0EE4F0A01622A
:1058D000BDEEC00AD146A246009C10EE100A69E651
:1058E000B4EE490AF1EE10FA7FF762AEA879013002
:1058F000C1B2C929A871FFF45BAE0120E87141F281
:105900002C2044F20001C2F20000C4F21C5181625A
:105910004EE600BF00003442000000005D896EBF0B
:105920005AF8F63FD5A9183B6F12833A000034436A
:10593000DB0F4940012008F0D1FCFBE780B540F6C1
:10594000D83046F20041C2F20000C4F20001032246
:10595000002380E80E0000F10C014FF4102C4FF4EE
:10596000001E81E8085083618383FBF763FD0028F4
:1059700008BF80BDBDE88040FBF75ABA80B540F64D
:10598000004046F60001C2F20000C4F2000103220A
:10599000002380E80E0000F10C014FF4102C4FF4AE
:1059A000001E81E8085083618383FBF743FD0028D4
:1059B00008BF80BDBDE88040FBF73ABA80B582B031
:1059C000002043F630010190C4F202010A6842F45B
:1059D00080020A600A6802F480020192019A009033
:1059E0000868002240F4001008600868052100F4EF
:1059F0000010009000980C20FCF7ECFD0C20FCF748
:105A0000D7FD392005210022FCF7E4FD3920FCF701
:105A1000CFFD3A2005210022FCF7DCFD3A20FCF7FF
:105A2000C7FD3B2005210022FCF7D4FD3B20FCF7FD
:105A3000BFFD442005210022FCF7CCFD4420FCF7EB
:105A4000B7FD452005210022FCF7C4FD4520FCF7E9
:105A5000AFFD462005210022FCF7BCFD462002B028
:105A6000BDE88040FCF7A4BDF0B5C7B041F240509E
:105A7000C0F6010090E81E50806940AD85E81E50D8
:105A8000469040A8002106F0D3FB40F29417C2F2E2
:105A90000007386041F22450C0F6010090E87E0013
:105AA00080690DF1E40C8CE87E003F9039A800215C
:105AB00006F0BEFB786041F25C50C0F6010090E851
:105AC0004E00D0E9045480690DF1C80C8CE84E00FA
:105AD000389032A80021CDE9365406F0A9FBB86011
:105AE00041F2EC40C0F6010090E84E00D0E90454C9
:105AF00080690DF1AC0C8CE84E0031902BA8002190
:105B0000CDE92F5406F094FBF86041F20850C0F63E
:105B1000010090E84E00D0E9045480690DF1900C2A
:105B20008CE84E002A9024A80021CDE9285406F0E4
:105B30007FFB2E4938612DA0061D1D914ECED0E968
:105B400005500DF1780C8CE84E00CDE922501DA8CF
:105B5000002106F06DFB2C4978612BA0061D1691E3
:105B60004ECED0E905500DF15C0C8CE84E00CDE92D
:105B70001B5016A8002106F05BFB2A49B86129A03A
:105B8000061D0F914ECED0E905500DF1400C8CE86A
:105B90004E00CDE914500FA8002106F049FB28491A
:105BA000F86127A0061D08914ECED0E905500DF1F1
:105BB000240C8CE84E00CDE90D5008A8002106F019
:105BC00037FB2649386225A0061D01914ECED0E94B
:105BD00005500DF1080C8CE84E00CDE9065001A8E7
:105BE000002106F025FB786247B0F0BD021E0108D7
:105BF000919A0008000000000000000080000000F2
:105C00000000000000000000F81D01080DD0000891
:105C10000000000000000000800000000000000004
:105C2000000000003E1E0108598A00080000000024
:105C300000000000800000000000000000000000E4
:105C40000E1E010835590008030000000000000086
:105C5000800000000000000000000000521E01084B
:105C6000FD6100080000000000000000800000004E
:105C700000000000000000002DE9F04F87B0002771
:105C800043F630000697CDE90477CDE90277019716
:105C9000C4F20200016841F6000A41F0020101600D
:105CA0000168C4F2020A01F0020101910199019711
:105CB0000168002241F04001016001684FF4825602
:105CC00001F04001019101990197016841F0010142
:105CD0000160016801F001010191019901970168DA
:105CE00041F008010160016801F00801019101998A
:105CF0000197016841F004010160016801F00401AD
:105D0000019101990197016841F480710160016876
:105D100001F48071019101990197016841F08001BE
:105D20000160016801F0800101910199019701680A
:105D300041F01001016000684FF4825100F0100042
:105D4000019001985046FCF79DF80AF580652846B9
:105D50004FF4E0510022FCF795F8AAF5C0594846E7
:105D6000102101220124FCF78DF8AAF5A050012191
:105D700001220090FCF786F8CDE9026402AE50469D
:105D80003146CDE90477FBF7ADFF4FF4C050CDE9C4
:105D9000020403204FF0020B059028463146CDF84F
:105DA00010B0FBF79FFF082002904FF48818504670
:105DB0003146CDE90387FBF795FF4FF4806002A9D8
:105DC00081E8110828463146CDF814B0FBF78AFF68
:105DD0001020CDE9020448463146CDE9044BFBF7DB
:105DE00081FF3020CDE90208AAF5805031460494A5
:105DF000FBF778FF50463146CDE902480494FBF7A3
:105E000071FF00983146CDE90244CDE9044BFBF720
:105E100069FF062005210022FCF7DCFB0620FCF7C9
:105E2000C7FB092005210022FCF7D4FB0920FCF761
:105E3000BFFB0A2005210022FCF7CCFB0A20FCF75F
:105E4000B7FB172005210022FCF7C4FB1720FCF745
:105E5000AFFB07B0BDE8F08F80B540F6407045F667
:105E60000041C2F20000C4F2000141F6802200238A
:105E70004FF4804CC0F2060280E80E00C0E9033CFB
:105E8000C0E90533C0E90733FCF708F8002808BF6C
:105E900080BDBDE88040FAF7CBBF0000B0B540F64A
:105EA000947043F20001C2F20000C4F201014FF409
:105EB0008272002380E80E0000F10C014FF0020C0A
:105EC0004FF0010E4FF40074382581E808500A2184
:105ED000C0E90645C0E90833C0E90A31FCF7BEFE57
:105EE000002808BFB0BDBDE8B040FAF7A1BF000070
:105EF00080B588B041F2340044F200420021C2F281
:105F00000000C4F201024FF6FF73CDE90611CDE99E
:105F10000411C0E90021C0E9021301618161FDF7AC
:105F2000B5F9002818BFFAF783FF41F23400C2F236
:105F30000000FDF7B9FE002818BFFAF779FF00202E
:105F4000CDE901000390059041F23400C2F2000057
:105F500001A90022FDF7CCFD002818BFFAF768FF61
:105F600041F23400C2F20000FDF758FD08B080BDD8
:105F700080B541F27C0042F20001C2F20000C4F29E
:105F800000010023532240F2E73C80E80E10036139
:105F90008361FDF77BF9002808BF80BDBDE8804024
:105FA000FAF746BF80B592B040F6EC7000220021AF
:105FB000C2F20000C4F20102A72344F61F6C119143
:105FC000CDE90F11CDE90D11CDE90B11CDE9091185
:105FD000CDE90711CDE90511CDE90311CDE9011195
:105FE000C0E90023C0E9021CC0E904118161FDF78A
:105FF0009BFF002818BFFAF71BFF40F6EC70C2F2B7
:10600000000010A9FDF7E4F8002818BFFAF710FF08
:10601000602009900020CDE90A00CDE90C00CDE90F
:106020000E0040F6EC70C2F2000009A90022FDF754
:106030006BFE002818BFFAF7FBFE40F6EC70C2F2C8
:10604000000009A90422FDF75FFE002818BFFAF737
:10605000EFFE40F6EC70C2F2000009A90822FDF73D
:1060600053FE002818BFFAF7E3FE40F6EC70C2F2C8
:10607000000009A90C22FDF747FE002818BFFAF717
:10608000D7FE00200590CDE90300CDE901004FF4D3
:106090000051089040F6EC700691C2F2000001A990
:1060A000FDF770F8002818BFFAF7C2FE40F6EC7052
:1060B000C2F20000FDF7B2FC12B080BD80B586B020
:1060C00041F20C1040F200420021C2F20000C4F282
:1060D0000102A7234FF6FF7CCDE90411CDE902119F
:1060E000CDE90011C0E90023C0E9021CC0E9041198
:1060F0008161FDF7C1FA002818BFFAF799FE41F255
:106100000C10C2F2000004A9FDF762F8002818BFC5
:10611000FAF78EFE02200090012001900020CDE9C8
:10612000020041F20C10C2F2000069460422FDF7A1
:10613000BFF9002818BFFAF77BFE06B080BD00004B
:1061400080B541F2541041F20001C2F20000C4F2E5
:10615000010100234FF00C0C4FF4E13280E80E00F7
:10616000C0E90333C0E905C3C361FEF7D1FB0028D2
:1061700008BF80BDBDE88040FAF75ABE80B541F245
:106180009C1044F60001C2F20000C4F2000148F283
:10619000A06200234FF00C0CC0F2010280E80E0058
:1061A000C0E90333C0E905C3C361FEF7B1FB0028B2
:1061B00008BF80BDBDE88040FAF73ABE80B541F225
:1061C000E41041F20041C2F20000C4F201010023D8
:1061D0004FF00C0C4FF4E13280E80E00C0E90333BD
:1061E000C0E905C3C361FEF793FB002808BF80BD6B
:1061F000BDE88040FAF71CBEFEE7000041F2D4453E
:1062000041F2742641F238379FED378A40F26C44F0
:10621000C2F2000541F2FC3A9FED349A9FED34AA98
:10622000C2F20006C2F20007C2F2000405F15C08E7
:10623000C2F2000A05F114094FF0010B05E000BF9E
:1062400087ED300A012008F049F8306897ED000A20
:106250003061607B20EE080A002887ED040A18BF31
:1062600084F80EB004F0D2F895ED000AD4ED080AD7
:10627000404600F041F8BAF92A00F0EE400A85EDF8
:10628000020A00EE100AB8EEC00A484600F034F8E0
:1062900096ED301A85ED300AB4EE491AF1EE10FA97
:1062A000B0EE490A0ADDB4EE4A1AF1EE10FAB0EE89
:1062B0004A0AA8BF86ED300A02E000BF86ED300A28
:1062C00097ED301AB0EE490AB4EE491AF1EE10FA21
:1062D000B6DDB4EE4A1AF1EE10FAB0EE4A0AA8BFE3
:1062E00087ED300AAEE700BFC11C3D3E00803BC5D4
:1062F00000803B45FEE7000000284FD0017890ED7C
:106300000F1A90ED102A80ED070A30EEC00A00291E
:10631000C0ED060A80ED0F0A80ED101A80ED112AFB
:1063200040D0012940F0948090ED015A90ED026A2E
:1063300030EE414A31EE011A90ED037A24EE054A1F
:1063400020EE065A30EE410A32EE000AD0E90C2166
:1063500080ED0C0A20EE070A34EE051A90ED082AAB
:1063600090ED043A80ED0B0A31EE000A32EE000A9D
:10637000B4EE430AF1EE10FA80ED094A80ED0A5AB4
:10638000C0E90D2180ED080AC2BF80ED083AB0EEE9
:10639000430A7047B1EE431A4FE000BF9FED2E0A4B
:1063A000704700BF90ED024A90ED012A90ED0A6A15
:1063B00024EE004A20EE022A34EE064A90ED0C6AE2
:1063C00030EE410A9FED251A416B80ED0D6A26EEF5
:1063D000011A9FED236A90ED053A90ED035A20EEE5
:1063E000060A30EE010AB4EE434A80ED0C0A20EEB4
:1063F000050AF1EE10FA80ED092A80ED0A4A816360
:1064000080ED0B0A06DCB1EE433AB4EE434AF1EEFE
:1064100010FA03DAB0EE434A80ED0A3A32EE042A6B
:1064200090ED041A30EE020AB4EE410AF1EE10FAD1
:1064300080ED080A07DCB1EE411AB4EE410AF1EE34
:1064400010FAA8BF7047B0EE410A80ED081A7047F5
:1064500090ED080A704700BF0000000052B87E3F70
:106460000AD7A33B002818BF002A01D1704700BFFC
:1064700080B5136801704360536828218360926877
:1064800080ED040AC260C0ED050A2030F9F799FFDB
:1064900080BD0000000000000000000000000000BF
:1064A000EFF30980BFF36F8F154B1A681EF0100FC2
:1064B00008BF20ED108A20E9F04F10602DE9090097
:1064C0004FF0500080F31188BFF34F8FBFF36F8FF1
:1064D00008F026F84FF0000080F31188BDE80900AD
:1064E00019680868B0E8F04F1EF0100F08BFB0EC54
:1064F000108A80F30988BFF36F8F704700BF00BF19
:10650000BC0100202DE9F04F81B040F62843C2F2D3
:106510000003D3F800C08946DCF8003023F0010303
:10652000CCF8003040F68843C2F200031B681F68B5
:1065300027F001071F60DCF8007007E0DCF800704E
:1065400027F00107CCF80070DCF80070FF071FBFD0
:10655000DCF8007027F00107CCF80070DCF8007060
:1065600018BF5FEAC77715D0DCF8007027F0010785
:10657000CCF80070DCF80070FF071FBFDCF800707B
:1065800027F00107CCF80070DCF8007018BF5FEA54
:10659000C777D3D11F68FF071FBF1F6827F0010708
:1065A0001F601F6818BF5FEAC77715D01F6827F004
:1065B00001071F601F68FF071FBF1F6827F0010743
:1065C0001F601F6818BF5FEAC77705D01F6827F0F4
:1065D00001071F60DEE700BF40F6947BC2F2000BAC
:1065E000DBF84C5046F20C44C4F202042E6846F22A
:1065F000080E04F14C0846F28841C4F2020E4645EA
:10660000C4F2020114D98E4200F0A28046F2704515
:10661000C4F20205AE4240F0D3802025256010254B
:106620002560082525600425256001259DE000BF23
:106630000EF1B005AE42009064D946F2104A4F46C2
:10664000C4F2020A46F228495645C4F2020900F093
:10665000BD824E4500F01E8146F24045C4F202055F
:10666000AE420CBF4FF400154FF000655645CEF812
:10667000005400F016814E4500F01A8146F2404564
:10668000C4F20205AE420CBF4FF480154FF0806596
:106690005645CEF8005400F012814E4500F01681A8
:1066A00046F24045C4F20205AE420CBF4FF400254D
:1066B0004FF000755645CEF8005400F00E814E455F
:1066C00000F0128146F24045C4F20205AE420CBF12
:1066D0004FF480254FF080755645CEF8005400F0F9
:1066E0000A8100984E4500F0098146F24045C4F207
:1066F0000205AE42B9460CBF4FF480354FF4800519
:10670000FEE000BF0EF1500A46F2100746F270009C
:106710005645C4F20207C4F2020040F2A1800546C9
:1067200008463946AE4200F00B8346F28805C4F2B3
:1067300002054F46AE4200F0598246F2A005C4F26F
:106740000205AE420CBF4FF400194FF00069FAE2A7
:106750004FF4006525604FF4806525604FF40075A7
:1067600025604FF48075256040252560DBF8485092
:106770002D68454540F2CC808D4211D046F27041E3
:10678000C4F202018D4245D12021216010212160F7
:1067900008212160042121600121216000F06BBCEF
:1067A0004FF4006121604FF4806121604FF400716B
:1067B00021604FF4807121604021216000F05BBCBA
:1067C00004F194054FF00067AE4208BF4FF4001784
:1067D00027604FF0806708BF4FF4801727604FF0A5
:1067E0000077AE4208BF4FF4002727604FF0807754
:1067F00008BF4FF4802727604FF48007AE4208BFE0
:106800004FF480372760DBF848502D684545B3D8F2
:106810007EE000BF04F194014FF000678D4208BF95
:106820004FF4001727604FF0806708BF4FF48017C0
:1068300027604FF000778D4208BF4FF40027276094
:106840004FF0807708BF4FF4802727604FF4800710
:106850008D4208BF4FF48037276000F00CBC00BFAA
:10686000BE4200F0F38246F22805C4F20205AE42B1
:1068700000F0C08146F24005C4F20205AE420CBFF2
:106880004FF400154FF00065CEF80050564540F229
:10689000B88164E24FF400655645CEF800547FF4A9
:1068A000EAAE10255645CEF800547FF4F6AE06E069
:1068B0004FF480655645CEF800547FF4EEAE0825BF
:1068C0005645CEF800547FF4FAAE06E04FF400755A
:1068D0005645CEF800547FF4F2AE04255645CEF866
:1068E00000547FF4FEAE06E04FF480755645CEF8B6
:1068F00000547FF4F6AE0125009800E04025B9462B
:10690000CEF80054DBF848502D6845453FF634AFCB
:106910000EF1B0018D4273D946F21044C4F2020464
:10692000A54200F05B8146F22841C4F202018D428B
:1069300000F0128146F24041C4F202018D420CBFC8
:106940004FF400164FF00066A542CEF8006400F048
:106950000A8146F22841C4F202018D4200F00A8108
:1069600046F24041C4F202018D420CBF4FF4801642
:106970004FF08066A542CEF8006400F0028146F236
:106980002841C4F202018D4200F0028146F24041EA
:10699000C4F202018D420CBF4FF400264FF0007686
:1069A000A542CEF8006400F0FA8046F22841C4F215
:1069B00002018D4200F0FA8046F24041C4F2020129
:1069C0008D420CBF4FF480264FF08076A542CEF862
:1069D000006400F0F28046F22841C4F202018D42C8
:1069E00000F0F08046F24041C4F202018D420CBF3B
:1069F0004FF480344FF48004CEF800443BE300BFF2
:106A00000EF15004A54240F28D8046F27001C4F2AE
:106A100002018D4200F0228246F28801C4F2020196
:106A20008D4200F04D8146F2A001C4F202018D4278
:106A30000CBF4FF400164FF00066CEF80460A5427C
:106A400000F22E8246F21001C4F202018D4200F0E3
:106A50000B8246F22801C4F202018D4200F0388117
:106A600046F24001C4F202018D420CBF4FF4801681
:106A70004FF08066CEF80060A54200F22D8246F20B
:106A80001001C4F202018D4200F0F48146F22801A7
:106A9000C4F202018D4200F0238146F24001C4F2AB
:106AA00002018D420CBF4FF400264FF00076CEF865
:106AB0000060A54200F22C8246F21001C4F20201ED
:106AC0008D4200F0DD8146F22801C4F202018D42C0
:106AD00000F00E8146F24001C4F202018D420CBF6B
:106AE0004FF480264FF08076CEF80060A54200F289
:106AF0002B8246F21001C4F202018D4200F0C681E1
:106B000046F22801C4F202018D4200F0F98046F2FB
:106B10004001C4F202018D420CBF4FF480344FF4A7
:106B20008004B4E146F21001C4F202018D4200F08B
:106B3000B18146F22801C4F202018D4200F0E280E8
:106B400046F24001C4F202018D420CBF4FF4001620
:106B50004FF000669FE100BF4FF40066A542CEF8FB
:106B600000647FF4F6AE1026A542CEF800647FF4F0
:106B700006AF06E04FF48066A542CEF800647FF4CD
:106B8000FEAE0826A542CEF800647FF40EAF06E004
:106B90004FF40076A542CEF800647FF406AF0426D9
:106BA000A542CEF800647FF416AF06E04FF480767D
:106BB000A542CEF800647FF40EAF0124CEF8004465
:106BC00059E200BF4024CEF8004454E22025564547
:106BD000CEF800547FF44FAD63E600BF2026A542F7
:106BE000CEF800647FF4B5AEBDE700BF4FF4006996
:106BF000A9E000BF4FF40065CEF80050564500F202
:106C0000AE80BE4200F0D68146F22805C4F20205ED
:106C1000AE4200F07B8046F24005C4F20205AE426F
:106C20000CBF4FF480154FF08065CEF800505645EC
:106C300000F2AD80BE4200F0C58146F22805C4F2E4
:106C40000205AE426AD046F24005C4F20205AE42E9
:106C50000CBF4FF400254FF00075CEF8005056459C
:106C600000F2AD80BE4200F0B58146F22805C4F2C4
:106C70000205AE425AD046F24005C4F20205AE42C9
:106C80000CBF4FF480254FF08075CEF8005056456C
:106C900000F2AD800098BE4200F0A48146F22805C3
:106CA000C4F20205AE4249D046F24005C4F20205E4
:106CB000AE420CBF4FF480354FF4800593E100BF26
:106CC0004FF40066CEF80460A5427FF6BBAEE7E065
:106CD0004FF48066CEF80060A5427FF6D0AEFBE0B0
:106CE0004FF40076CEF80060A5427FF6E5AE0FE1E6
:106CF0004FF48076CEF80060A5427FF6FAAE23E12D
:106D00004024C4E04FF40066C5E000BF4FF4806546
:106D1000CEF8005056457FF68DAF38E04FF4007541
:106D2000CEF8005056459DD949E000BF4FF480751C
:106D3000CEF800505645ADD959E000BF402552E18C
:106D40004F464FF02009CEF80490B9460F46014651
:106D500046F27000C4F2020056457FF652AF8642FA
:106D600000F04C8146F28805C4F20205AE4253D0D1
:106D700046F2A005C4F20205AE420CBF4FF48015E6
:106D80004FF08065CEF8045056457FF653AF8642EB
:106D900000F03C8146F28805C4F20205AE4243D0C1
:106DA00046F2A005C4F20205AE420CBF4FF4002526
:106DB0004FF00075CEF8045056457FF653AF86422B
:106DC00000F02C8146F28805C4F20205AE4233D0B1
:106DD00046F2A005C4F20205AE420CBF4FF4802576
:106DE0004FF08075CEF8045056457FF653AF86427B
:106DF000009800F01B8146F28805C4F20205AE42FD
:106E000022D046F2A005C4F20205AE420CBF4FF4F8
:106E100080354FF480050AE14FF48065CEF80450C8
:106E200056457FF607AFB2E74FF40075CEF8045031
:106E300056457FF617AFC2E74FF48075CEF8045081
:106E400056457FF627AFD2E74025F0E02025CEF863
:106E5000005056457FF6D5AE81E700BF2026CEF81C
:106E60000460A5421CD8EDE51026CEF80060A542CE
:106E700032D804E60826CEF80060A54248D81BE6C2
:106E80000426CEF80060A5425ED832E60124CEF892
:106E90000040F0E02026CEF80060A5427FF6D2AD9B
:106EA00046F27001C4F202018D4200F0C98046F240
:106EB0008801C4F202018D4260D046F2A001C4F202
:106EC00002018D420CBF4FF480164FF08066CEF861
:106ED0000460A5427FF6D3AD46F27001C4F2020110
:106EE0008D4200F0B58046F28801C4F202018D4265
:106EF0004CD046F2A001C4F202018D420CBF4FF407
:106F000000264FF00076CEF80460A5427FF6D4AD9F
:106F100046F27001C4F202018D4200F0A18046F2F7
:106F20008801C4F202018D4238D046F2A001C4F2B9
:106F300002018D420CBF4FF480264FF08076CEF8D0
:106F40000460A5427FF6D5AD46F27001C4F202019D
:106F50008D4200F08D8046F28801C4F202018D421C
:106F600024D046F2A001C4F202018D420CBF4FF4BE
:106F700080344FF48004CEF804407CE04FF4806607
:106F8000CEF80460A5427FF67AADA5E74FF400760F
:106F9000CEF80460A5427FF68FADB9E74FF4807656
:106FA000CEF80460A5427FF6A4ADCDE74024CEF82C
:106FB000044060E01025CEF8005056453FF6E7AE9D
:106FC00038E600BF0825CEF8005056453FF6F7AE2C
:106FD00048E600BF0425CEF8005056453FF607AFFF
:106FE00058E600BF0125CEF80050DBF848502D6868
:106FF00045457FF68DACFFF7BFBB00BF1025CEF82F
:10700000045056457FF616AEC1E600BF0825CEF8FF
:10701000045056457FF626AED1E600BF0425CEF8D3
:10702000045056457FF636AEE1E600BF0125CEF8A6
:107030000450DBF848502D6845453FF69DAB67E4AA
:107040001026CEF80460A5427FF619AD44E700BFD4
:107050000826CEF80460A5427FF62EAD58E700BFA3
:107060000426CEF80460A5427FF643AD6CE700BF6E
:107070000124CEF80440CCF80C90D860CCF8042061
:107080005A60DCF8000040F00100CCF800001868FD
:1070900040F00100186001B0BDE8F08FF0B540F697
:1070A0009473C2F200031B685E6846F002065E60DD
:1070B0005E6846F001065E601E6846F040061E608F
:1070C00040F62843C2F200031B681E6826F0010642
:1070D0001E601E68F60716D01E6826F001061E60A8
:1070E0001E68F6071FBF1E6826F001061E601E6898
:1070F00018BF5FEAC67606D01E6826F001061E603D
:107100001E68F607E1D146F20C4EC4F2020E46F2BA
:10711000080C0EF14C04C4F2020CA34276460DD8C2
:107120000CF1B005AB4203D90CF5806606E000BF58
:107130000CF150056646AB4288BF043643F20C059D
:10714000C4F201054FF4001737609D60D9605A60A2
:10715000196841F01001196040F68841C2F200013F
:1071600009680B6823F001030B600B68DB0716D07E
:107170000B6823F001030B600B68DB071FBF0B6874
:1071800023F001030B600B6818BF5FEAC37306D0DE
:107190000B6823F001030B600B68DB07E1D1A14210
:1071A0000DD80CF1B003994202D90CF5806E06E0BF
:1071B0000CF15003994288BF0CF1040CE6464FF0E5
:1071C0000063CEF800308D60C8604A60F0BD0000FA
:1071D0002DE9F04381B0089C984615460E4681463D
:1071E000FAF756FE201A00EB0804FAF751FE40F2B7
:1071F000F001C2F200010968C1F3CB316143009193
:10720000D9F800108A683240921BB2FA82F2520911
:10721000954203D1002001B0BDE8F083074618F184
:1072200001000ED130E000BF009801380090D9F87D
:10723000000080683040801BB0FA80F04009854231
:10724000E8D0FAF725FEC01BA04227D200980028FC
:10725000EAD10024EBE700BF88683040801BB0FA19
:1072600080F040098542D5D088683040801BB0FA54
:1072700080F040098542CDD088683040801BB0FA4C
:1072800080F040098542C5D088683040801BB0FA44
:1072900080F040098542DFD1BCE700BFD9E9000199
:1072A0004268B1F5827F22F0E00242600BD1D9F84A
:1072B0000810B1F5004F02D0B1F5806F03D101681D
:1072C00021F040010160D9F82810B1F5005F07D125
:1072D000016821F400510160016841F4005101602E
:1072E000012089F85100002089F85000032001B0E6
:1072F000BDE8F08300000000000000000000000076
:10730000074B19680868B0E8F04F80F30988BFF3AD
:107310006F8F4FF0000080F31188704700BF00BFEF
:10732000BC010020012004F075FFFBE780B54FF0A1
:10733000500080F31188BFF36F8FBFF34F8F08F0B9
:10734000FBF930B14EF60450CEF200004FF0805100
:107350000160002080F3118880BD000070B592B0FC
:1073600006AC20463021F9F72CF8002543F6400002
:107370000595CDE90355CDE901550095C4F202000C
:107380000168022641F080510160006800F08050E1
:107390000090009847F200000095C4F200000168D8
:1073A00041F480410160006800F480400090009842
:1073B000012006904FF4803007904FF480000D902C
:1073C00006200E90A820CDE90F060420119020463B
:1073D0000C96FBF76DFA18B172B600BFFEE700BF5E
:1073E0000F20CDE901064FF4A05004904FF48050D7
:1073F000059001A805210395FBF728F910B172B695
:10740000FEE700BF12B070BD4EF68850CEF200000D
:10741000016841F4700101607047000041F2C4004E
:10742000C2F20000FCF752BA41F20C10C2F20000A6
:10743000FCF74CBA80B541F20C10C2F20000FCF728
:1074400045FA41F27C00C2F20000BDE88040FCF742
:107450003DBA0000B0B540F6FF3E0568C4F2000E2C
:1074600040F2004C7045C4F2010C25DCB0F1804FB5
:107470002FD040F20043C4F20003984229D040F6D6
:107480000003C4F20003984223D041F6FF73C4F214
:107490000003984228DC70453ADCB0F1804F5BD0A5
:1074A00040F20043C4F20003984255D040F6000376
:1074B000C4F200034EE000BF40F60043C4F20003F4
:1074C000984206D0604504D00023C4F201039842DC
:1074D000DBD14B6825F0700243EA020541F6FF73E9
:1074E000C4F200039842D6DD43F6FF73C4F20103F1
:1074F00098421FDC42F20003C4F2000398422BD0F2
:107500000023C4F20103984226D0604524D028E02D
:1075100040F60043C4F2000398421DD041F6000338
:10752000C4F20003984217D041F60043C4F20003AE
:1075300010E000BF44F20003C4F2010398420BD0F4
:1075400044F60003C4F20103984205D044F200431C
:10755000C4F20103984204D1CB6825F4407243EA97
:1075600002050A688C684B69C46240F480648262D8
:10757000644504BF09690163026825F0800142F097
:10758000040219430260012242610160B0BD0000A3
:1075900082B040F2A63540F2284640F6D83841F293
:1075A000D44941F2742A41F2383BC2F20005C2F2DA
:1075B0000006C2F20008C2F20009C2F2000AC2F2DA
:1075C000000B02E0012006F089FE28780328F9D09C
:1075D00096ED000A96ED011A96ED022ABDEEC00A5C
:1075E00096ED033A10EE102ABDEEC10A10EE103AE5
:1075F000BDEEC20A10EE104ABDEEC30A10EE107ABC
:1076000040464FF40071CDE90047F9F71FF901201A
:1076100006F064FE99ED300A9AED301ABDEEC00A0C
:1076200010EE100ABDEEC10A9BED301A10EE101AD2
:10763000BDEEC10A10EE102A0023F9F731F9C1E7B7
:10764000806B0021C185FCF797BE0000806B01684C
:107650004A6990F84130212B2DD112F080022AD0B6
:107660000021C184016851E8031F026821F0C001B4
:1076700042E80313DBB1016851E8031F026821F0FF
:10768000C00142E8031393B1016851E8031F026887
:1076900021F0C00142E803134BB1016851E8031F18
:1076A000026821F0C00142E80313002BDAD1202147
:1076B00080F841100168496990F84220222A40F080
:1076C0007D8011F0400179D00021C185016851E829
:1076D000031F026821F4907142E80313BBB30168F1
:1076E00051E8031F026821F4907142E8031373B359
:1076F000016851E8031F026821F4907142E8031306
:107700002BB3016851E8031F026821F4907142E82D
:107710000313002BDAD11AE0016851E8051F026853
:1077200021F0010142E80513DBB1016851E8051FB2
:10773000026821F0010142E8051393B1016851E8A4
:10774000051F026821F0010142E805134BB10168F1
:1077500051E8051F026821F0010142E80513002BE2
:10776000DAD1016B012924D1016851E8031F0268B5
:1077700021F0100142E80313DBB1016851E8031F57
:10778000026821F0100142E8031393B1016851E847
:10779000031F026821F0100142E803134BB1016896
:1077A00051E8031F026821F0100142E80313002B87
:1077B000DAD1202180F8421000210163416C41F0B0
:1077C00010014164FCF7D8BD0168806B0968C905E8
:1077D00000F19F800021C185016851E8031F026804
:1077E00021F4807142E80313E3B1016851E8031FFB
:1077F000026821F4807142E803139BB1016851E8EB
:10780000031F026821F4807142E8031353B1016839
:1078100051E8031F026821F4807142E80313002B32
:10782000DAD100BF016851E8051F026821F00101AB
:1078300042E80513BBB3016851E8051F026821F057
:10784000010142E8051373B3016851E8051F02689E
:1078500021F0010142E805132BB3016851E8051F2F
:10786000026821F0010142E80513002BDAD11AE089
:10787000016851E8051F026821F0400142E8051344
:10788000DBB1016851E8051F026821F0400142E8C0
:10789000051393B1016851E8051F026821F040010A
:1078A00042E805134BB1016851E8051F026821F059
:1078B000400142E80513002BDAD1202180F8421064
:1078C000016B012925D100BF016851E8031F02683F
:1078D00021F0100142E80313DBB1016851E8031FF6
:1078E000026821F0100142E8031393B1016851E8E6
:1078F000031F026821F0100142E803134BB1016835
:1079000051E8031F026821F0100142E80313002B25
:10791000DAD100214163016B012918BFFDF74CBA90
:10792000818DFCF7D5BC0000806B01214163016BA8
:10793000012918BFFDF742BA818D4908FCF7C8BC80
:1079400081B090F84210222921D183680246B3F514
:10795000805F09D152F8281F52F8183C002B63D0E1
:1079600003685B680AE000BF52F8281F13B9036977
:10797000002BF5D003685B6803F07F030B70116880
:1079800001311160C18D01390A04C18502D001B0F5
:10799000704700BF0168CA6822F02002CA60CA6846
:1079A00022F48072CA604A6922F001024A612021F1
:1079B00080F8421000214163026B012A3CD101632F
:1079C000016851E8031F026821F0100142E8031327
:1079D000DBB1016851E8031F026821F0100142E8A1
:1079E000031393B1016851E8031F026821F01001ED
:1079F00042E803134BB1016851E8031F026821F00C
:107A0000100142E80313002BDAD101680A68D2069C
:107A100006D5002200920A680092496800910099F8
:107A2000818D01B0FCF754BC026852686FF35F228D
:107A300021F8022B8162A5E701B0FDF7BDB9000076
:107A4000B0B50446006804F108030ECB056919437C
:107A500025F440552A4302616269E3691143C26813
:107A6000194349F20C639A431143C1604169A26909
:107A700021F4407141F20043114340F48062C4F2AA
:107A800001039A42416103D1FAF7C6FE02E000BF4A
:107A9000FAF7AEFEE1694FF69C7563681922C0F6ED
:107AA000FF75B1F5004FA0FB02011FD15A00DB0F9B
:107AB000F8F7F0FB48F21F51C5F2EB11A0FB0123D0
:107AC0005A0905F1805302FB0300322303EBC00087
:107AD000A0FB01014FF4F87000EA111000EB021056
:107AE000C1F34211084421688860B0BD9A009B0F21
:107AF000F8F7D0FB48F21F51C5F2EB11A0FB0123B0
:107B00005A0902FB0500322303EB0010A0FB010120
:107B1000F02000EA511000EB0210C1F343110844B9
:107B200021688860B0BD000041F25410C2F200002C
:107B3000FCF724BCB0B582B041F25414C2F2000488
:107B4000206841F20001C4F20101884202D002B073
:107B5000B0BD00BF40F27C61C2F200010A88A52AD4
:107B600022D1C88940F20833C2F200039881D1F8CB
:107B70000200D1F80620D1F80A5083E82500D1F898
:107B80001600D1F81240D1F81A50CA8B586141F250
:107B900054101C619A83C2F2000011229D6102B050
:107BA000BDE8B040FDF748B800210191016840F2FE
:107BB0007C6501914068C2F2000501900198E06B7C
:107BC0000068016821F00101016040F6E840C2F25E
:107BD000000000681121416028464FF40071F8F759
:107BE000F0FB204629461122FDF726F8E06B0068DD
:107BF000016841F00101016002B0B0BD80B500F044
:107C000009F841F29C10C2F20000BDE88040FCF788
:107C1000B5BB00002DE9F04382B041F29C10C2F2E6
:107C200000000068016889066ED444F60001C4F2C1
:107C300000010968C9066ED500210091016824235E
:107C4000009140680090009840F6A850C2F20000F1
:107C5000006801680268090322F0010202604268BC
:107C6000436091B25AD40268122942F400220260A1
:107C7000026842F0010202604DD140F25C21C2F282
:107C80000001887DCF7DCE7D0C7E91F818804D7EE1
:107C900091F81A9091F81AE091F81BC0CB7EF60883
:107CA000C3F301138B72CB7E64F34A169B09CB722C
:107CB0000B7F4A7F67F30A2043EA02228A818A7F88
:107CC000CB7F4FEA5E0742EA0322CA8191F8202067
:107CD00091F8213042EA03220A8291F82220AB0077
:107CE0008A7491F8232043EA9813CA7491F82420E7
:107CF00091F8254069F38A2342EA04228A8291F8A6
:107D0000262091F8275068E0002101910168019137
:107D100040680190019802B0BDE8F08346F2280265
:107D2000C4F202021368122923F4002313600268CC
:107D300042F001020260EED140F25C21C2F2000189
:107D400091F83A0091F83B7091F83B6091F83C4013
:107D500091F83C8091F83D5091F83E9091F83EE0CA
:107D600091F83FC091F83F30F608C3F301138B72CE
:107D700091F83F3064F34A169B09CB7291F840307A
:107D800091F8412067F30A2043EA02228A8191F8A0
:107D9000422091F843304FEA5E0742EA0322CA814B
:107DA00091F8442091F8453042EA03220A8291F882
:107DB0004620AB008A7491F8472043EA9813CA74AE
:107DC00091F8482091F8494069F38A2342EA042255
:107DD0008A8291F84A2091F84B50A0F58060088083
:107DE000A6F580606CF3CA1742EA05224880A3F525
:107DF00080608880A7F58060A2F58062C88000203E
:107E00000A8102B0BDE8F04301F00CBE41F2E4107B
:107E1000C2F20000FCF7B2BAFEE700009FED211AA3
:107E20009FED212A20EE010AB5EE001A30EE010A7C
:107E3000BDEEC01A11EE100AB5EE400AF1EE10FACE
:107E4000B8BF013801EE100AB8EEC11A30EE410A8F
:107E500020EE020ABDEEC01A9FED142A11EE100AA0
:107E6000410A30EE021A41F2F4511CBF0020B0EE7C
:107E7000410AC0F6010101EE100A01EB8001B8EEE3
:107E8000411A30EE410A91ED001A91ED012AB7EE48
:107E9000003A33EE403A20EE020A23EE011A31EEA8
:107EA000000A704783F9223E00000044000000C42D
:107EB0009FED1F1A9FED1F2A20EE010ABDEEC01A8A
:107EC00011EE100AB5EE400AF1EE10FAB8BF013813
:107ED00001EE100AB8EEC11A30EE410A20EE020A95
:107EE000BDEEC01A9FED142A11EE100A410A30EEC1
:107EF000021A41F2F4511CBF0020B0EE410AC0F654
:107F0000010101EE100A01EB8001B8EE411A30EEDA
:107F1000410A91ED001A91ED012AB7EE003A33EED5
:107F2000403A20EE020A23EE011A31EE000A7047B1
:107F300083F9223E00000044000000C410B582B066
:107F400000208DF80700F8F7D5FA8020F8F73AFC02
:107F50005520F8F737FC5520F8F734FC8DF807006A
:107F6000F8F7C0FA9620F8F71DFBF8F7C3FA80205F
:107F7000F8F728FC5520F8F725FC5520F8F722FCE7
:107F80008DF80700F8F7AEFA9620F8F70BFBF8F734
:107F9000B1FA7E20F8F716FCB620F8F713FCF8F7D4
:107FA000A1FA5020F8F7FCFAF8F7A4FA8020F8F7C5
:107FB00009FC5520F8F706FC5520F8F703FC8DF86E
:107FC0000700F8F78FFA9620F8F7ECFAF8F792FA2C
:107FD0008020F8F7F7FB5520F8F7F4FB5520F8F769
:107FE000F1FB8DF80700F8F77DFA9620F8F7DAFA3A
:107FF0009DF807001E284DD1F8F77CFA7D20F8F790
:10800000E1FB0420F8F7DEFBF8F76CFA9620F8F7AE
:10801000C9FAF8F76FFAFD20F8F7D4FB5520F8F706
:10802000D1FB5520F8F7CEFB8DF80700F8F75AFA88
:108030009620F8F7B7FA9DF8070041F66A6404281D
:10804000C0F6010422D1F8F755FA7C20F8F7BAFB04
:108050000020F8F7B7FBF8F745FA9620F8F7A2FAF0
:10806000F8F748FAFC20F8F7ADFB5520F8F7AAFB23
:108070005520F8F7A7FB8DF80700F8F733FA96209C
:10808000F8F790FA9DF8070040B10334A07802B0E9
:1080900010BD00BFFF2002B010BD00BFF8F72AFAE4
:1080A0004020F8F78FFBAB20F8F78CFBF8F71AFAB3
:1080B0009620F8F777FAF8F71DFAC020F8F782FB58
:1080C0005520F8F77FFB5520F8F77CFB8DF807006B
:1080D000F8F708FA9620F8F765FA9DF80700AB283C
:1080E00026D1F8F707FA4120F8F76CFB0020F8F7E3
:1080F00069FBF8F7F7F99620F8F754FAF8F7FAF968
:10810000C120F8F75FFB5520F8F75CFB5520F8F726
:1081100059FB8DF80700F8F7E5F99620F8F742FAD1
:108120009DF8070040B10934A07802B010BD00BF2F
:108130000634A07802B010BDF8F7DCF95320F8F748
:1081400041FB0820F8F73EFBF8F7CCF99620F8F74A
:1081500029FAF8F7CFF9D320F8F734FB5520F8F7D0
:1081600031FB5520F8F72EFB8DF80700F8F7BAF928
:108170009620F8F717FA9DF80700082826D1F8F797
:10818000B9F95820F8F71EFB0420F8F71BFBF8F7A5
:10819000A9F99620F8F706FAF8F7ACF9D820F8F71D
:1081A00011FB5520F8F70EFB5520F8F70BFB8DF867
:1081B0000700F8F797F99620F8F7F4F99DF807000B
:1081C000042807D1002002B010BD00BF0C34A078F5
:1081D00002B010BD0F34A07802B010BD2DE9F04FF1
:1081E00087B000208DF81B00F8F784F98020F8F79D
:1081F000E9FA5520F8F7E6FA5520F8F7E3FA8DF892
:108200001B00F8F76FF99620F8F7CCF9F8F772F938
:108210008020F8F7D7FA5520F8F7D4FA5520F8F768
:10822000D1FA8DF81B00F8F75DF99620F8F7BAF946
:10823000F8F760F97E20F8F7C5FAB620F8F7C2FA29
:10824000F8F750F95020F8F7ABF9F8F753F9802018
:10825000F8F7B8FA5520F8F7B5FA5520F8F7B2FA5A
:108260008DF81B00F8F73EF99620F8F79BF9F8F720
:1082700041F98020F8F7A6FA5520F8F7A3FA55201F
:10828000F8F7A0FA8DF81B00F8F72CF99620F8F70C
:1082900089F99DF81B001E2840F09E80F8F72AF906
:1082A0004020F8F78FFAAC20F8F78CFAF8F71AF9B3
:1082B0009620F8F777F9F8F71DF9C020F8F782FA59
:1082C0005520F8F77FFA5520F8F77CFA8DF81B0057
:1082D000F8F708F99620F8F765F99DF81B0041F2C8
:1082E0009054AC28C0F6010471D15020F8F758F929
:1082F000F8F700F97D20F8F765FA0420F8F762FA3C
:10830000F8F7F0F89620F8F74DF9F8F7F3F8FD20B4
:10831000F8F758FA5520F8F755FA5520F8F752FAB9
:108320008DF81B00F8F7DEF89620F8F73BF99DF87A
:108330001B00042854D15020F8F732F9F8F7DAF886
:108340004120F8F73FFA0320F8F73CFAF8F7CAF8AB
:108350009620F8F727F9F8F7CDF8C120F8F732FAA8
:108360005520F8F72FFA5520F8F72CFA8DF81B0056
:10837000F8F7B8F89620F8F715F99DF81B000328D0
:1083800034D15020F8F70CF9F8F7B4F87C20F8F75E
:1083900019FA0020F8F716FAF8F7A4F89620F8F77B
:1083A00001F9F8F7A7F8FC20F8F70CFA5520F8F7D0
:1083B00009FA5520F8F706FA8DF81B00F8F792F83D
:1083C0009620F8F7EFF89DF81B00A8B10934A078C3
:1083D00007B0BDE8F08F00BFFF2007B0BDE8F08F09
:1083E0000334A07807B0BDE8F08F00BF0634A07852
:1083F00007B0BDE8F08F00BF5020F8F7D1F8F8F7CC
:1084000079F86D20F8F7DEF90D20F8F7DBF9F8F7C9
:1084100069F89620F8F7C6F8F8F76CF8ED20F8F749
:10842000D1F95520F8F7CEF95520F8F7CBF98DF8AA
:108430001B00F8F757F89620F8F7B4F89DF81B00E2
:108440000D2840F097805020F8F7AAF8F8F752F876
:108450009220F8F7B7F99220F8F7B4F95520F8F719
:10846000B1F983465520F8F7ADF981465520F8F764
:10847000A9F980465520F8F7A5F905465520F8F7E3
:10848000A1F906465520F8F79DF90746F8F72AF8AE
:10849000F8F730F86D20F8F795F90920F8F792F918
:1084A000F8F720F89620F8F77DF8F8F723F8ED2094
:1084B000F8F788F95520F8F785F95520F8F782F98B
:1084C0008DF81B00F8F70EF89620F8F76BF89DF87A
:1084D0001B00092854D15020CDE90458CDE902767B
:1084E000F8F75EF8F8F706F89220F8F76BF99220A3
:1084F000F8F768F95520F8F765F980465520F8F740
:1085000061F982465520F8F75DF904465520F8F7E1
:1085100059F907465520F8F755F905465520F8F75B
:1085200051F90646F7F7DEFFF7F7E4FF6D20F8F79D
:1085300049F90020F8F746F9F7F7D4FF9620F8F745
:1085400031F8F7F7D7FFED20F8F73CF95520F8F7A9
:1085500039F95520F8F736F98DF81B00F7F7C2FF07
:108560009620F8F71FF89DF81B0078B1042007B09B
:10857000BDE8F08F04F10C00807807B0BDE8F08F03
:1085800004F10F00807807B0BDE8F08FCDE90065F9
:1085900026464BEA092448EA0A25F7F7ABFF7E2076
:1085A000F8F710F9B620F8F70DF9F7F79BFF502010
:1085B000F7F7F6FF20B229B2411A40F25550814236
:1085C00018DBDDE9042141EA022146EA072209B26B
:1085D00012B2891A81420DDBDDE9021040EA012066
:1085E000DDE9002100B241EA022109B2401AB0F5EA
:1085F0002A7F03DA802007B0BDE8F08FF7F77AFF13
:108600008020F8F7DFF85520F8F7DCF85520F8F768
:10861000D9F88DF81B00F7F765FF9620F7F7C2FF32
:10862000F7F768FF8020F8F7CDF85520F8F7CAF87B
:108630005520F8F7C7F88DF81B00F7F753FF962081
:10864000F7F7B0FF002007B0BDE8F08FB0B5F7F73F
:1086500063FF8020F8F7B6F85520F8F7B3F8F7F77E
:1086600053FF9620F7F79EFFF7F756FF8020F8F7A5
:10867000A9F85520F8F7A6F8F7F746FF9620F7F780
:1086800091FFF7F749FF1420F8F79CF8B620F8F7A8
:1086900099F8F7F739FF5020F7F782FFF7F73CFF1B
:1086A0008020F8F78FF85520F8F78CF8F7F72CFFB3
:1086B0009620F7F777FFF7F72FFF8020F8F782F87B
:1086C0005520F8F77FF80446F7F71EFF9620F7F7D6
:1086D00069FF0F2C1CBFFF20B0BDF7F71DFF0F2057
:1086E000F8F770F80020F8F76DF8F7F70DFF96200F
:1086F000F7F758FFF7F710FF8F20F8F763F85520CA
:10870000F8F760F80446F7F7FFFE9620F7F74AFF00
:1087100041F67C65C0F6010514B1A878B0BD00BF74
:10872000F7F7FAFE1020F8F74DF88220F8F74AF82C
:10873000F7F7EAFE9620F7F735FFF7F7EDFE902002
:10874000F8F740F85520F8F73DF80446F7F7DCFE57
:108750009620F7F727FF822C1ED1F7F7DDFE1120B8
:10876000F8F730F80020F8F72DF8F7F7CDFE96204F
:10877000F7F718FFF7F7D0FE9120F8F723F8552008
:10878000F8F720F80446F7F7BFFE9620F7F70AFF40
:1087900034B10635A878B0BD0335A878B0BD00BFA8
:1087A000F7F7BAFE1520F8F70DF88020F8F70AF869
:1087B000F7F7AAFE9620F7F7F5FEF7F7ADFE95203E
:1087C000F8F700F85520F7F7FDFF0446F7F79CFE91
:1087D0009620F7F7E7FE802C1ED1F7F79DFE1620B6
:1087E000F7F7F0FF0020F7F7EDFFF7F78DFE962083
:1087F000F7F7D8FEF7F790FE9620F7F7E3FF55203E
:10880000F7F7E0FF0446F7F77FFE9620F7F7CAFE7A
:1088100034B10C35A878B0BD0935A878B0BD00BF1B
:10882000F7F77AFE1820F7F7CDFF0120F7F7CAFF18
:10883000F7F76AFE9620F7F7B5FEF7F76DFE98207A
:10884000F7F7C0FF5520F7F7BDFF0446F7F75CFECA
:108850009620F7F7A7FE012C04BF0020B0BD0F350E
:10886000A878B0BD10B5F7F757FE8020F7F7AAFF3C
:108870005520F7F7A7FFF7F747FE9620F7F792FE88
:10888000F7F74AFE8020F7F79DFF5520F7F79AFF8C
:10889000F7F73AFE9620F7F785FEF7F73DFE14202E
:1088A000F7F790FFB620F7F78DFFF7F72DFE502072
:1088B000F7F776FEF7F730FE8020F7F783FF5520B5
:1088C000F7F780FFF7F720FE9620F7F76BFEF7F734
:1088D00023FE8020F7F776FF5520F7F773FFF7F7B1
:1088E00013FE9620F7F75EFEF7F716FE3C20F7F72B
:1088F00069FF0120F7F766FFF7F706FE5020F7F74C
:108900004FFEF7F709FEBC20F7F75CFF5520F7F79D
:1089100059FF0446F7F7F8FD9620F7F743FEA00746
:1089200000F19280F7F7F8FDBC20F7F74BFF5520D8
:10893000F7F748FF0446F7F7E7FD9620F7F732FE12
:10894000A00700F18180F7F7E7FDBC20F7F73AFFB9
:108950005520F7F737FF0446F7F7D6FD9620F7F7CF
:1089600021FEA00770D4F7F7D7FDBC20F7F72AFF48
:108970005520F7F727FF0446F7F7C6FD9620F7F7CF
:1089800011FEA00760D4F7F7C7FDBC20F7F71AFF68
:108990005520F7F717FF0446F7F7B6FD9620F7F7CF
:1089A00001FEA00750D4F7F7B7FDBC20F7F70AFF88
:1089B0005520F7F707FF0446F7F7A6FD9620F7F7CF
:1089C000F1FDA00740D4F7F7A7FDBC20F7F7FAFEAA
:1089D0005520F7F7F7FE0446F7F796FD9620F7F7D0
:1089E000E1FDA00730D4F7F797FDBC20F7F7EAFECA
:1089F0005520F7F7E7FE0446F7F786FD9620F7F7D0
:108A0000D1FDA00720D4F7F787FDBC20F7F7DAFEE9
:108A10005520F7F7D7FE0446F7F776FD9620F7F7CF
:108A2000C1FDA00710D4F7F777FDBC20F7F7CAFE09
:108A30005520F7F7C7FE0446F7F766FD9620F7F7CF
:108A4000B1FD012101E000BF0021402000EA041037
:108A5000002918BF402010BD012005F03FFCFBE7B6
:108A600010B58AB040F6D83401200021C2F20004CB
:108A70000890CDE90610CDE90011CDE90211CDE94C
:108A8000041169462046F8F79BFA2046F8F720FEC5
:108A900020460221F8F72AFA0AB010BD86B040F24B
:108AA0008009C2F2000909F1040207CA40F2FC374A
:108AB000C2F20007CDE90301D7E9010141F28C447C
:108AC0009FEDC68AD9F81030C2F20004DFEDC40A67
:108AD0000590CDE9002103AA20460021B0EE480A06
:108AE00002930025FDF7BEFC41F24448C2F20008A3
:108AF000DFEDBC0A6A4640460021B0EE480AFDF7A9
:108B0000B1FC40F67C0640F2000A9FEDB79A9FED5B
:108B1000B7AA9FEDB7BA9FEDB7CA9FEDB7DA9FED41
:108B2000B78A40F25C5BC2F20006C7F6C07AC2F2B6
:108B3000000B00BF97ED141A97ED152ABDEEC11A70
:108B400011EE100A3080B0F5FA6F4FF0000097ED8B
:108B5000163A97ED174A97ED185A97ED196A97ED5F
:108B60001A7A97ED1B0ABDEEC21A88BF0120B070B9
:108B700011EE100AB081B0F5FA6F4FF00000BDEEB3
:108B8000C31A88BF0120B07311EE100A3083B0F50C
:108B9000FA6F4FF00000BDEEC41A88BF0120B07616
:108BA00011EE100AB084B0F5FA6F4FF00000BDEE80
:108BB000C51A88BF012086F8260011EE100A3086FB
:108BC000B0F5FA6F4FF00000BDEEC61A88BF012065
:108BD00086F8320011EE100AB087B0F5FA6F4FF048
:108BE0000000BDEEC71A88BF012086F83E0011EED6
:108BF000100AA6F84800B0F5FA6F4FF00000BDEE7D
:108C0000C00A88BF012086F84A0010EE100AA6F8B4
:108C10005400B0F5FA6F4FF0000088BF012086F8CD
:108C200056004CF6CD40CBF64C60C6E9010549F63E
:108C30009A10CBF69960C6E904054CF6CD40CBF608
:108C4000CC60C6E907050020CBF68070C6E90A05AE
:108C50004FF07E50C6E90D054CF6CD40C3F6CC6012
:108C6000C6E9100549F69A10C3F69960C6E91305DE
:108C70004CF6CD40C3F64C6099ED00EAC6E9160506
:108C80000020C6F868A000F0F7FEB0F9020000EE80
:108C9000100AB8EEC00A80EE090A012087ED0F0A1B
:108CA00000F0EAFEB0F9020000EE100AB8EEC00AC9
:108CB00080EE090A022087ED100A00F0DDFEB0F90F
:108CC000020000EE100AB8EEC00A80EE090A032086
:108CD00087ED110A00F0D0FEB0F902009BED001AFA
:108CE00000EE100AB8EEC00A80EE090A4046F0EE27
:108CF000480A87ED120A31EE0A0A87ED000A3EEEB5
:108D0000400AB4EE4A0AF1EE10FA30EE0B1AC8BF70
:108D1000B0EE410AB4EE4D0AF1EE10FA30EE0C1A44
:108D2000B8BFB0EE410A87ED030AFDF7E5FA99ED09
:108D3000054A99ED065A97ED050A97ED061A98ED42
:108D4000082A34EE054A31EE403A99ED076A22EEE0
:108D5000044A34EE033AC3EE060A30EE013A30EE2E
:108D6000410A34EE000A34EE435A80EE061A34EE1D
:108D7000030A85EE065A80EE063A97ED0F0A204662
:108D800087ED042AC7ED070A87ED091A87ED085A0F
:108D900087ED0A3AFDF7B0FA206AD7ED080A97ED99
:108DA000100AF8622046FDF7A7FA206AD7ED090AF3
:108DB00097ED110A38632046FDF79EFA206AD7ED39
:108DC0000A0A97ED120A78632046FDF795FA206AA1
:108DD000B863012005F082FAACE600BF0080BB4416
:108DE000000016430000A04200001042000034437F
:108DF0000000B4C30000B443000034C3000000000E
:108E00002DE9F0412DED028B40F2A436C2F20006AE
:108E1000357940F2201140F214440020C2F20001E2
:108E2000012DC2F200040870307069D0002D40F0AE
:108E30009D8040F28810C2F2000005884788E81B38
:108E400008F024F89FED700B53EC102B9FED700B86
:108E5000DA0F62F3DF7153EC102B08F0DAFA002816
:108E600040F0CC807F1B00EE107A9FED711AB8EEB7
:108E7000C00A80EE010A40F28008C2F2000898EDB4
:108E8000008A07F049F99FED6B1A20EE010A10EEF7
:108E9000100A08F077FA9FED600B53EC102B07F0E7
:108EA0005DFE07F075FD9FED641A00EE100A002FBD
:108EB000C8BFB0EE401A9FED612A38EE011A48BFD4
:108EC000B0EE402A9FED5E0A32EE011A31EE002A22
:108ED000B5EE401AF1EE10FAB8BFB0EE421A9FEDAF
:108EE000592A3062B4EE401A012031EE022AF1EE26
:108EF00010FAC8BFB0EE421A307188ED001A04E0D3
:108F000040F28810C2F20000058800EE105A9FED72
:108F10004E1AB8EE400A30EE010AB0EEC00AB0EECA
:108F2000001AB4EE410AF1EE10FA31DD94ED000AB8
:108F3000B3EE0E1A20EE010A10EE100A08F022FA23
:108F40009FED370B6E2D52EC103B9FED370B98BF0A
:108F50000A4698BF034650EC101B6E2D24BF1046E6
:108F6000194640EC101B012516E000BF40F21040EE
:108F7000C2F200000021016040F20C409FED2F0A78
:108F8000C2F200000160022D84ED000A27D035E016
:108F90009FED1D0B0225357140F21810C2F2000042
:108FA00090ED008A40F21040C2F200000021016002
:108FB00040F20C409FED181BC2F20000016051EC22
:108FC000100B53EC112B07F0C9FD07F0E1FC00EE8C
:108FD000100A80EE080A022D84ED000A0ED140F23C
:108FE0008810C2F20000418841F24C60C2F20000D9
:108FF000DFED160A6030002200F0F2FBBDEC028BC0
:10900000BDE8F08100BF00BF0000000000000000CC
:1090100000000000000010404AD8124DFB2109401A
:10902000000000203333D3BF000000203333D33F90
:1090300000004443000034430000008000000000B2
:109040000000B4430000B4C30000DCC20AD7A33C54
:10905000F0B581B02DED048B40F2201040F2A43524
:109060000021C2F20000C2F20005017040F2881037
:109070002E79C2F200000488002E297062D0478841
:10908000E01B07F003FF9FED888B012E52EC183B8D
:1090900078D19FED870BD20F62F3DF7153EC102B69
:1090A00008F0B7F900286DD13F1B00EE107A9FED54
:1090B000881AB8EEC00A80EE010A40F28006C2F2B9
:1090C000000696ED009A07F027F89FED821A20EE31
:1090D000010A10EE100A08F055F99FED770B53ECDA
:1090E000102B07F03BFD07F053FC9FED7B1A00EEC1
:1090F000100A002FC8BFB0EE401A9FED782A39EE53
:10910000011A48BFB0EE402A9FED750A32EE011AEF
:1091100031EE002AB5EE401AF1EE10FAB8BFB0EE0B
:10912000421A9FED702A2862B4EE401A022031EEF6
:10913000022AF1EE10FAC8BFB0EE421A287186ED8D
:10914000001A21E0FB2C6DD340F21810C2F200008F
:1091500090ED000A9FED651A40F2144081EE000A7E
:10916000C2F20000016040F20C40C2F20000016057
:1091700040F21040C2F2000080ED000ABDEC048B0A
:1091800001B0F0BD022EF9D195ED020A40F214466D
:10919000B5EE400AF1EE10FAC2F200062ED100EE52
:1091A000104A9FED511AB8EE400A30EE010AB0EEB7
:1091B000C00AB0EE001AB4EE410AF1EE10FA47DD33
:1091C00096ED000AB3EE0E1A20EE010A10EE100A18
:1091D00008F0D8F89FED3A0B6E2C52EC103B9FED47
:1091E0003A0B98BF0A4698BF034650EC101B6E2CF2
:1091F00024BF1046194640EC181B2EE040F21040E8
:1092000040F20C42C2F200000021C2F200020160F2
:109210003160C8201160BDEC048B01B0BDE8F040A6
:10922000F8F7D2BC952CA9D840F21441C2F2000143
:1092300000220A6040F20C41C2F200010A6040F2D2
:109240001041C2F2000101260A602E7117E700BF2B
:109250004FF07E50A8600020287140F21810C2F232
:10926000000090ED009A40F21040C2F20000002190
:10927000016040F20C409FED100BC2F20000016053
:1092800051EC180B53EC102B07F068FC07F080FB37
:1092900000EE100A80EE090A86ED000ABDEC048B90
:1092A00001B0F0BD00BF00BF0000000000000000E2
:1092B00000000000000010404AD8124DFB21094078
:1092C000000000203333D3BF000000203333D33FEE
:1092D0000000444300003443000000800000000010
:1092E0000000B4430000B4C30000DCC2D091C3BD91
:1092F0002DE9F0412DED028B40F2A436C2F20006BA
:10930000357940F2201140F214440020C2F20001ED
:10931000012DC2F200040870307069D0002D40F0B9
:109320009D8040F28810C2F2000005884788E81B43
:1093300007F0ACFD9FED700B53EC102B9FED700B05
:10934000DA0F62F3DF7153EC102B08F062F800289B
:1093500040F0CC807F1B00EE107A9FED711AB8EEC2
:10936000C00A80EE010A40F28008C2F2000898EDBF
:10937000008A06F0D1FE9FED6B1A20EE010A10EE76
:10938000100A07F0FFFF9FED600B53EC102B07F066
:10939000E5FB07F0FDFA9FED641A00EE100A002FBE
:1093A000C8BFB0EE401A9FED612A38EE011A48BFDF
:1093B000B0EE402A9FED5E0A32EE011A31EE002A2D
:1093C000B5EE401AF1EE10FAB8BFB0EE421A9FEDBA
:1093D000592A3062B4EE401A012031EE022AF1EE31
:1093E00010FAC8BFB0EE421A307188ED001A04E0DE
:1093F00040F28810C2F20000058800EE105A9FED7E
:109400004E1AB8EE400A30EE010AB0EEC00AB0EED5
:10941000001AB4EE410AF1EE10FA31DD94ED000AC3
:10942000B3EE0E1A20EE010A10EE100A07F0AAFFA2
:109430009FED370B6E2D52EC103B9FED370B98BF15
:109440000A4698BF034650EC101B6E2D24BF1046F1
:10945000194640EC101B012516E000BF40F21040F9
:10946000C2F200000021016040F20C409FED2F0A83
:10947000C2F200000160022D84ED000A27D035E021
:109480009FED1D0B0225357140F21810C2F200004D
:1094900090ED008A40F21040C2F20000002101600D
:1094A00040F20C409FED181BC2F20000016051EC2D
:1094B000100B53EC112B07F051FB07F069FA00EE8B
:1094C000100A80EE080A022D84ED000A0ED140F247
:1094D0008810C2F20000418841F24C60C2F20000E4
:1094E000DFED160A6030002200F07AF9BDEC028B45
:1094F000BDE8F08100BF00BF0000000000000000D8
:1095000000000000000010404AD8124DFB21094025
:10951000000000203333D3BF000000203333D33F9B
:1095200000004443000034430000008000000000BD
:109530000000B4430000B4C30000DCC2CDCCCC3D7D
:10954000F0B581B02DED048B40F2201040F2A4352F
:109550000021C2F20000C2F20005017040F2881042
:109560002E79C2F200000488002E297062D047884C
:10957000E01B07F08BFC9FED888B012E52EC183B13
:1095800078D19FED870BD20F62F3DF7153EC102B74
:1095900007F03FFF00286DD13F1B00EE107A9FEDD2
:1095A000881AB8EEC00A80EE010A40F28006C2F2C4
:1095B000000696ED009A06F0AFFD9FED821A20EEB0
:1095C000010A10EE100A07F0DDFE9FED770B53EC59
:1095D000102B07F0C3FA07F0DBF99FED7B1A00EEC2
:1095E000100A002FC8BFB0EE401A9FED782A39EE5E
:1095F000011A48BFB0EE402A9FED750A32EE011AFB
:1096000031EE002AB5EE401AF1EE10FAB8BFB0EE16
:10961000421A9FED702A2862B4EE401A022031EE01
:10962000022AF1EE10FAC8BFB0EE421A287186ED98
:10963000001A21E0952C6DD840F21810C2F20000FB
:1096400090ED000A9FED651A40F2144081EE000A89
:10965000C2F20000016040F20C40C2F20000016062
:1096600040F21040C2F2000080ED000ABDEC048B15
:1096700001B0F0BD022EF9D195ED020A40F2144678
:10968000B5EE400AF1EE10FAC2F200062ED100EE5D
:10969000104A9FED511AB8EE400A30EE010AB0EEC2
:1096A000C00AB0EE001AB4EE410AF1EE10FA47DD3E
:1096B00096ED000AB3EE0E1A20EE010A10EE100A23
:1096C00007F060FE9FED3A0B6E2C52EC103B9FEDC5
:1096D0003A0B98BF0A4698BF034650EC101B6E2CFD
:1096E00024BF1046194640EC181B2EE040F21040F3
:1096F00040F20C42C2F200000021C2F200020160FE
:109700003160C8201160BDEC048B01B0BDE8F040B1
:10971000F8F75ABAFB2CA9D340F21441C2F2000167
:1097200000220A6040F20C41C2F200010A6040F2DD
:109730001041C2F2000101260A602E7117E700BF36
:109740004FF07E50A8600020287140F21810C2F23D
:10975000000090ED009A40F21040C2F2000000219B
:10976000016040F20C409FED100BC2F2000001605E
:1097700051EC180B53EC102B07F0F0F907F008F937
:1097800000EE100A80EE090A86ED000ABDEC048B9B
:1097900001B0F0BD00BF00BF0000000000000000ED
:1097A00000000000000010404AD8124DFB21094083
:1097B000000000203333D3BF000000203333D33FF9
:1097C000000044430000344300000080000000001B
:1097D0000000B4430000B4C30000DCC2D091C33D1C
:1097E0002DE9F0412DED028B82B040F21818952939
:1097F000C2F2000818D898ED000A9FED651A40F2F1
:10980000144181EE000AC2F2000100220A6040F217
:109810000C41C2F200010A6040F21041C2F20001A4
:1098200081ED000A1AE000BFFB2917D340F2144172
:10983000C2F2000100220A6040F20C41C2F20001B3
:109840000A6040F21041C2F200010A6040F2A43105
:10985000C2F200014FF07E528A600BE040F2A43168
:10986000C2F2000191ED020AB5EE400AF1EE10FAE3
:1098700000F0838040F2A43590ED050AC2F20005A5
:109880004FF48071298040F22011D5ED091AB4EE11
:10989000600AC2F200010026F1EE10FA0E703ADB07
:1098A000F5EE401AF1EE10FA35D1697999BB4FF017
:1098B0007E5141F24C6C69620121C2F2000C298098
:1098C0000CF160040CF118010CF130020CF14803AA
:1098D000074660460094B0EE608A03F011FC40F247
:1098E00010410020C2F20001086040F21441C2F2AF
:1098F0000001086040F20C41C2F20001A86028712A
:109900000860C820F8F760F9D5ED091A3846F0EE7E
:10991000480A022169719FED1F2A9FED1F1AB0EEC0
:10992000600AF0EE420A04F033FA40F21440C2F248
:109930000000066040F20C40BBEE0E1A85ED0A0AEC
:10994000C2F2000020EE010A066010EE100A07F0D5
:1099500019FD9FED0D0B53EC102B07F0FFF807F0EE
:1099600017F898ED000A01EE100A81EE000A40F2A5
:109970001040C2F2000080ED000A02B0BDEC028B84
:10998000BDE8F08100BF00BF4AD8124DFB2109405D
:10999000D091C3BD0AD7233C6F12833B40F2F00045
:1099A000C2F2000000684DF68361C4F21B31A0FBD7
:1099B000011244F6D351C1F26201A0FB0101900CE7
:1099C00040F2BC22C2F20002107088095060704759
:1099D00080B54EF2180140F2BC22CEF20001C2F274
:1099E000000251F804CC1278002302FB00FE086844
:1099F0000AE000BF03449B1A824228BF63447345B8
:109A0000104628BF80BD00BF0A688242F2D10A68B2
:109A10008242EFD10A688242ECD10A688242F3D0D6
:109A2000E8E7000070B540F6981600EBC005C2F2FA
:109A3000000656F8250006EB8504606005F076FE0A
:109A4000E17C46F825004A0642BF01F0BF01E174FF
:109A5000E060A06960B18047E17C48B1206A41F0D4
:109A6000A0010028E17408BF70BDBDE87040004748
:109A700001F07F00E07470BD00F0030041F2FC31A2
:109A800000EB8000C2F2000101EB400070470000D3
:109A900041F20C14C2F2000420460421F9F764FEDE
:109AA000206840F2A035016A40F21C1621F0A001A6
:109AB0000162016A40F2A63841F02001016240F2E1
:109AC0002440C4F200000024C2F20005C2F20006E5
:109AD000C2F200080327046003E000BF012004F085
:109AE000FDFB28782028F9D1307871782C70484017
:109AF000FF28F3D1B0784528F0D1F1784840C0B2C2
:109B0000FF2808BF88F80070E8E7000040F23060E6
:109B100040F22002C2F20000C2F2000290ED057A8B
:109B2000D0ED060A92ED066AD2ED072A90ED075AAB
:109B3000D2ED083A60EEA22A27EE066A36EE226AD5
:109B400065EE233A90ED024A33EE866A40F20C51FC
:109B5000D2ED103A90ED013AD2ED0F2AC2F2000197
:109B600090ED032A40F2D45081ED176A24EE236A67
:109B7000D2ED113AC2F2000063EE222AD0ED091AAA
:109B800072EE862A62EE233A73EEA22A40F2F403C2
:109B900072EEA11AC2F2000390ED140A90ED151AAC
:109BA000C1ED0E1AD3ED001AD3ED012A90ED166A1D
:109BB000D3ED023A61EE222A60EE211A71EEA21A6A
:109BC00066EE232AD0ED0C3A72EEA11A71EEA31ABA
:109BD000C1ED1A1AD2ED091AD2ED0A2AD2ED0B3ACA
:109BE00060EEA22A67EE211A71EEA21A65EE233A00
:109BF000D2ED122A73EEA11AD2ED133AC1ED181A62
:109C000064EE231A63EE222A72EEA11AD2ED142A10
:109C1000D0ED0A3A62EE222A72EEA11AD3ED032A9F
:109C200071EEA31AD3ED043AC1ED0F1A61EE231AB7
:109C300060EE222A72EEA11AD3ED052AD0ED0D3A7C
:109C400066EE222A72EEA11A71EEA31AC1ED1B1A5A
:109C5000D2ED0D1AD2ED0C2A60EEA10AD2ED0E1A49
:109C600027EE227A37EE207A25EE215A35EE075A72
:109C700081ED195A92ED165A92ED157A24EE054AA5
:109C800092ED175A23EE073A33EE043A22EE052AF4
:109C900090ED0B4A32EE032A32EE042A81ED102AAF
:109CA00093ED072A93ED063A21EE021A93ED082A66
:109CB00020EE030A30EE010A26EE021A90ED0E2A7B
:109CC00031EE000A30EE020A81ED1C0A70470000F6
:109CD00010B540F20C54C2F200042078C00714D032
:109CE00040F69470C2F20000816C09680968C907E7
:109CF0000BD1C06C00680068C00706D1607880078F
:109D00005CBFA0785FEA80704CD56078C00714D043
:109D100040F69470C2F20000816C09680968C907B6
:109D20000BD1C06C00680068C00706D1207880079E
:109D30005CBFA0785FEA807052D5A078C00715D0CC
:109D400040F69470C2F20000816C09680968C90786
:109D500018BF10BDC06C00680068C00706D120782D
:109D600080075CBF60785FEA807001D510BD00BFDE
:109D7000A078102100F0FE00A070A078002240F032
:109D80000200A0700020C4F20200F8F77BF840F255
:109D9000200004F11C01C2F200000422BDE81040C2
:109DA000FCF7B0BB2078012100F0FE002070207885
:109DB000002240F0020004F8240B0020C4F202004C
:109DC00000F58060F8F75EF840F22000C2F2000073
:109DD000043021460822BDE81040FCF793BB00BFC9
:109DE0006078102100F0FE0060706078002240F082
:109DF000020060700020C4F20200F8F743F840F25D
:109E00002000C2F200000C3004F12C010922BDE850
:109E10001040FCF777BB000041F23401C2F20001B0
:109E200009684863704700007047000080B584B03F
:109E3000024601200DF10F01CDE9001040F64070FF
:109E40004FF0640CC2F200001C210123CDF808C0C1
:109E5000F8F7D6F89DF80F0004B080BD80B584B047
:109E600002468DF80F1001200DF10F01CDE9001011
:109E700040F640704FF0640CC2F200001C21012338
:109E8000CDF808C0F8F7E8F904B080BD41F600004D
:109E9000C4F2020040210122F7F7F4BF41F60000AE
:109EA000C4F2020040210022F7F7ECBF7047000027
:109EB00002F0B0B9B0B5FFF7B7FFFFF7F7FFFFF754
:109EC000EDFF3220FFF7F4FFFFF7E0FF3220FFF74E
:109ED000EFFF0020FFF7AAFF10281CBF4020B0BDF5
:109EE0000120FFF7E5FF0B200821FFF7B7FF012056
:109EF000FFF7DEFF0B20FFF799FF04460120FFF775
:109F0000D7FF41F2E855082CC0F6010532D14120B7
:109F10000921FFF7A3FF0120FFF7CAFF4120FFF748
:109F200085FF04460120FFF7C3FF092C24D14220FE
:109F3000C021FFF793FF0120FFF7BAFF4220FFF790
:109F400075FF04460120FFF7B3FFC02C18D10A208B
:109F50000B21FFF783FF0120FFF7AAFF0A20FFF77D
:109F600065FF04460120FFF7A3FF0B2C04BF002070
:109F7000B0BD0935A878B0BD0335A878B0BD00BF25
:109F80000635A878B0BD0000F8F77CFAFDF7E6F9D1
:109F9000FFF704FDFBF770FEFBF710FDFBF75CFF1E
:109FA000FBF77CFFFBF7A4FFFBF7E8FCFBF7C6FC25
:109FB000FCF7E4F8FCF7C4F8FCF700F9FCF77EF8CE
:109FC000FBF7D6FFFBF7EEFF40F28810C2F200006D
:109FD000011D41F2E410C2F200000522FAF780F8F8
:109FE000FEF73EFD41F27C00C2F20000F9F7B6F93F
:109FF00000F006F8FBF738FD02F014F9FEE7000068
:10A000002DE9F04F81B02DED088BFEF729FD40F2D0
:10A01000A008C2F2000808F1240E40F26C449EE849
:10A020000740C2F2000444F86C0F54E91207D8F854
:10A030003C6054E91035C4E9010741F2D44740F2CD
:10A040008050C2F20007C2F20000BB46C7E92D658E
:10A0500047F8A4EFA4F1380ED8E90DC90EC09EE868
:10A06000034008F10806C7E901C041F2742549CE52
:10A07000C2F20005C5E92A01AA4645F8B03FD8F862
:10A080001820C5E9016E54F82C3C41F23836D8F856
:10A090001C00C2F20006D8F82010C6E92A2354F8A2
:10A0A000282C4BF8B09FB14646F8B00FC6E9011214
:10A0B000D8F80400D8F814109FED478A9FED479A0E
:10A0C0004AF8A40F49F8A41FA7F1900000213A46CE
:10A0D000B0EE480AF0EE490AFCF7C4F99FED40AA39
:10A0E000A7F1480000215A46B0EE4A0AF0EE490AAC
:10A0F000FCF7B8F940F280579FED3A9AC2F2000798
:10A1000007F10C0000212246B0EE4A0AF0EE490A9F
:10A11000FCF7A8F99FED34BA40F69030C2F2000087
:10A1200000213A46B0EE4B0AF0EE490AFCF79AF9E4
:10A13000DFED2E0AA5F19C0000215246B0EE4B0A3D
:10A14000FCF790F9A5F1540000212A46B0EE4A0A26
:10A15000F0EE490AFCF786F9A6F19C0000214A4678
:10A16000B0EE4A0AF0EE490AFCF77CF9A6F1540079
:10A17000F3EE040A00213246B0EE480AFCF772F909
:10A1800040F6EC75C2F2000528460021F9F716FFEB
:10A1900028460421F9F712FF28460821F9F70EFF97
:10A1A00028460C21F9F70AFFD8F8400029684863CF
:10A1B000D8F844008863D8F84800C863D8F84C0041
:10A1C000086448F20000C4F2E63044F8240CBDEC08
:10A1D000088B01B0BDE8F08F0000AF430000C8421B
:10A1E0000000FA440000FA4300803B4500007A4436
:10A1F0002DE9F04F81B041F2FC3A41F2742BC2F2EA
:10A20000000AC2F2000BBAF83260BBF80E0040F24E
:10A210002837C2F20007864207F1100117D140F239
:10A220007B42C2F2000212788AB997ED040AB7EEB7
:10A23000001A9FED752A30EE010AB4EE420AF1EEE3
:10A2400010FA87ED040A04DD00213961391D00226E
:10A250000A603978ABF80C604A1C3A70042938BFA0
:10A260003046311A084641F6FF7811F57A6FB8BFCB
:10A2700040445FFA82F9B1F57A6FC8BFA1EB0800DC
:10A2800006F004FE9FED540B53EC102B06F08EFEEF
:10A290009FED530B53EC102B06F060FC04467868DE
:10A2A0000D4607F06FF822462B4606F0A3FB06F09A
:10A2B0006FFBABF80E60CBF8000041F2383BC2F206
:10A2C000000B7860BBF80E00BAF83CA0CDF8009007
:10A2D000B9F1040F38BF504680B2AAEB0000B0F5C8
:10A2E0007A6FABF80CA003DDA0EB080006E000BF1E
:10A2F00010F57A6FBCBF41F6FF71084406F0C6FD49
:10A300009FED390B54EC105B2A46234606F04EFEB7
:10A310009FED370B53EC102B06F020FC40F2283950
:10A32000C2F200090746D9E902080E4607F02AF8EA
:10A3300002460B463846314606F05CFB06F028FB29
:10A34000C9F80800CBF8000041F2FC30C2F200006E
:10A3500041F2D446078DC2F200060099F089ABF8AD
:10A360000EA0B781022938BF384680B2391A084694
:10A3700041F6FF7211F57A6FB8BF1044B1F57A6FEC
:10A38000C8BF881A06F082FD2A46234606F00EFE54
:10A390009FED190B53EC102B06F0E0FB04464046F2
:10A3A0000D4606F0EFFF22462B4606F023FB06F093
:10A3B000EFFAC9F80C00F78106F0E4FF9FED100BEF
:10A3C00053EC102B06F0F2FD06F0E2FA306001B01B
:10A3D000BDE8F08F00BF00BF00000000008076C025
:10A3E0000000000068FF024100000000008076408D
:10A3F0000000000000FFBF400000000070FF11C11E
:10A40000295C8FC2F528F03F00007A442DE9F04323
:10A4100081B02DED028B40F26C44C2F20004E17B6E
:10A420000B2901F26E86DFE811F00D008503CF00E5
:10A430000D012D00B3011D027701F9028900A70269
:10A44000150000BF002800F06383052800F0928704
:10A450006BE300BF217D022901F24E81012084F8C7
:10A460005900481C621882F8610004220029E27336
:10A4700001F06480012941F039819FEDCB0A01F0A0
:10A480005FB800BF0238032801F23B86DFE810F016
:10A490000400C6053605940541F27425C2F2000594
:10A4A00095ED000A40F69030DFEDEA0AC2F20000B6
:10A4B000FBF722FF41F2FC36C2F20006B6F9340087
:10A4C000F0EE400A85ED020A00EE100A40F28050DC
:10A4D000C2F20000B8EEC00A0C30FBF70DFF9FED92
:10A4E000DE1A41F23837C2F2000730EE011A97ED5A
:10A4F000040ADFEDDA0A07F15C0085ED301AFBF79C
:10A50000FBFEB6F93E00F0EE400A87ED020A00EECF
:10A51000100AB8EEC00A07F11400FBF7EDFE607CEC
:10A5200087ED300A002841F0FB836078002801F0B5
:10A53000F7830121A074617401F0F3BB042841F09A
:10A54000E08541F2383641F274250020C2F200065F
:10A55000C2F20005C4F2C83096ED040ADFEDC00A6D
:10A56000C5F8C00006F15C00FBF7C6FE41F2FC3006
:10A57000C2F20000B0F93E00F0EE400A86ED020A99
:10A5800000EE100AB8EEC00A06F11400FBF7B4FEA4
:10A59000207995ED041A012886ED300A40F03C84BC
:10A5A00094ED140AB3EE042A30EE020AB4EE401A17
:10A5B000F1EE10FA01F3A5850A20E073BDEC028BE1
:10A5C00001B0BDE8F08300BF0138042801F299858D
:10A5D000DFE810F006004C094E089A08BE0700BFDD
:10A5E00041F27425C2F2000595ED000A40F6903064
:10A5F000DFEDE00AC2F20000FBF77EFE41F2FC3024
:10A60000C2F20000B0F93400F0EE400A85ED020A13
:10A6100000EE100A40F28050C2F20000B8EEC00A0C
:10A620000C30FBF769FEE08A9FED8B1A013081B296
:10A6300030EE010A332985ED300AE082C1F06185F0
:10A6400001F0ADBC0138042801F25B85DFE810F0B1
:10A650000600C009B0085009B60700BF41F27425D2
:10A66000C2F2000595ED000A40F69030DFEDC10A18
:10A67000C2F20000FBF740FE41F2FC36C2F20006D7
:10A68000B6F93400F0EE400A85ED020A00EE100A39
:10A6900040F28050C2F20000B8EEC00A0C30FBF766
:10A6A0002BFE9FED6D1A41F23837C2F2000730EEF3
:10A6B000011A97ED040ADFED690A07F15C0085EDE8
:10A6C000301AFBF719FEB6F93E00F0EE400A87EDAE
:10A6D000020A00EE100AB8EEC00A07F11400FBF7F8
:10A6E0000BFE97ED041A9FEDCB2A87ED300AB4EEEE
:10A6F000421AF1EE10FAC1F204859FEDC70AB4EEDA
:10A70000401AF1EE10FA01F3FC840620E073BDEC70
:10A71000028B01B0BDE8F0830138042801F2F18416
:10A72000DFE810F006001605CE04EF0CE20500BFCE
:10A7300041F27420C2F2000090ED040A9FEDF21A7B
:10A740000021B4EE410AC4F2C831F1EE10FAC0F8AB
:10A75000C01009DC9FEDED1AB2EE042A30EE011AAA
:10A7600021EE021A80ED301AB3EE041AB4EE410A5B
:10A77000F1EE10FA01F3C584012020700020A4F846
:10A780000D00E073BDEC028B01B0BDE8F08300BFAB
:10A790000138042801F2B584DFE810F00800760AD9
:10A7A0007809FA09160800BF0080AA4341F274250F
:10A7B000C2F2000595ED000A40F69030DFED6D0A1B
:10A7C000C2F20000FBF798FD41F2FC37C2F200072D
:10A7D000B7F93400F0EE400A85ED020A00EE100AE7
:10A7E00040F28050C2F20000B8EEC00A0C30FBF715
:10A7F00083FD9FED191A41F23836C2F2000630EEA1
:10A80000011A96ED040ADFED160A06F15C0085EDEB
:10A81000301AFBF771FDB7F93E00F0EE400A86ED05
:10A82000020A00EE100AB8EEC00A06F11400FBF7A7
:10A8300063FD96ED041AB3EE042AB0EEC11AB4EE2D
:10A84000421AF1EE10FA86ED300A01F35A8401F053
:10A8500033BC00BF0000A443000096C4000048437E
:10A8600000000000012841F04C8440F6EC78C2F270
:10A87000000840F2A009D8F80010C2F2000940F622
:10A88000340041F27426C9F84C000864C2F2000694
:10A8900096ED000A40F69030DFED360AC2F2000075
:10A8A000FBF72AFD41F2FC37C2F20007B7F934008A
:10A8B000F0EE400A86ED020A00EE100A40F28050E7
:10A8C000C2F20000B8EEC00A0C30FBF715FD1FED18
:10A8D0001E1A41F23835C2F2000530EE011A95ED2C
:10A8E000040A5FED220A05F15C0086ED301AFBF7E1
:10A8F00003FDB7F93E00F0EE400A85ED020A00EED6
:10A90000100AB8EEC00A05F11400FBF7F5FC41F29D
:10A91000D446C2F2000696ED001AD4ED080A85ED81
:10A92000300A06F15C00B0EE410AFBF7E5FCB7F92E
:10A930002A00F0EE400A86ED020A00EE100AB8EE98
:10A94000C00A06F11400FBF7D7FCE08B86ED300A55
:10A95000411C88B23328E183C0F07282617C0029F7
:10A9600040F06E826178002900F06A820122A174B1
:10A97000627466E20000D74341F27425C2F200051A
:10A9800095ED000AD4ED140A40F69030C2F20000B2
:10A99000FBF7B2FC41F2FC36C2F20006B6F9340015
:10A9A000F0EE400A85ED020A00EE100A40F28050F7
:10A9B000C2F20000B8EEC00A0C30FBF79DFC1FEDA0
:10A9C0005A1A41F23837C2F2000730EE011A97EDF9
:10A9D000040A5FED5D0A07F15C0085ED301AFBF7B4
:10A9E0008BFCB6F93E00F0EE400A87ED020A00EE5D
:10A9F000100AB8EEC00A07F11400FBF77DFC60797D
:10AA000087ED300A012841F07C830020607101F05D
:10AA1000C8BA00BF0000344300005C43023803287A
:10AA200001F26F83DFE810F004001805E203B004C0
:10AA300041F27426C2F200061FED778A96ED040AF1
:10AA400040F69030C2F20000F0EE480AFBF754FCEA
:10AA500041F23835C2F2000595ED041A86ED300A50
:10AA600005F15C00B0EE410AF0EE480AFBF744FC49
:10AA700041F2FC36C2F20006B6F93E00F0EE400AA2
:10AA800085ED020A00EE100AB8EEC00A05F11400C6
:10AA9000FBF732FC41F2D447C2F2000797ED001AEF
:10AAA000D4ED080A85ED300A07F15C00B0EE410AEA
:10AAB000FBF722FCB6F92A00F0EE400A87ED020A05
:10AAC00000EE100AB8EEC00A07F11400FBF714FC00
:10AAD000E18A87ED300A4A1C90B203094A2BE282D0
:10AAE00001F29E8140F6EC72C2F2000240F2A00038
:10AAF0001268C2F200004FF4E1618164D163BDECE1
:10AB0000028B01B0BDE8F0830000C842000070C2B3
:10AB100041F27421C2F200010022C1F8C02041F2CA
:10AB20003831C2F20001C1F8C020A17B012904BF65
:10AB30000121E1730138042801F2E382DFE810F01B
:10AB4000060044015800F8002E0000BF41F2FC301E
:10AB5000C2F20000B0F9340041F2742500EE100A90
:10AB6000C2F20005DFEDE20AB8EEC00A05F11400FA
:10AB7000FBF7C2FB95ED041A9FEDDE3A1FEDCA2AE2
:10AB8000B4EE431A30EE020AF1EE10FA85ED300A07
:10AB9000C1F2B7829FEDD80A44E100BF41F2FC3018
:10ABA000C2F20000B0F9340041F2742500EE100A40
:10ABB000C2F20005DFEDCE0AB8EEC00A05F11400BE
:10ABC000FBF79AFB1FEDDC1ABBEE043A30EE012ACC
:10ABD00094ED121A95ED040A31EE033AB4EE430AED
:10ABE000F1EE10FA85ED302A80F2E38001F089BAA7
:10ABF000E078012802D098BB0120E07041F2FC30DF
:10AC0000C2F20000B0F9340041F2742500EE100ADF
:10AC1000C2F20005DFEDB60AB8EEC00A05F1140075
:10AC2000FBF76AFB95ED041A9FEDF13A9FEDF12ACF
:10AC3000B4EE431A30EE020AF1EE10FA85ED300A56
:10AC40000DDB9FEDED0AB4EE401AF1EE10FA06DCD2
:10AC500048F20000C4F2AA30E0640220E073E07819
:10AC6000022830D141F2FC30C2F20000B0F93400C9
:10AC700041F2742500EE100AC2F20005DFED9C0AD5
:10AC8000B8EEC00A05F11400FBF736FB95ED041A87
:10AC90009FEDDA3A9FEDD72AB4EE431A30EE020A5E
:10ACA000F1EE10FA85ED300A0DDB9FEDD50AB4EE1A
:10ACB000401AF1EE10FA06DC48F20000C4F2F0305F
:10ACC000E0640220E073E078032841F01A8241F248
:10ACD000FC30C2F20000B0F9340041F2742500EEFD
:10ACE000100AC2F20005DFED820AB8EEC00A05F1D3
:10ACF0001400FBF701FB95ED041A9FEDC23A9FED9E
:10AD0000BD2AB4EE431A30EE020AF1EE10FA85EDD8
:10AD1000300AC1F2F6819FEDBC0AB4EE401AF1EEA2
:10AD200010FA01F3EE810020C4F23730E0647FE0D6
:10AD300041F2FC30C2F20000B0F9340041F2742557
:10AD400000EE100AC2F20005DFED690AB8EEC00A93
:10AD500005F11400FBF7D0FA9FEDA61A207930EE2A
:10AD6000011A95ED040A012885ED301A15D194EDEC
:10AD7000141ABBEE042A31EE022AB4EE420AF1EEB6
:10AD800010FA0ADBB3EE042A31EE021AB4EE410ADD
:10AD9000F1EE10FADCBF0A20E07394ED121ABBEE5C
:10ADA000042A31EE022AB4EE420AF1EE10FAC1F2A0
:10ADB000A881B3EE042A31EE021AB4EE410AF1EE94
:10ADC00010FA35DD01F09DB941F2FC30C2F200000D
:10ADD000B0F9340041F2742500EE100AC2F2000509
:10ADE000DFED430AB8EEC00A05F11400FBF784FA60
:10ADF00095ED041A9FED853A9FED7E2AB4EE431A35
:10AE000030EE020AF1EE10FA85ED300AC1F27981D6
:10AE10009FED7F0A06E000BF94ED120AB3EE042A0C
:10AE200030EE020AB4EE401AF1EE10FA01F3698135
:10AE30000220E073BDEC028B01B0BDE8F08300BFDF
:10AE4000A17C332834D3022932D1E08AB9F800102A
:10AE5000421C90B2C1F548738342E28201F34D81F6
:10AE6000C1F59662824281F2218040F2A462521AB8
:10AE7000824281F27B80C1F5FA62824281F238819E
:10AE800040F69802511A814281F23781218B0020CD
:10AE900001312183A4F85400E061E082A4F811009C
:10AEA000208B80B2B428C1F02C8101F03AB900BFE8
:10AEB000012941F02281322841F21F81E08A411CA0
:10AEC000B9F800008AB2C0F561709042208BE1822F
:10AED00081F2248100210130E183E1822083A4F802
:10AEE000111080B2B428C1F00C8101F01AB900BF72
:10AEF0000080BBC40000CD430000E14341F2742553
:10AF0000C2F2000595ED000AD4ED120A40F6903029
:10AF1000C2F20000FBF7F0F941F2FC36C2F2000683
:10AF2000B6F93400F0EE400A85ED020A00EE100A90
:10AF300040F28050C2F20000B8EEC00A0C30FBF7BD
:10AF4000DBF99FED2C1A41F23837C2F2000730EEE0
:10AF5000011A97ED040ADFED2F0A07F15C0085ED79
:10AF6000301AFBF7C9F9B6F93E00F0EE400A87ED5A
:10AF7000020A00EE100AB8EEC00A07F11400FBF74F
:10AF8000BBF9E08A87ED300A411C88B2B0F5FA7F40
:10AF9000E18241F2B680A17A032901F237809FED68
:10AFA0001E0ADFE811F04E022F0805002D0800BF31
:10AFB0009FEDF40A01F026B8E18A4A1C90B2B0F580
:10AFC000E16FE28200F2E28640F6EC724FF49661A5
:10AFD000C2F2000201EB500040F2A0011268C2F27E
:10AFE00000018864D063BDEC028B01B0BDE8F08342
:10AFF0000080A043000096C40080B4430080E64374
:10B000000080FA430000234300004B4300009A43B2
:10B010000000AE430000484300005D4341F2742548
:10B02000C2F2000595ED000AD4ED130A40F6903007
:10B03000C2F20000FBF760F941F2FC36C2F20006F2
:10B04000B6F93400F0EE400A85ED020A00EE100A6F
:10B0500040F28050C2F20000B8EEC00A0C30FBF79C
:10B060004BF91FED1C1A41F23837C2F2000730EEDF
:10B07000011A97ED040A5FED190A07F15C0085EDEE
:10B08000301AFBF739F9B6F93E00F0EE400A87EDC9
:10B09000020A00EE100AB8EEC00A07F11400FBF72E
:10B0A0002BF9607C87ED300A002840F087866078B5
:10B0B000002800F083860121A074617400F07FBE37
:10B0C00041F27425C2F2000595ED040A9FEDDF1AE6
:10B0D0000020B4EE410AC4F2C830F1EE10FAC5F80F
:10B0E000C00009DC9FEDDA1A30EE010AB2EE041A54
:10B0F00020EE010A85ED300A41F23836C2F2000630
:10B1000096ED040ADFEDD30A06F15C00FBF7F4F8D4
:10B1100041F2FC30C2F20000B0F93E00F0EE400A0D
:10B1200086ED020A00EE100AB8EEC00A06F114001D
:10B13000FBF7E2F895ED041AB3EE042AB4EE421AD6
:10B14000F1EE10FA86ED300A00F3DB8700F031BC37
:10B1500041F27425C2F2000595ED040A9FEDBB1A79
:10B160000020B4EE410AC4F2C830F1EE10FAC5F87E
:10B17000C00009DC9FEDB61A30EE010AB2EE041AE7
:10B1800020EE010A85ED300A41F23836C2F200069F
:10B1900096ED040ADFEDAF0A06F15C00FBF7ACF8B0
:10B1A00041F2FC30C2F20000B0F93E00F0EE400A7D
:10B1B00086ED020A00EE100AB8EEC00A06F114008D
:10B1C000FBF79AF895ED041AB3EE042AB4EE421A8E
:10B1D000F1EE10FA86ED300A00F39387A07901288A
:10B1E00040F08F870020A071E3E300BF41F2742696
:10B1F000C2F2000696ED000AD4ED140A40F6903033
:10B20000C2F20000FBF778F841F2FC35C2F200050B
:10B21000B5F93400F0EE400A86ED020A00EE100A9D
:10B2200040F28050C2F20000B8EEC00A0C30FBF7CA
:10B2300063F81FED901A41F23837C2F2000730EE82
:10B24000011A97ED040A5FED8D0A07F15C0086EDA7
:10B25000301AFBF751F8B5F93E00F0EE400A87EDE1
:10B26000020A00EE100AB8EEC00A07F11400FBF75C
:10B2700043F841F2D446C2F2000696ED001AD4ED2E
:10B28000080A87ED300A06F15C00B0EE410AFBF7D0
:10B2900033F8B5F92A00F0EE400A86ED020A00EE16
:10B2A000100AB8EEC00A06F11400FBF725F8E08A90
:10B2B00086ED300A411C88B23328E182C0F0218734
:10B2C00040F2A001C2F2000140F2DC520A6440F6F2
:10B2D000EC71C2F200010968B0F5FA7F4A6340F2EE
:10B2E000108701206072ACE041F27425C2F20005C3
:10B2F00095ED040A9FED551A0020B4EE410AC4F200
:10B30000C830F1EE10FAC5F8C00009DC9FED501A04
:10B3100030EE010AB2EE041A20EE010A85ED300A81
:10B3200041F23836C2F2000696ED040ADFED490A12
:10B3300006F15C00FAF7E0FF41F2FC30C2F20000D7
:10B34000B0F93E00F0EE400A86ED020A00EE100A67
:10B35000B8EEC00A06F11400FAF7CEFF95ED041A14
:10B36000B3EE042AB4EE421AF1EE10FA86ED300A7A
:10B3700000F3C7860B20E073BDEC028B01B0BDE883
:10B38000F08300BF0080AA4341F27425C2F2000599
:10B3900095ED000AD4ED120A40F69030C2F200009A
:10B3A000FAF7AAFF41F2FC36C2F20006B6F9340001
:10B3B000F0EE400A85ED020A00EE100A40F28050DD
:10B3C000C2F20000B8EEC00A0C30FAF795FF1FED8C
:10B3D000F71A41F23837C2F2000730EE011A97ED42
:10B3E000040A5FEDF40A07F15C0085ED301AFAF704
:10B3F00083FFB6F93E00F0EE400A87ED020A00EE48
:10B40000100AB8EEC00A07F11400FAF775FFE08AD7
:10B4100087ED300A411C88B23328E182C0F0718682
:10B4200040F2A001C2F2000140F2DC520A6440F690
:10B43000EC71C2F200010968B0F5FA7F4A6340F28C
:10B4400060860020E08200F075BE00BF0000C842A8
:10B45000000070C20000000041F27426C2F2000633
:10B460001FED048A96ED040A40F69030C2F2000007
:10B47000F0EE480AFAF740FF41F23835C2F2000513
:10B4800095ED041A86ED300A05F15C00B0EE410A34
:10B49000F0EE480AFAF730FF41F2FC36C2F200063D
:10B4A000B6F93E00F0EE400A85ED020A00EE100A01
:10B4B000B8EEC00A05F11400FAF71EFF41F2D447B6
:10B4C000C2F2000797ED001AD4ED080A85ED300AA4
:10B4D00007F15C00B0EE410AFAF70EFFB6F92A0058
:10B4E000F0EE400A87ED020A00EE100AB8EEC00A3C
:10B4F00007F11400FAF700FFE18A87ED300A4A1CD1
:10B5000090B2B0F5966FE282C0F0FB8500F0DE8469
:10B5100042094A2A00F2DA8440F6EC72C2F20002D2
:10B5200040F2A0001268C2F2000040F2DC51016457
:10B530005163BDEC028B01B0BDE8F0839FEDEA0AD8
:10B5400084ED120A2075BDEC028B01B0BDE8F083DA
:10B5500041F27425C2F2000595ED000AD4ED120AFD
:10B5600040F69030C2F20000FAF7C6FE41F2FC301D
:10B57000C2F20000B0F93400F0EE400A85ED020A94
:10B5800000EE100A40F28050C2F20000B8EEC00A8D
:10B590000C30FAF7B1FEE08A9FEDD41A013081B287
:10B5A00030EE010AB1F5C87F85ED300AE08240F245
:10B5B000A8850020607100F0F3BC00BF41F2742543
:10B5C000C2F2000595ED000AD4ED120A40F6903063
:10B5D000C2F20000FAF790FE41F2FC36C2F2000619
:10B5E000B6F93400F0EE400A85ED020A00EE100ACA
:10B5F00040F28050C2F20000B8EEC00A0C30FAF7F8
:10B600007BFE9FEDBA1A41F23837C2F2000730EEE6
:10B61000011A97ED040ADFEDEA0A07F15C0085EDF7
:10B62000301AFAF769FEB6F93E00F0EE400A87EDEF
:10B63000020A00EE100AB8EEC00A07F11400FAF789
:10B640005BFE97ED041A9FEDDF2A87ED300AB4EE1A
:10B65000421AF1EE10FAC0F254859FEDDB0AB4EE07
:10B66000401AF1EE10FA40F3A48100F04ABD00BF89
:10B6700041F27425C2F2000595ED000AD4ED130ADB
:10B6800040F69030C2F20000FAF736FE41F2FC308C
:10B69000C2F20000B0F93400F0EE400A85ED020A73
:10B6A00000EE100A40F28050C2F20000B8EEC00A6C
:10B6B0000C30FAF721FEE08A9FED8C1A411C88B20B
:10B6C00030EE010A332885ED300AE182C0F0198599
:10B6D0004EF66021884224BF1520E082607901285F
:10B6E00040F00F850020E082CAE300BF48F200016D
:10B6F000C4F2E631A16420750020E073BDEC028B3A
:10B7000001B0BDE8F08300BF41F27425C2F200052C
:10B7100095ED000AD4ED120A40F69030C2F2000016
:10B72000FAF7EAFD41F2FC30C2F20000B0F9340051
:10B73000F0EE400A85ED020A00EE100A40F2805059
:10B74000C2F20000B8EEC00A0C30FAF7D5FDE08A6C
:10B750009FED661A411C8AB230EE010A332A85ED4C
:10B76000300AE182C0F0CD844EF6602741F2A15349
:10B77000BA4228BFC118227C6079012AE18208BF41
:10B78000012800F0FF83002A40F0BB8494ED120AE8
:10B790009FED8E1AB4EE410AF1EE10FA08BF0128AF
:10B7A00040F0F58300206071E0820320E073EEE357
:10B7B00041F27425C2F2000595ED000AD4ED130A9A
:10B7C00040F690300EE100BF41F27425C2F2000550
:10B7D00095ED000AD4ED120A40F69030C2F2000056
:10B7E000FAF78AFD41F2FC36C2F20006B6F93400DF
:10B7F000F0EE400A85ED020A00EE100A40F2805099
:10B80000C2F20000B8EEC00A0C30FAF775FD9FEDE9
:10B81000371A41F23837C2F2000730EE011A97EDBD
:10B82000040A5FEDF40A07F15C0085ED301AFAF7BF
:10B8300063FDB6F93E00F0EE400A87ED020A00EE25
:10B84000100AB8EEC00A07F11400FAF755FDE08AB5
:10B8500087ED300A013081B2B1F57A7FE08240F2A3
:10B8600050840020E08200F027BC00BF41F2742524
:10B87000C2F2000595ED000A40F69030DFEDC30AF4
:10B88000C2F20000FAF738FD41F2FC30C2F20000CB
:10B89000B0F93400F0EE400A85ED020A00EE100A1D
:10B8A00040F28050C2F20000B8EEC00A0C30FAF745
:10B8B00023FDE08A9FED0D1A411C88B230EE010A8B
:10B8C000332885ED300AE182C0F01B844EF66021FA
:10B8D000884224BF1520E0826079012840F011845D
:10B8E0000020E082FFF792B800005D43000096C49C
:10B8F000207941F27425C2F2000504F1480195ED6A
:10B90000000A012808BF04F15001D1ED000A40F6F9
:10B910009030C2F20000FAF7EFFC41F2FC36C2F2BE
:10B920000006B6F93400F0EE400A85ED020A00EE9A
:10B93000100A40F28050C2F20000B8EEC00A0C308B
:10B94000FAF7DAFC1FED171A41F23837C2F2000796
:10B9500030EE011A97ED040ADFED190A07F15C00D9
:10B9600085ED301AFAF7C8FCB6F93E00F0EE400A51
:10B9700087ED020A00EE100AB8EEC00A07F11400C3
:10B98000FAF7BAFC97ED041A9FED0E2A87ED300AFC
:10B99000B4EE421AF1EE10FAC0F2B3839FED0A0A38
:10B9A000B4EE401AF1EE10FA00F3AB8320790128CF
:10B9B00065D10820E073BDEC028B01B0BDE8F083D7
:10B9C000000048430000344300005C430080E6432D
:10B9D00041F27425C2F2000595ED000A40F6903060
:10B9E000DFED6A0AC2F20000FAF786FC41F2FC368B
:10B9F000C2F20006B6F93400F0EE400A85ED020A04
:10BA000000EE100A40F28050C2F20000B8EEC00A08
:10BA10000C30FAF771FC1FED4B1A41F23837C2F2C5
:10BA2000000730EE011A97ED040A5FED1B0A07F1DB
:10BA30005C0085ED301AFAF75FFCB6F93E00F0EED7
:10BA4000400A87ED020A00EE100AB8EEC00A07F1BC
:10BA50001400FAF751FC97ED041A1FED262A87ED22
:10BA6000300AB4EE421AF1EE10FAC0F24A831FED2A
:10BA70002A0AB4EE401AF1EE10FA00F342830420D1
:10BA8000E073BDEC028B01B0BDE8F08341F2742697
:10BA9000C2F2000694ED131A9FEDF12A96ED000A0A
:10BAA00040F6903071EE020AC2F20000FAF724FC70
:10BAB00041F2FC35C2F20005B5F93400F0EE400A5F
:10BAC00086ED020A00EE100A40F28050C2F2000039
:10BAD000B8EEC00A0C30FAF70FFC1FED7C1AE08AB2
:10BAE00030EE010A652886ED300A1CD341F2383663
:10BAF000C2F2000696ED040ADFEDF10A06F15C00E1
:10BB0000FAF7FAFBB5F93E00F0EE400A86ED020ABC
:10BB100000EE100AB8EEC00A06F11400FAF7ECFBCA
:10BB2000E08A86ED300A013081B2B1F57A7FE08299
:10BB300040F2E78294ED130A9FEDE21AB4EE410A57
:10BB4000F1EE10FA07D09FEDE01AB4EE410AF1EEE3
:10BB500010FA40F08582A179227C608B002908BF11
:10BB6000012800F06B82012908BF002A40F06C8296
:10BB700004210720E17000212070E1826183E073DD
:10BB8000A171BDEC028B01B0BDE8F0830000A443BD
:10BB900041F27425C2F2000595ED000AD4ED120AB7
:10BBA00040F69030C2F20000FAF7A6FB41F2FC36F4
:10BBB000C2F20006B6F93400F0EE400A85ED020A42
:10BBC00000EE100A40F28050C2F20000B8EEC00A47
:10BBD0000C30FAF791FB1FEDBB1A41F23837C2F275
:10BBE000000730EE011A97ED040ADFEDB50A07F100
:10BBF0005C0085ED301AFAF77FFBB6F93E00F0EEF7
:10BC0000400A87ED020A00EE100AB8EEC00A07F1FA
:10BC10001400FAF771FBE08A87ED300A013081B237
:10BC2000B1F57A7FE08240F26C82607A012840F0C0
:10BC30008381012121702174E17A00202071E0824A
:10BC40006072481CC1B20329E07280F0358294ED25
:10BC5000120A1FEDDB1AB4EE410AF1EE10FA40F0C1
:10BC6000718248F20000C4F2E630217BA06401201A
:10BC700094ED140A1FEDAB1AA070481C2073092024
:10BC8000B4EE410A79E200BF41F27425C2F2000528
:10BC900095ED000A40F690305FED440AC2F20000D4
:10BCA000FAF72AFB41F2FC36C2F20006B6F934007C
:10BCB000F0EE400A85ED020A00EE100A40F28050D4
:10BCC000C2F20000B8EEC00A0C30FAF715FB1FED07
:10BCD000F91A41F23837C2F2000730EE011A97ED37
:10BCE000040ADFED770A07F15C0085ED301AFAF7F8
:10BCF00003FBB6F93E00F0EE400A87ED020A00EEC3
:10BD0000100AB8EEC00A07F11400FAF7F5FAA079A4
:10BD100087ED300A012840F0A5800120CBE100BF6B
:10BD2000A07C022800F0B680012840F0EA81E08A79
:10BD3000411C88B2B0F5FA7FE18240F2E28140F224
:10BD4000A001C2F2000140F634020A6440F6EC7130
:10BD5000C2F200010968B0F5FA6F4A6340F2D1817E
:10BD6000608B0121013082B260830520E0730020E6
:10BD7000E082A1716070022A607424BF6083E17167
:10BD8000BDEC028B01B0BDE8F08300BFA1F51661E8
:10BD900089B240F2AE42914240F2BB80B0F5616F91
:10BDA00040F2AF81002084F85400E082A08301209B
:10BDB000E073BDEC028B01B0BDE8F083A07C0228EB
:10BDC0006CD0012840F09D81E08A411C88B2B0F51A
:10BDD000FA7FE18240F2958140F2A001C2F20001B7
:10BDE00040F634020A6440F6EC71C2F200010968C0
:10BDF000B0F5FA6F4A6340F28481608BA17901301B
:10BE00006083481CA07100200521A4F81100E17393
:10BE1000E0826070BDEC028B01B0BDE8F08300BF32
:10BE2000B0F5966F6ED042094A2A6BD840F6EC7393
:10BE3000C2F2000340F2A0011B68C2F2000140F20E
:10BE4000DC520A645A634FF41662A2EB500080B2CF
:10BE50008864D863BDEC028B01B0BDE8F08300BFFD
:10BE6000000020422178084305D1207C002802BF31
:10BE70000120207020746079012840F04281002068
:10BE800060710320A4F80F00BDEC028B01B0BDE887
:10BE9000F08300BF0020607060744BE1608B013064
:10BEA000608300206070A4F8110043E194F854000E
:10BEB000411C002884F8541060D14FF4487027E1E9
:10BEC000000000000080AA4300003743A1F516617E
:10BED00089B240F2AE4291421BD9B0F5616F40F297
:10BEE0001081E17800200329E082A0837FF65FAF14
:10BEF000A4F80D00E070E073BDEC028B01B0BDE86A
:10BF0000F08300BFA1F5166189B240F2AE429142C2
:10BF10004ED8A08B411C0028A18340F0F28094ED04
:10BF2000080A9FEDB81A30EE010A84ED080ABDEC4C
:10BF3000028B01B0BDE8F083207900210128E18265
:10BF400046D194ED120A94ED141A0120B4EE401A71
:10BF5000E074F1EE10FAB8BF092008BF0A20E073C0
:10BF6000BDEC028B01B0BDE8F08300BF94F8550032
:10BF7000411C002884F8551000F0C880D9F844000E
:10BF8000C8E000BF002094ED120A207460719FED9C
:10BF90009E1AB4EE410AF1EE10FA00F0B2800020D1
:10BFA000E0820320E073BDEC028B01B0BDE8F083BA
:10BFB000B0F5616F40F2A580E17900200129E082AF
:10BFC000A08300F0118100293FF4F1AE99E000BF99
:10BFD00094ED120A9FED891AB4EE410AF1EE10FABF
:10BFE00040F0D88048F200010120C4F2E631207010
:10BFF000A164E073BDEC028B01B0BDE8F08300BF2B
:10C000009FED810A0121217184ED140A40F2DD5275
:10C01000904240F6EC72C2F2000240F2A0011268B7
:10C02000C2F200014FF4FA600864506369D3012042
:10C0300020710020E082A0727CE000BF002A7FF423
:10C0400092AD01222270227451B96179012907D180
:10C05000012805D10020E08260710320A4F80F00C0
:10C060009FED6B1AB4EE410AF1EE10FA49D1A179B5
:10C07000608B022918BF04280CD16279012A12D1E1
:10C0800000226271E2820322A4F80F2001290CD061
:10C090001AE000BF227C002A02BF01222270227413
:10C0A0006279012AECD001290ED1227A62B90120ED
:10C0B00000212072E18220700720E073BDEC028B2A
:10C0C00001B0BDE8F08300BF02291AD1E178C0F1C8
:10C0D00005002070481CE07000200721E082E17319
:10C0E000A0716083BDEC028B01B0BDE8F08300BF9E
:10C0F000A08B411C0028A18368D0208B80B2B4287B
:10C100000FD2BDEC028B01B0BDE8F0834FF4966016
:10C11000C9F84400D8F800108863208B80B2B42896
:10C12000EFD3D8F8001040F2DC50C9F84C00086496
:10C13000002020830520E073BDEC028B01B0BDE838
:10C14000F08300BF9FED301AB4EE410AF1EE10FA11
:10C1500006D09FED2B1AB4EE410AF1EE10FA07D18A
:10C160009FED2A1A022030EE010A84ED120AA07017
:10C1700094ED141A0920B4EE401AF1EE10FAB8BF8B
:10C18000012008BF0220E073BDEC028B01B0BDE8C6
:10C19000F08300BF9FED1C1AB4EE410AF1EE10FAD5
:10C1A00006D09FED171AB4EE410AF1EE10FA05D150
:10C1B0009FED161A30EE010A84ED120A0920E07391
:10C1C000BDEC028B01B0BDE8F08300BF94ED080A1E
:10C1D0009FED0C1A208B30EE010A84ED080A80B224
:10C1E000B4288ED39DE700BFA4F80D00E071E07382
:10C1F000BDEC028B01B0BDE8F08300BF00005D43E1
:10C200000080AA43000010420080E6430000F0C214
:10C210000080F04380B5012898BF012002F05EF84D
:10C22000002080BD80B502F00DF9002080BD000027
:10C23000B0B584B043698E4693B1846984B10589F1
:10C24000D0E9001C026928B2843D18BFC51CCDE9A5
:10C25000005360467346029402F08EFA04B0B0BDFB
:10C260000589D0E90013028A28B2843D18BFC51C95
:10C2700003AC18467346CDE9005402F04DFA039919
:10C28000012818BF0021084604B0B0BD28B940F20B
:10C29000BC10C2F20000006810B13430704700BF1B
:10C2A0004FF0500080F31188BFF36F8FBFF34F8FB3
:10C2B000FEE700002DE9F04381B02DED028B82B046
:10C2C000804641F2985648F65C704CF6CD41C2F279
:10C2D0000006C3F6C250C3F6CC51C6E9051098ED6E
:10C2E000050A40F6E8059FED091AC2F2000595ED32
:10C2F0000B2A9FED073AB4EE410AF1EE10FAC6E9B7
:10C300000001C6E90200306144DB03E05C8FC23DFE
:10C31000CDCCCC3DB5EE402AF1EE10FA3AD14FF03B
:10C320007E50E86240F26C40C2F20000017840F2B8
:10C33000A4390139017041F2DC60C2F20000C2F29E
:10C340000009002400F1600700F1180100F130023B
:10C3500000F14803C9F81840009700F0D1FE40F200
:10C360001040C2F20000046040F21440C2F200002B
:10C37000046040F20C40C2F200000460C820F5F7EF
:10C3800023FC98ED050A96ED013A95ED0B2A032062
:10C3900089F8050095ED0C1AB4EE430AF1EE10FA97
:10C3A000B7EE008A42DBB4EE482AF1EE10FA3DD136
:10C3B000B5EE401AF1EE10FA38D14FF07E502863F6
:10C3C00040F26C40C2F20000017840F2A439013919
:10C3D000017041F2DC60C2F20000C2F200090024E8
:10C3E00000F1600700F1180100F1300200F148038C
:10C3F000C9F81840009700F083FE40F21040C2F2E6
:10C400000000046040F21440C2F20000046040F2F8
:10C410000C40C2F200000460C820F5F7D5FB98ED8F
:10C42000050A95ED0C1A042089F8050096ED023AEC
:10C4300095ED0D2AB4EE430AF1EE10FA42DBB4EEAC
:10C44000481AF1EE10FA3DD1B5EE402AF1EE10FA9D
:10C4500038D14FF07E50686340F26C40C2F2000069
:10C46000017840F2A4390139017041F2DC60C2F276
:10C470000000C2F20009002400F1600700F1180179
:10C4800000F1300200F14803C9F81840009700F0AD
:10C4900037FE40F21040C2F20000046040F2144047
:10C4A000C2F20000046040F20C40C2F200000460DE
:10C4B000C820F5F789FB98ED050A95ED0D2A0520B2
:10C4C00089F8050096ED033A95ED0E1AB4EE430A8D
:10C4D000F1EE10FA42DBB4EE482AF1EE10FA3DD14B
:10C4E000B5EE401AF1EE10FA38D14FF07E50A86345
:10C4F00040F26C40C2F20000017840F2A4390139E8
:10C50000017041F2DC60C2F20000C2F200090024B6
:10C5100000F1600700F1180100F1300200F148035A
:10C52000C9F81840009700F0EBFD40F21040C2F24D
:10C530000000046040F21440C2F20000046040F2C7
:10C540000C40C2F200000460C820F5F73DFB98EDF6
:10C55000050A95ED0E1A062089F8050096ED043AB5
:10C5600095ED0F2AB4EE430AF1EE10FA42DBB4EE79
:10C57000481AF1EE10FA3DD1B5EE402AF1EE10FA6C
:10C5800038D14FF07E50E86340F26C40C2F20000B8
:10C59000017840F2A4390139017041F2DC60C2F245
:10C5A0000000C2F20009002400F1600700F1180148
:10C5B00000F1300200F14803C9F81840009700F07C
:10C5C0009FFD40F21040C2F20000046040F21440AF
:10C5D000C2F20000046040F20C40C2F200000460AD
:10C5E000C820F5F7F1FA98ED050A95ED0F2A072016
:10C5F00089F8050096ED053A95ED101AB4EE430A58
:10C60000F1EE10FA42DBB4EE482AF1EE10FA3DD119
:10C61000B5EE401AF1EE10FA38D14FF07E50286492
:10C6200040F26C40C2F20000017840F2A4390139B6
:10C63000017041F2DC60C2F20000C2F20009002485
:10C6400000F1600700F1180100F1300200F1480329
:10C65000C9F81840009700F053FD40F21040C2F2B4
:10C660000000046040F21440C2F20000046040F296
:10C670000C40C2F200000460C820F5F7A5FA98ED5E
:10C68000050A95ED101A082089F8050096ED062A8E
:10C69000B4EE420AF1EE10FA3EDBB4EE481AF1EEC7
:10C6A00010FA39D195ED110AB5EE400AF1EE10FA03
:10C6B00032D14FF07E50686440F26C40C2F200000C
:10C6C000017840F2A4340139017041F2DC60C2F219
:10C6D0000000C2F20004002600F1600700F118011A
:10C6E00000F1300200F14803A661009700F008FD58
:10C6F00040F21040C2F20000066040F21440C2F264
:10C700000000066040F20C40C2F200000660C82043
:10C71000F5F75AFA0920607102B0BDEC028B01B046
:10C72000BDE8F0830000000080B50A2800F288818F
:10C73000DFE810F00C00860164001000E800120130
:10C740003A009400BE008801760100BFBDE8804039
:10C75000FCF756BB40F6C860C2F2000090ED010A3B
:10C76000B5EE400AF1EE10FA08D140F27141C2F282
:10C77000000101220A704FF07E51416040F26C408E
:10C78000C2F200000078002800F05A8141F298506F
:10C79000C2F2000090ED010A40F6E800C2F200008B
:10C7A000D0ED0C1AFFE000BF40F6C860C2F20000F6
:10C7B00090ED040AB5EE400AF1EE10FA08D140F20D
:10C7C0007141C2F2000101220A704FF07E510161F5
:10C7D00040F26C40C2F200000078002800F0308186
:10C7E00041F29850C2F2000090ED040A40F6E800D1
:10C7F000C2F20000D0ED0F1AD5E000BF40F6C860CD
:10C80000C2F2000090ED000AB5EE400AF1EE10FA17
:10C810000ED140F27941C2F2000103220A7040F2C7
:10C820007141C2F2000101220A704FF07E51016095
:10C8300040F26C40C2F200000078002800F0008155
:10C8400041F29850C2F2000090ED000A40F6E80074
:10C85000C2F20000D0ED0B1AA5E000BF40F6C860A0
:10C86000C2F2000090ED050AB5EE400AF1EE10FAB2
:10C8700008D140F27141C2F2000101220A704FF06A
:10C880007E51416140F26C40C2F200000078002805
:10C8900000F0D68041F29850C2F2000090ED050AF7
:10C8A00040F6E800C2F20000D0ED101A7BE000BFB5
:10C8B00040F6C860C2F2000090ED060AB5EE400AEC
:10C8C000F1EE10FA08D140F27141C2F200010122EA
:10C8D0000A704FF07E51816140F26C40C2F200005C
:10C8E0000078002800F0AC8041F29850C2F20000BD
:10C8F00090ED060A40F6E800C2F20000D0ED111AF1
:10C9000051E000BF40F6C860C2F2000090ED020A9C
:10C91000B5EE400AF1EE10FA08D140F27141C2F2D0
:10C92000000101220A704FF07E51816040F26C409C
:10C93000C2F200000078002800F0828041F2985096
:10C94000C2F2000090ED020A40F6E800C2F20000D8
:10C95000D0ED0D1A27E000BF40F6C860C2F200001B
:10C9600090ED030AB5EE400AF1EE10FA08D140F25C
:10C970007141C2F2000101220A704FF07E51C16084
:10C9800040F26C40C2F200000078002858D041F21A
:10C990009850C2F2000090ED030A40F6E800C2F29F
:10C9A0000000D0ED0E1A41F2DC60C2F20000DFEDB3
:10C9B0003A0A9FED3A1A603001F0EAF940F2A430E9
:10C9C000C2F2000080ED0A0A40F21440C2F20000F8
:10C9D0000021016040F20C40B3EE0E1AC2F20000DA
:10C9E00020EE010A016010EE100A04F0CBFC9FED6E
:10C9F000280B53EC102B04F0B1F803F0C9FF40F200
:10CA00001811C2F2000191ED000A01EE100A81EE48
:10CA1000000A40F21040C2F2000080ED000A80BD22
:10CA200040F21040C2F200000021016040F21440C8
:10CA3000C2F20000016040F20C40C2F2000001604E
:10CA400080BD00BF40F21040C2F200000021016032
:10CA500040F21440C2F20000016040F6C860C2F229
:10CA6000000090ED070A40F20C42B5EE400AC2F217
:10CA70000002F1EE10FA116018BF80BD40F2714162
:10CA8000C2F2000101220A704FF07E51C16180BDE7
:10CA90004AD8124DFB2109400AD7233C8FC2F53CEE
:10CAA000F0B581B040F2BC14C2F200040E46676AD1
:10CAB00021680546081D01F0A1FA18B1681C0CD0C8
:10CAC00016E000BF20680121C06A626801FA00F028
:10CAD00022EA00006060681C0AD14EB154F8500B85
:10CAE000011D204601B0BDE8F04001F0E9BA00BFE9
:10CAF0002068ED19456007D3606B2168043101B0EF
:10CB0000BDE8F04001F0AABA206B2168043101F0C1
:10CB1000A5FA206A854238BF256201B0F0BD000049
:10CB20002DE9F041044601F0E3FA40F2BC16C2F2EE
:10CB30000006306941F2C055013030613068C2F200
:10CB4000000548B17069002840D13068E16AC06AC8
:10CB5000884298BF346039E034603069012835D1AB
:10CB6000284601F06BFA05F1140001F067FA05F1AF
:10CB7000280001F063FA05F13C0001F05FFA05F1CD
:10CB8000500001F05BFA05F1640001F057FA05F17D
:10CB9000780001F053FA40F2E448C2F2000840463F
:10CBA00001F04CFA08F11407384601F047FA06F193
:10CBB000640001F043FA06F13C0001F03FFA06F18F
:10CBC000500001F03BFAC6F8308077637068B168B6
:10CBD00001220131B160E16A8A401043706001EBCB
:10CBE000810005EB8000211D01F06AFA01F0A4FA32
:10CBF000706988B13068E16AC06A884228BFBDE8C0
:10CC0000F0814EF60450CEF200004FF080510160EA
:10CC1000BFF34F8FBFF36F8FBDE8F08140F2BC15BB
:10CC200041F2C0564EF60458C2F20005C2F20006A8
:10CC3000CEF200084FF0805703E000BF204601F01D
:10CC400093FAE868D0B101F053FAA86CC468201DCB
:10CC500001F0D4F9286901382861E8680138E860F2
:10CC600001F06AFA94F851000228EAD00128E5D0D0
:10CC700070B9206B01F078FAE0E700BF3068022855
:10CC8000DFD3C8F80070BFF34F8FBFF36F8FD8E7C3
:10CC90004FF0500080F31188BFF36F8FBFF34F8FB9
:10CCA000FEE700002DE9F047DDE909878246386B91
:10CCB000089C00EB820004389946002920F0070602
:10CCC00044D0087887F83400D8B3487887F835001E
:10CCD000B8B3887887F8360098B3C87887F83700F3
:10CCE00078B3087987F8380058B3487987F839005D
:10CCF00038B3887987F83A0018B3C87987F83B00C9
:10CD0000F8B1087A87F83C00D8B1487A87F83D0036
:10CD1000B8B1887A87F83E0098B1C87A87F83F00A2
:10CD200078B1087B87F8400058B1487B87F841000C
:10CD300038B1887B87F8420000281CBFC87B87F881
:10CD40004300002087F8430003E000BF002087F87D
:10CD500034000025381D062C28BF0624FC62C7E9D4
:10CD6000114501F077F907F1180001F073F984F02B
:10CD70000700B861304651464A463F617F62FD6414
:10CD800087F8505000F030F9B8F1000F386018BF44
:10CD9000C8F80070BDE8F08708480068006880F3B4
:10CDA00008884FF0000080F3148862B661B6BFF3C4
:10CDB0004F8FBFF36F8F00DF00BF000008ED00E072
:10CDC00081B00020009040F22410C2F20000006800
:10CDD0004FF0500181F31188BFF36F8FBFF34F8F76
:10CDE000013007D0FEE700BF009830B9009820B9A5
:10CDF000009810B900980028F6D001B070470000E4
:10CE000070B5044601F084FB40F2342CC2F2000CF1
:10CE1000DCF8042012B19CF8000020E041F25470CC
:10CE2000C2F20000420700F5705200F1070122F043
:10CE3000070218BF21F007000021A2F10803CCE986
:10CE40000601CCF8043042E90211DCF80420191A7A
:10CE5000C0E900210120CCE902118CF80000002576
:10CE6000002C4FF0000148BF01215AD0084058D192
:10CE700024F0070000F11003600708BF04F1080365
:10CE8000DCF80800591E81424BD2604650F818EF7A
:10CE9000DEF804509D422CD2DEF80010C1B1744679
:10CEA0004D689D4218D20E68B6B175689D4217D282
:10CEB0003068A8B145689D4216D20468A4B165687F
:10CEC0009D4215D22168A6460029E9D111E000BF94
:10CED0000CF118000DE000BF8E46204609E000BFAF
:10CEE000B646084605E000BF8646304601E000BF72
:10CEF000A646964514D00268DEF80040E91A1129CA
:10CF000004604FD30EEB0305680719D04FF05000B3
:10CF100080F31188BFF36F8FBFF34F8FFEE700BF21
:10CF2000002502F08DFC68075CD04FF0500080F3C4
:10CF30001188BFF36F8FBFF34F8F00BFFEE700BFB5
:10CF40000CF118006960CEF8043000BF0168A942F6
:10CF50000AD20868A8420BD20168A94204D2086824
:10CF60000B46A842F2D304E00346084601E000BFA6
:10CF70000B465C6869681E19AE4202D121441D4609
:10CF800059606C18844201D0044607E0DCF8044084
:10CF9000A04203D0D0E9004008446860AB422C6056
:10CFA00018BF1D60DEF80400DCE9021302F1080579
:10CFB000091A9942CCF8081038BFCCF80C109CF82C
:10CFC000001000294FF0000118BF40F00040CEE9EA
:10CFD0000010DCF810000130CCF8100002F030FC3A
:10CFE0006807A2D1284670BD03464CF6C15021F017
:10CFF0000101C0F600004FF0807C03E903106FF0E0
:10D000000201A3F1440043E90912704784B041F2E0
:10D010004C60C2F2000000F16001039100F11801C0
:10D0200000F1300B00F1480A41F2DC6040F228398F
:10D030009FED328AC2F20000C2F2000900F16008DE
:10D0400000F1180400F1300500F1480602911AE0E1
:10D0500099ED1B0A99ED091A99ED0F3A99ED154AC8
:10D0600031EE000A33EE041A99ED0A2A30EE410A35
:10D07000B0EEC00A22EE000A80EE080A012089ED17
:10D08000050A01F02BF9FDF7B3F840F22010C2F2C7
:10D090000000007870B141F2C46709F1180009F18D
:10D0A000300109F1480209F16003C2F2000700975C
:10D0B00000F046F840F2A430C2F20000007850B10F
:10D0C00041F2DC60C2F2000021462A463346CDF828
:10D0D000008000F035F840F2A530C2F20000007880
:10D0E0000028B5D041F24C600299039FC2F20000C3
:10D0F0005A465346009700F023F8A9E70000104273
:10D1000080B54FF0000EDDF808C0C0F80CE0C0F8A4
:10D1100014E044F65210C3F61D20C1F80CE0C1F82B
:10D1200014E0C2F80CE0C2F814E0C3F80CE0C3F855
:10D1300014E0CCF80CE0CCF8140080BD0000000036
:10D140002DE9F04F81B02DED088B82B00746406984
:10D15000CDE90023884604F015F90646D8F81400F6
:10D16000894604F00FF99FEDAA0B54EC105B2A4698
:10D17000234603F01BFF82468B46304649462A462B
:10D18000234603F013FF5246DDF804A05B46DDF8AA
:10D1900000B003F02FFC0646DBF81400894604F0CB
:10D1A000F1F82A46234603F001FF32464B4603F0CE
:10D1B00021FC0646DAF81400894604F0E3F82A4612
:10D1C000234603F0F3FE32464B4603F013FC03F014
:10D1D000DFFB149940F21815C2F200054861286877
:10D1E00004F0D0F89FED8C0B54EC109B4A4623467C
:10D1F00003F0DCFE03F0CCFB38610020FCF73CFCC4
:10D20000008800EE100AB8EE400A002087ED000A00
:10D21000FCF732FCB0F9080097ED001A00EE100A96
:10D22000B8EEC02A9FED7E9A31EE421A9FED7DAA9C
:10D2300097ED030AB4EE491A87ED012A87ED021A29
:10D24000F1EE10FAB7EE008ABCBF30EE080A87EDA7
:10D25000030AB4EE4A1AF1EE10FAC4BF30EE080A1F
:10D2600087ED030A97ED041A9FED6FBA20EE010ACD
:10D2700080EE0B0A286887ED050A04F083F84A4619
:10D28000234603F093FE03F083FBC8F8100001204F
:10D29000FCF7F2FB008800EE100AB8EE400A01200D
:10D2A00088ED000AFCF7E8FBB0F9080098ED001AD9
:10D2B00000EE100AB8EEC02A31EE421A98ED030AC9
:10D2C000B4EE491A88ED012AF1EE10FA88ED021A3F
:10D2D000BCBF30EE080A88ED030AB4EE4A1AF1EE3C
:10D2E00010FAC4BF30EE080A88ED030A98ED041A5C
:10D2F000286820EE010A80EE0B0A88ED050A04F08A
:10D3000041F84A46234603F051FE03F041FBCBF8B7
:10D3100010000220FCF7B0FB008800EE100AB8EE07
:10D32000400A02208BED000AFCF7A6FBB0F90800CA
:10D330009BED001A00EE100AB8EEC02A31EE421A38
:10D340009BED030AB4EE491A8BED012AF1EE10FAB7
:10D350008BED021ABCBF30EE080A8BED030AB4EE67
:10D360004A1AF1EE10FAC4BF30EE080A8BED030A38
:10D370009BED041A286820EE010A80EE0B0A8BED63
:10D38000050A03F0FFFF4A46234603F00FFE03F0B1
:10D39000FFFACAF810000320FCF76EFB008800EECD
:10D3A000100AB8EE400A03208AED000AFCF764FB7D
:10D3B000B0F908009AED001A00EE100AB8EEC02A83
:10D3C00031EE421A9AED030AB4EE491A8AED012AA7
:10D3D000F1EE10FA8AED021ABCBF30EE080A8AEDAF
:10D3E000030AB4EE4A1AF1EE10FAC4BF30EE080A8E
:10D3F0008AED030A9AED041A20EE010A80EE0B0A68
:10D400008AED050A02B0BDEC088B01B0BDE8F08FD3
:10D41000000000000000D03F4AD8124DFB21194007
:10D42000000080C5000080450000104200000000A0
:10D43000B0B50B2800F20982DFE810F0FC000A0109
:10D440009400BE0042004E018201EA0090018A0071
:10D450000C000C0040F2FC30C2F2000090ED001A0B
:10D4600040F22010C2F20000002240F2A431C2F2C9
:10D470000001027040F28000CB78C2F2000090ED13
:10D48000000A0A702BB99FEDF10A012231EE000A61
:10D49000CA709FEDEF2A9FEDF21AB4EE420A30EE09
:10D4A000011AF1EE10FAC8BFB0EE410AB5EE400A1B
:10D4B00030EE021AF1EE10FAB8BFB0EE410AC2E146
:10D4C00040F6C860C2F2000090ED0A0AB5EE400ACC
:10D4D000F1EE10FA08D140F27941C2F200010122C6
:10D4E0000A704FF07E51816240F28000C2F200006B
:10D4F00090ED000A40F2FC30C2F2000090ED001AFC
:10D5000030EE410A9FEDDA1AB0EEC00AB4EE410ADD
:10D51000F1EE10FA80F2998140F26C40C2F2000004
:10D520000078002800F0918140F22010C2F2000043
:10D530000121017040F2A43440F6E800C2F2000478
:10D54000C2F20000D0ED041A002594ED100AAAE002
:10D5500040F21810C2F2000090ED000A9FEDC11ACF
:10D5600004E100BF092940F00F8140F2A434C2F267
:10D57000000494ED020AB5EE400AF1EE10FA03D170
:10D58000FBF766FD94ED020AB5EE400AF1EE10FAE3
:10D5900000F05B8140F22010C2F200000121017016
:10D5A00040F6E800C2F20000002594ED0E0AD0ED2E
:10D5B000021A257079E000BF40F28000C2F200003C
:10D5C00090ED000A40F2FC30C2F2000090ED001A2B
:10D5D00030EE410A9FEDA61AB0EEC00AB4EE410A41
:10D5E000F1EE10FA80F2318140F22010C2F2000018
:10D5F0000121017040F2A43440F6E800C2F20004B8
:10D60000C2F20000D0ED031A002594ED0F0A4AE0A3
:10D6100040F21040C2F200000021016040F21440CC
:10D62000C2F20000016040F20C40C2F20000016052
:10D63000B0BD00BF40F2A43440F6E800C2F20004DE
:10D64000C2F2000094ED0C0AD0ED001AC6E000BF53
:10D6500040F28000C2F2000090ED000A40F2FC307F
:10D66000C2F2000090ED001A30EE410A9FED801AE0
:10D67000B0EEC00AB4EE410AF1EE10FA80F2E58095
:10D6800040F22010C2F200000121017040F2A434E7
:10D6900040F6E800C2F20004C2F20000D0ED011A28
:10D6A00094ED0D0A00252570A17141F2C460DFEDF3
:10D6B0006F0AC2F20000B5EE001A00F069FB40F2FA
:10D6C0001440C2F20000056040F20C40C2F20000BB
:10D6D00084ED0A0A056098E040F2A434C2F2000426
:10D6E000207994ED0B0A40B9B5EE400AF1EE10FA3C
:10D6F00003D1FBF7FDFD94ED0B0AB5EE400AF1EE08
:10D7000010FA0FD094ED040AB5EE400AF1EE10FACB
:10D7100008D040F279410020C2F2000105222071B8
:10D720000A70206140F26C40C2F2000000780028CC
:10D7300044D0FBF705FF4FF07E50E06046E000BFAD
:10D7400040F2A43440F6E800C2F20004C2F2000045
:10D7500094ED120AD0ED061A40E000BF40F2181016
:10D76000C2F2000090ED000A9FED3F1A81EE000A20
:10D7700040F21440C2F200000021016040F20C406F
:10D78000C2F2000001605AE040F22010C2F2000034
:10D790000022027040F2A430C2F2000001220270A6
:10D7A00041F2DC60C2F2000060300C46FEF782FD00
:10D7B0002046BDE8B040FEF7B7BF00BF94ED030AB6
:10D7C000B5EE400AF1EE10FA08BFB0BD40F6E80031
:10D7D000C2F2000094ED110AD0ED051A41F2C460C6
:10D7E000DFED220AC2F20000B5EE001A00F0D0FA16
:10D7F00040F21440C2F200000021016040F20C40EF
:10D80000C2F2000084ED0A0A0160B3EE0E1A20EEA7
:10D81000010A10EE100A03F0B5FD9FED0F0B53EC5B
:10D82000102B03F09BF903F0B3F840F21811C2F289
:10D83000000191ED000A01EE100A81EE000A40F2AB
:10D840001040C2F2000080ED000AB0BD0000B442FA
:10D850000000B44300BF00BF4AD8124DFB2109406D
:10D860000000B4C34576F43E4576F4BECDCC4C3DC5
:10D87000CDCCCC3D2DE9F04381B02DED048B82B0B1
:10D8800040F2A4398046C2F200094BF6520047F23A
:10D89000A401C3F65E70C3F6FD7145F2EC1340F6C9
:10D8A0003D2646F266644CF6CD474CF6CD4509F16F
:10D8B000300C4FF07F52C3F6B873C3F6B776C3F699
:10D8C000E674C3F68C77C3F6CC758CE84F004FF046
:10D8D00080404FF07E51C9E91147C9F84C50C9E961
:10D8E000140198ED050A40F6E8069FED062AC2F2FB
:10D8F000000696ED001AB4EE420AF1EE10FA3CDB97
:10D9000004E000BFF6285C3F0AD723BCB5EE401AFE
:10D91000F1EE10FA31D14FF07E50306041F2C46721
:10D9200040F2403040F2583140F2703240F28833D9
:10D93000C2F20007C2F20000C2F20001C2F200020D
:10D94000C2F200030097FFF7DBFB40F21040C2F287
:10D9500000000021016040F21440C2F200000160AA
:10D9600040F20C40C2F200000160C820F4F72CF92C
:10D9700096ED001A0A2089F8070099F8030096ED41
:10D98000010AB7EE008A78B1B4EE481AF1EE10FA47
:10D990000AD1B5EE400AF1EE10FA05D1012089F85E
:10D9A0000700002089F8030099ED0D1A1FED2A9A4F
:10D9B00098ED052A31EE091AB4EE412AF1EE10FA7B
:10D9C00038DBB5EE400AF1EE10FA33D14FF07E505D
:10D9D000706041F2C46740F2403040F2583140F28A
:10D9E000703240F28833C2F20007C2F20000C2F285
:10D9F0000001C2F20002C2F200030097FFF780FBB1
:10DA000040F21040C2F200000021016040F21440D8
:10DA1000C2F20000016040F20C40C2F2000001605E
:10DA2000C820F4F7D1F898ED052A96ED010A0220F6
:10DA300089F8070099ED0E1A31EE093A96ED021AAF
:10DA4000B4EE432AF1EE10FA3BDBB4EE480AF1EEF5
:10DA500010FA36D1B5EE401AF1EE10FA31D14FF08E
:10DA60007E50B06041F2C46740F2403040F258311D
:10DA700040F2703240F28833C2F20007C2F2000076
:10DA8000C2F20001C2F20002C2F200030097FFF7E7
:10DA900037FB40F21040C2F200000021016040F26A
:10DAA0001440C2F20000016040F20C40C2F20000DB
:10DAB0000160C820F4F788F896ED021A0A2089F868
:10DAC000070099F8030096ED030A78B1B4EE481AFE
:10DAD000F1EE10FA0AD1B5EE400AF1EE10FA05D1D6
:10DAE000032089F80700002089F8030099ED0F2A28
:10DAF00098ED053A32EE092AB4EE423AF1EE10FA08
:10DB00003DDBB4EE481AF1EE10FA38D1B5EE400A1A
:10DB1000F1EE10FA33D14FF07E50F06041F2C4675D
:10DB200040F2403040F2583140F2703240F28833D7
:10DB3000C2F20007C2F20000C2F20001C2F200020B
:10DB4000C2F200030097FFF7DBFA40F21040C2F286
:10DB500000000021016040F21440C2F200000160A8
:10DB600040F20C40C2F200000160C820F4F72CF82B
:10DB700099F8030096ED030A0B2189F8071096ED3A
:10DB8000041A78B1B4EE480AF1EE10FA0AD1B5EEF3
:10DB9000401AF1EE10FA05D1042089F807000020A0
:10DBA00089F8030099ED103A98ED052A33EE093A09
:10DBB000B4EE432AF1EE10FA42DBB4EE480AF1EE7D
:10DBC00010FA3DD1B5EE401AF1EE10FA38D140F21C
:10DBD0006C40C2F20000002404704FF07E503061AF
:10DBE00041F2C46740F2403040F2583140F27032A6
:10DBF00040F28833C2F20007C2F20000C2F2000114
:10DC0000C2F20002C2F200030097FFF779FA40F275
:10DC10001040C2F20000046040F21440C2F2000062
:10DC2000046040F20C40C2F200000460C820F3F728
:10DC3000CBFF98ED052A96ED041A052089F8070018
:10DC400099ED110A30EE093A96ED050AB4EE432A31
:10DC5000F1EE10FA3BDBB4EE481AF1EE10FA36D1D1
:10DC6000B5EE400AF1EE10FA31D14FF07E507061FE
:10DC700041F2C46740F2403040F2583140F2703215
:10DC800040F28833C2F20007C2F20000C2F2000183
:10DC9000C2F20002C2F200030097FFF731FA40F22D
:10DCA0001040C2F200000021016040F21440C2F2B4
:10DCB0000000016040F20C40C2F200000160C82088
:10DCC000F3F782FF96ED050A0A2089F8070099F814
:10DCD000030096ED061A78B1B4EE480AF1EE10FA98
:10DCE0000AD1B5EE401AF1EE10FA05D1062089F8F6
:10DCF0000700002089F8030099ED122A98ED053AF3
:10DD000032EE092AB4EE423AF1EE10FA39DBB4EE03
:10DD1000480AF1EE10FA34D1B5EE401AF1EE10FADD
:10DD20002FD14FF07E50B06141F2C46740F24030D5
:10DD300040F2583140F2703240F28833C2F20007AC
:10DD4000C2F20000C2F20001C2F20002C2F20003FD
:10DD50000097FFF7D5F940F21040C2F20000002111
:10DD6000016040F21440C2F20000016040F20C4039
:10DD7000C2F200000160C820F3F726FF072089F8EF
:10DD8000070002B0BDEC048B01B0BDE8F0830000D9
:10DD90002DE9F04F81B02DED088B82B040F238496B
:10DDA000C2F20009019099E84104D9F80C10B0EED4
:10DDB00061BAB0EE419AB0EE608AB0EE40AA00912E
:10DDC00003F0E0FA054630468B4603F0DBFA9FEDA0
:10DDD0006C0B56EC107B3A46334603F0E7F80446EA
:10DDE0008846284659463A46334603F0DFF822462D
:10DDF000434602F0FFFD044650460D4603F0C2FACA
:10DE00003A46334603F0D2F822462B4602F0F2FDA2
:10DE1000044600980D4603F0B5FA3A46334603F03F
:10DE2000C5F822462B4602F0E5FD02F0B1FD00EEFA
:10DE3000100AB0EEC01AB0EE002AC9F81000B4EE15
:10DE4000421A40F2A430F1EE10FAC2F20000C4BF50
:10DE500000214161B5EE40BA4FF07E51F1EE10FA6B
:10DE6000816115D1019991ED050AB4EE490AF1EEEF
:10DE700010FA08DB3AEE493AB4EE430AF1EE10FA32
:10DE800014DD3AEE400A80EE093A28EE030A11E06A
:10DE90009FED3F0A0199B4EE421AF1EE10FA29DB28
:10DEA00002B0BDEC088B01B0BDE8F08F9FED383AB1
:10DEB000B0EE480AB7EE004AB4EE443AF1EE10FA7A
:10DEC000C8BFB0EE443ABFEE004AB4EE443AF1EEB9
:10DED00010FAB4EE480AB8BFB0EE443AF1EE10FAC8
:10DEE000C8BFB0EE480A80ED073AB4EE421AF1EE30
:10DEF00010FAD5DA91ED051AB4EE491AF1EE10FADE
:10DF0000CEDA90ED051AB7EE002A31EE021A80ED56
:10DF1000051A11EE100AB0EE409A03F033FA9FEDA5
:10DF20001A0B53EC102B03F041F8044618EE100ABC
:10DF30000D4603F027FA064619EE100A0F4603F0C5
:10DF400021FA804689462046294632463B4603F060
:10DF50002DF842464B4602F04DFD02F019FD00EE51
:10DF6000100AB4EE408AF1EE10FAB8BFB0EE480ADB
:10DF700002B0BDEC088B01B0BDE8F08F00BF00BF60
:10DF8000000000000000D03FFCA9F1D24D62403FEC
:10DF90000000000070B50D46044600F0A9F840F2FC
:10DFA000BC16C2F200063068C06C90B9306801211E
:10DFB00080F850106DB12846FEF772FD4EF6045001
:10DFC000CEF200004FF080510160BFF34F8FBFF3DE
:10DFD0006F8F00F0B1F800F08BF83068C56C2DB190
:10DFE00031680020002C08BF681EC864306800211A
:10DFF00080F8501000F0A0F8284670BD0169D0E903
:10E000000132D1F804C09A608445536008BF4A6069
:10E010000022026108680138086008687047000043
:10E0200045F25853C2F20003036045F25830C2F281
:10E030000000086080201060704700004FF0FF3142
:10E04000024642F8081F00214260C0E90322016035
:10E0500070470000002101617047000010B5D1F841
:10E0600000C01CF1010213D000F1080462681368BB
:10E07000634511D853681C68644511D85A68146800
:10E0800064450FD854682368A6466345EED90BE073
:10E090000269D2F804E007E09646224604E000BF99
:10E0A0009E4601E096461A46C1F804E0CEF80810F4
:10E0B0008A605160086101680131016010BD000093
:10E0C000D0F800C0436808619A68C1E90132516024
:10E0D00099600CF10101016070470000DFF80C004D
:10E0E000016841F4700101607047000088ED00E0B4
:10E0F0004FF0500080F31188BFF36F8FBFF34F8F45
:10E1000040F22410C2F2000001684A1C026009B10A
:10E11000704700BF4EF60450CEF2000000680006C3
:10E1200008BF70474FF0500080F31188BFF36F8F26
:10E13000BFF34F8FFEE7000040F22410C2F2000050
:10E14000016839B10139016018BF7047002080F3C0
:10E15000118870474FF0500080F31188BFF36F8F24
:10E16000BFF34F8FFEE7000070B5002808BF70BDF9
:10E1700040F23424C2F20004217850F8042C002923
:10E1800018BF4FF0004111420ED0A0F108052B68D6
:10E19000A3B14FF0500080F31188BFF36F8FBFF32E
:10E1A0004F8F00BFFEE700BF4FF0500080F3118893
:10E1B000BFF36F8FBFF34F8FFEE700BF22EA01016D
:10E1C00040F8041C064600F0A3F956F8040CA168B8
:10E1D0000144A16004F118010B68AB420AD219682E
:10E1E000A94213D20B68AB4204D219681A46A9425D
:10E1F000F2D301E00A4619465368D618AE420AD057
:10E200002B188B420DD00B4612E000BF1A46536804
:10E21000D618AE42F4D11844154650602B188B42E4
:10E22000F1D16368994203D0D1E9003108446860B4
:10E23000AA422B6018BF1560606901306061BDE8BB
:10E24000704001F0FDBA00004EF21000CEF2000066
:10E2500000210160816040F2F001C2F20001096812
:10E2600044F6D352C1F26202A1FB02124FF0FF3119
:10E2700001EB9211416007210160704740F2542088
:10E28000EFF305811029C2F2000011D34EF2F032F3
:10E29000CEF20002895C0278914209D24FF0500020
:10E2A00080F31188BFF36F8FBFF34F8FFEE700BF7E
:10E2B0004EF60C51CEF200010968406801F4E061AD
:10E2C000814298BF70474FF0500080F31188BFF330
:10E2D0006F8FBFF34F8F00BFFEE7000070B50028BF
:10E2E0003FD040F2BC14C2F20004A16951B14FF01A
:10E2F000500080F31188BFF36F8FBFF34F8F00BFC3
:10E30000FEE700BF0546A0690130A061666A20688B
:10E310000430FFF773FE48B12068AD19456012D391
:10E32000606B21680431FFF799FE15E02068012138
:10E33000C06A626801FA00F022EA000060602068AA
:10E34000AD194560ECD2206B21680431FFF786FEE1
:10E35000206A854238BF256201F072FA002818BF92
:10E3600070BD4EF60450CEF200004FF080510160B7
:10E37000BFF34F8FBFF36F8F70BD00002DE9F041E9
:10E3800020B304460F46FFF779FFEFF311864FF0F5
:10E39000500080F31188BFF36F8FBFF34F8F0221BE
:10E3A00094F8500084F85010E16C012801F101014B
:10E3B000E16442D1A06A98B14FF0500080F3118817
:10E3C000BFF36F8FBFF34F8FFEE700BF4FF05000DA
:10E3D00080F31188BFF36F8FBFF34F8FFEE700BF4D
:10E3E00040F2BC15C2F20005A86928B104F1180179
:10E3F00005F1640014E000BF04F104084046FFF793
:10E40000FDFDE06A01216A6881401143696041F2C3
:10E41000C05100EB8000C2F2000101EB80004146D8
:10E42000FFF74EFEE06A2968C96A884205D9002FC5
:10E430001CBF012038600120A86286F31188BDE866
:10E44000F0810000B0B588B00020CDE9050006A835
:10E4500005A904AAFFF7E4FD0598B8B3069C002CB3
:10E460003ED05421049A07910799542942D1079923
:10E470002063022084F8510007A80025CDE9005050
:10E480004CF61D40C0F600001FA100230294FEF7C9
:10E4900009FC2046FEF744FB079940F2BC10C2F28B
:10E4A0000000C16179B14FF0500181F31188BFF3D1
:10E4B0006F8FBFF34F8F4FF0FF3101620121416138
:10E4C000456200F065F808B0B0BD00BF4FF05000E5
:10E4D00080F31188BFF36F8FBFF34F8FFEE700BF4C
:10E4E0004FF0500080F31188BFF36F8FBFF34F8F51
:10E4F000FEE700BF4FF0500080F31188BFF36F8F2D
:10E50000BFF34F8FFEE700BF49444C4500000000B9
:10E5100040F2BC10C2F20000816901318161704794
:10E5200040F2BC10C2F20000816900291EBF012127
:10E5300081627047002181624168B1FA81F1C9B2FC
:10E54000C1F11F0141F2C05201EB8101C2F2000290
:10E5500052F8213063B102EB8102516802F10803E5
:10E560004968994251600DD0C9680160704700BF89
:10E570004FF0500080F31188BFF36F8FBFF34F8FC0
:10E58000FEE700BF49685160C9680160704700003C
:10E59000B0B584B04EF2004CCEF2000C4CF27021BB
:10E5A000C4F20F11DCF800294B1C9A420AD14FF03B
:10E5B000500080F31188BFF36F8FBFF34F8F00BF00
:10E5C000FEE700BFDCF800298A4209D14FF0500075
:10E5D00080F31188BFF36F8FBFF34F8FFEE700BF4B
:10E5E0009CF800100291FF218CF800109CF800109C
:10E5F0008DF807109DF8071001F0500240F25421E9
:10E60000C2F200010A7007224A609DF90720B2F1A8
:10E61000FF3F6BDC032200BFD31C4B609DF807005B
:10E6200040008DF807009DF90700B0F1FF3F24DCA2
:10E63000931C4B609DF8070040008DF807009DF982
:10E640000700B0F1FF3F18DC531C4B609DF807003A
:10E6500040008DF807009DF90700B0F1FF3F0CDC8A
:10E660004A609DF80700043A40008DF807009DF9C4
:10E670000700B0F1FF3FCFDD131D032B36D14FF460
:10E680004070486002988CF80000DCF8200940F4E3
:10E690007000CCF82009DCF8200940F07040CCF87C
:10E6A0002009FFF7D1FD40F22414C2F20004002536
:10E6B0002560FFF713FD4EF63470CEF200000168BE
:10E6C00041F040410160FEF767FBFFF729FF03952A
:10E6D00020684FF0500181F31188BFF36F8FBFF3B3
:10E6E0004F8F013012D000BFFEE700BF4FF0500047
:10E6F00080F31188BFF36F8FBFF34F8FFEE700BF2A
:10E70000039830B9039820B9039810B903980028EA
:10E71000F6D0002004B0B0BD2DE9F04184B007462A
:10E720009000984615460E46FEF76AFBF8B104467F
:10E730005420FEF765FBB8B1DDE90A21002304632C
:10E7400080F85130CDE900210446384631462A464A
:10E7500043460294FEF7A6FA2046FEF7E1F90120AF
:10E7600004B0BDE8F08100BF2046FFF7FDFC4FF08C
:10E77000FF3004B0BDE8F08170B586B00B9CCCB121
:10E780000C9E0EB354250495049D542D26D1049D52
:10E79000DDF828C0022586F8515005AD3463CDE977
:10E7A00000C50296FEF77EFA3046FEF7B9F90598E5
:10E7B00006B070BD4FF0500080F31188BFF36F8F2B
:10E7C000BFF34F8FFEE700BF4FF0500080F311887A
:10E7D000BFF36F8FBFF34F8FFEE700BF4FF05000C6
:10E7E00080F31188BFF36F8FBFF34F8FFEE70000F8
:10E7F0002DE9F04381B08146F1F7C4FD102809D31B
:10E800004FF0500080F31188BFF36F8FBFF34F8F2D
:10E81000FEE700BF40F2BC1CC2F2000CDCF818009E
:10E8200041F2C0580130CCF81800C2F20008D8F804
:10E830007800002800F0A780D8F87C1008F1800349
:10E840004A68D8F884009A4208BF0246D16800BFDF
:10E8500052689A4208BF0246C8F87C20D56899F8E9
:10E86000006095F83470B74240F08680002F2C4647
:10E8700000F0838095F8357099F80160B7427BD13C
:10E88000002F2C4679D095F8367099F80260B7427F
:10E8900072D1002F2C4670D095F8377099F803602C
:10E8A000B74269D1002F2C4667D095F8387099F897
:10E8B0000460B74260D1002F2C465ED095F83970C5
:10E8C00099F80560B74257D1002F2C4655D095F8DE
:10E8D0003A7099F80660B7424ED1002F2C464CD0C2
:10E8E00095F83B7099F80760B74245D1002F2C4648
:10E8F00043D095F83C7099F80860B7423CD12C465B
:10E90000DFB395F83D7099F80960B74234D12C46D1
:10E910009FB395F83E7099F80A60B7422CD12C4607
:10E920005FB395F83F7099F80B60B74224D12C463D
:10E930001FB395F8407099F80C60B7421CD12C4673
:10E94000DFB195F8417099F80D60B74214D12C46AB
:10E950009FB195F8427099F80E60B7420CD12C46E1
:10E960005FB195F8437099F80F60B74204D12C4617
:10E97000002F18BF002400E00024002C40F0BF86C8
:10E980008D427FF465AFD8F86400002800F0A780BE
:10E99000D8F8681008F16C034A68D8F870009A42F9
:10E9A00008BF0246D16800BF52689A4208BF0246BB
:10E9B000C8F86820D76899F8005097F83460AE42DC
:10E9C00040F08680002E3C4600F0838097F835604A
:10E9D00099F80150AE427BD1002E3C4679D097F891
:10E9E000366099F80250AE4272D1002E3C4670D08B
:10E9F00097F8376099F80350AE4269D1002E3C4633
:10EA000067D097F8386099F80450AE4260D1002E74
:10EA10003C465ED097F8396099F80550AE4257D120
:10EA2000002E3C4655D097F83A6099F80650AE4211
:10EA30004ED1002E3C464CD097F83B6099F80750D9
:10EA4000AE4245D1002E3C4643D097F83C6099F841
:10EA50000850AE423CD13C46DEB397F83D6099F891
:10EA60000950AE4234D13C469EB397F83E6099F8C7
:10EA70000A50AE422CD13C465EB397F83F6099F8FD
:10EA80000B50AE4224D13C461EB397F8406099F833
:10EA90000C50AE421CD13C46DEB197F8416099F86B
:10EAA0000D50AE4214D13C469EB197F8426099F8A1
:10EAB0000E50AE420CD13C465EB197F8436099F8D7
:10EAC0000F50AE4204D13C46002E18BF002400E097
:10EAD0000024002C40F013868F427FF465AFD8F8F5
:10EAE0005000002800F0A780D8F8541008F158030F
:10EAF0004A68D8F85C009A4208BF0246D16800BF55
:10EB000052689A4208BF0246C8F85420D66899F85D
:10EB1000005096F83470AF4240F08680002F3446A3
:10EB200000F0838096F8357099F80150AF427BD1A0
:10EB3000002F344679D096F8367099F80250AF42DB
:10EB400072D1002F344670D096F8377099F8035080
:10EB5000AF4269D1002F344667D096F8387099F8E3
:10EB60000450AF4260D1002F34465ED096F8397021
:10EB700099F80550AF4257D1002F344655D096F83A
:10EB80003A7099F80650AF424ED1002F34464CD01F
:10EB900096F83B7099F80750AF4245D1002F3446A4
:10EBA00043D096F83C7099F80850AF423CD13446B7
:10EBB000DFB396F83D7099F80950AF4234D134462E
:10EBC0009FB396F83E7099F80A50AF422CD1344664
:10EBD0005FB396F83F7099F80B50AF4224D134469A
:10EBE0001FB396F8407099F80C50AF421CD13446D0
:10EBF000DFB196F8417099F80D50AF4214D1344608
:10EC00009FB196F8427099F80E50AF420CD134463D
:10EC10005FB196F8437099F80F50AF4204D1344673
:10EC2000002F18BF002400E00024002C40F067856E
:10EC30008E427FF465AFD8F83C00002800F0A78032
:10EC4000D8F8401008F144034A68D8F848009A42BE
:10EC500008BF0246D16800BF52689A4208BF024608
:10EC6000C8F84020D76899F8005097F83460AE4251
:10EC700040F08680002E3C4600F0838097F8356097
:10EC800099F80150AE427BD1002E3C4679D097F8DE
:10EC9000366099F80250AE4272D1002E3C4670D0D8
:10ECA00097F8376099F80350AE4269D1002E3C4680
:10ECB00067D097F8386099F80450AE4260D1002EC2
:10ECC0003C465ED097F8396099F80550AE4257D16E
:10ECD000002E3C4655D097F83A6099F80650AE425F
:10ECE0004ED1002E3C464CD097F83B6099F8075027
:10ECF000AE4245D1002E3C4643D097F83C6099F88F
:10ED00000850AE423CD13C46DEB397F83D6099F8DE
:10ED10000950AE4234D13C469EB397F83E6099F814
:10ED20000A50AE422CD13C465EB397F83F6099F84A
:10ED30000B50AE4224D13C461EB397F8406099F880
:10ED40000C50AE421CD13C46DEB197F8416099F8B8
:10ED50000D50AE4214D13C469EB197F8426099F8EE
:10ED60000E50AE420CD13C465EB197F8436099F824
:10ED70000F50AE4204D13C46002E18BF002400E0E4
:10ED80000024002C40F0BB848F427FF465AFD8F89C
:10ED90002800002800F0A780D8F82C1008F13003D4
:10EDA0004A68D8F834009A4208BF0246D16800BFCA
:10EDB00052689A4208BF0246C8F82C20D76899F8D2
:10EDC000005097F83460AE4240F08680002E3C46FA
:10EDD00000F0838097F8356099F80150AE427BD1FE
:10EDE000002E3C4679D097F8366099F80250AE4232
:10EDF00072D1002E3C4670D097F8376099F80350D6
:10EE0000AE4269D1002E3C4667D097F8386099F839
:10EE10000450AE4260D1002E3C465ED097F8396077
:10EE200099F80550AE4257D1002E3C4655D097F880
:10EE30003A6099F80650AE424ED1002E3C464CD076
:10EE400097F83B6099F80750AE4245D1002E3C46FA
:10EE500043D097F83C6099F80850AE423CD13C460C
:10EE6000DEB397F83D6099F80950AE4234D13C4684
:10EE70009EB397F83E6099F80A50AE422CD13C46BA
:10EE80005EB397F83F6099F80B50AE4224D13C46F0
:10EE90001EB397F8406099F80C50AE421CD13C4626
:10EEA000DEB197F8416099F80D50AE4214D13C465E
:10EEB0009EB197F8426099F80E50AE420CD13C4694
:10EEC0005EB197F8436099F80F50AE4204D13C46CA
:10EED000002E18BF002400E00024002C40F00F8416
:10EEE0008F427FF465AFD8F81400002800F0A780A7
:10EEF000D8F8181008F11C034A68D8F820009A4284
:10EF000008BF0246D16800BF52689A4208BF024655
:10EF1000C8F81820D76899F8005097F83460AE42C6
:10EF200040F08680002E3C4600F0838097F83560E4
:10EF300099F80150AE427BD1002E3C4679D097F82B
:10EF4000366099F80250AE4272D1002E3C4670D025
:10EF500097F8376099F80350AE4269D1002E3C46CD
:10EF600067D097F8386099F80450AE4260D1002E0F
:10EF70003C465ED097F8396099F80550AE4257D1BB
:10EF8000002E3C4655D097F83A6099F80650AE42AC
:10EF90004ED1002E3C464CD097F83B6099F8075074
:10EFA000AE4245D1002E3C4643D097F83C6099F8DC
:10EFB0000850AE423CD13C46DEB397F83D6099F82C
:10EFC0000950AE4234D13C469EB397F83E6099F862
:10EFD0000A50AE422CD13C465EB397F83F6099F898
:10EFE0000B50AE4224D13C461EB397F8406099F8CE
:10EFF0000C50AE421CD13C46DEB197F8416099F806
:10F000000D50AE4214D13C469EB197F8426099F83B
:10F010000E50AE420CD13C465EB197F8436099F871
:10F020000F50AE4204D13C46002E18BF002400E031
:10F030000024002C40F063838F427FF465AFD8F842
:10F040000000002800F0B180D8F8040008F108039F
:10F050004068D8F80C20984208BF1046D0F80CE061
:10F060004068984208BF1046C168C8F8040091F88B
:10F07000344099F80050AC4240F09080002C0C468F
:10F0800000F08D8091F8354099F80150AC4240F085
:10F090008580002C0C4600F0828091F8364099F86B
:10F0A0000250AC427AD1002C0C4678D091F837400F
:10F0B00099F80350AC4271D1002C0C466FD091F8F6
:10F0C000384099F80450AC4268D1002C0C4666D008
:10F0D00091F8394099F80550AC425FD1002C0C46AC
:10F0E0005DD091F83A4099F80650AC4256D1002CC8
:10F0F0000C4654D091F83B4099F80750AC424DD1A2
:10F10000002C0C464BD091F83C4099F80850AC428A
:10F1100044D1002C0C4642D091F83D4099F809505A
:10F12000AC423BD1002C0C4639D091F83E4099F8C6
:10F130000A50AC4232D1002C0C4630D091F83F40FE
:10F1400099F80B50AC4229D1002C0C4627D091F8ED
:10F15000404099F80C50AC4220D1002C0C461ED0F7
:10F1600091F8414099F80D50AC4217D1002C0C4653
:10F1700015D091F8424099F80E50AC420ED1002CB7
:10F180000C460CD091F8434099F80F50AC4205D191
:10F19000002C0C4618BF002401E000BF0024002C06
:10F1A00040F0AD8271457FF45BAFDCF83010086849
:10F1B000002800F0A480486801F1080342689A42E0
:10F1C00008BF5268D06800BF52689A424A6001D1B5
:10F1D00052684A60D76899F8005097F83460AE4298
:10F1E00040F08680002E3C4600F0838097F8356022
:10F1F00099F80150AE427BD1002E3C4679D097F869
:10F20000366099F80250AE4272D1002E3C4670D062
:10F2100097F8376099F80350AE4269D1002E3C460A
:10F2200067D097F8386099F80450AE4260D1002E4C
:10F230003C465ED097F8396099F80550AE4257D1F8
:10F24000002E3C4655D097F83A6099F80650AE42E9
:10F250004ED1002E3C464CD097F83B6099F80750B1
:10F26000AE4245D1002E3C4643D097F83C6099F819
:10F270000850AE423CD13C46DEB397F83D6099F869
:10F280000950AE4234D13C469EB397F83E6099F89F
:10F290000A50AE422CD13C465EB397F83F6099F8D5
:10F2A0000B50AE4224D13C461EB397F8406099F80B
:10F2B0000C50AE421CD13C46DEB197F8416099F843
:10F2C0000D50AE4214D13C469EB197F8426099F879
:10F2D0000E50AE420CD13C465EB197F8436099F8AF
:10F2E0000F50AE4204D13C46002E18BF002400E06F
:10F2F0000024002C40F0038287427FF465AFDCF8E5
:10F3000034100868002800F0A480486801F1080360
:10F3100042689A4208BF5268D06800BF52689A4259
:10F320004A6001D152684A60D76899F8005097F84E
:10F330003460AE4240F08680002E3C4600F0838070
:10F3400097F8356099F80150AE427BD1002E3C46CB
:10F3500079D097F8366099F80250AE4272D1002EFB
:10F360003C4670D097F8376099F80350AE4269D1A7
:10F37000002E3C4667D097F8386099F80450AE42AA
:10F3800060D1002E3C465ED097F8396099F8055060
:10F39000AE4257D1002E3C4655D097F83A6099F8C6
:10F3A0000650AE424ED1002E3C464CD097F83B6002
:10F3B00099F80750AE4245D1002E3C4643D097F80D
:10F3C0003C6099F80850AE423CD13C46DEB397F819
:10F3D0003D6099F80950AE4234D13C469EB397F84F
:10F3E0003E6099F80A50AE422CD13C465EB397F885
:10F3F0003F6099F80B50AE4224D13C461EB397F8BB
:10F40000406099F80C50AE421CD13C46DEB197F8F2
:10F41000416099F80D50AE4214D13C469EB197F828
:10F42000426099F80E50AE420CD13C465EB197F85E
:10F43000436099F80F50AE4204D13C46002E18BFED
:10F44000002400E00024002C40F0598187427FF422
:10F4500065AFDCF85000002800F0A780DCF85410FD
:10F460000CF158024968DCF85C00914208BF014683
:10F47000CB684968914208BF0146CCF85410CF6868
:10F4800099F8005097F83460AE4240F08780002E23
:10F490003C4600F0848097F8356099F80150AE4200
:10F4A0007CD1002E3C467AD097F8366099F802500D
:10F4B000AE4273D1002E3C4671D097F8376099F870
:10F4C0000350AE426AD1002E3C4668D097F83860AF
:10F4D00099F80450AE4261D1002E3C465FD097F8B7
:10F4E000396099F80550AE4258D1002E3C4656D0AE
:10F4F00097F83A6099F80650AE424FD1002E3C463C
:10F500004DD097F83B6099F80750AE4246D1002E97
:10F510003C4644D097F83C6099F80850AE423DD143
:10F520003C46E6B397F83D6099F80950AE4235D1B4
:10F530003C46A6B397F83E6099F80A50AE422DD1EA
:10F540003C4666B397F83F6099F80B50AE4225D120
:10F550003C4626B397F8406099F80C50AE421DD156
:10F560003C46E6B197F8416099F80D50AE4215D18E
:10F570003C46A6B197F8426099F80E50AE420DD1C4
:10F580003C4666B197F8436099F80F50AE4205D1FA
:10F590003C46002E18BF002401E000BF0024002CD0
:10F5A00040F0AD809F427FF464AFDCF83C00002463
:10F5B000002800F0A480DCF840100CF144024968F7
:10F5C000DCF84800914208BF0146CB684968914287
:10F5D00008BF0146CCF84010CF6899F8005097F862
:10F5E0003460AE4240F08680002E3C4600F08380BE
:10F5F00097F8356099F80150AE427BD1002E3C4619
:10F6000079D097F8366099F80250AE4272D1002E48
:10F610003C4670D097F8376099F80350AE4269D1F4
:10F62000002E3C4667D097F8386099F80450AE42F7
:10F6300060D1002E3C465ED097F8396099F80550AD
:10F64000AE4257D1002E3C4655D097F83A6099F813
:10F650000650AE424ED1002E3C464CD097F83B604F
:10F6600099F80750AE4245D1002E3C4643D097F85A
:10F670003C6099F80850AE423CD13C46DEB397F866
:10F680003D6099F80950AE4234D13C469EB397F89C
:10F690003E6099F80A50AE422CD13C465EB397F8D2
:10F6A0003F6099F80B50AE4224D13C461EB397F808
:10F6B000406099F80C50AE421CD13C46DEB197F840
:10F6C000416099F80D50AE4214D13C469EB197F876
:10F6D000426099F80E50AE420CD13C465EB197F8AC
:10F6E000436099F80F50AE4204D10024002E08BFA9
:10F6F0003C4600E0002414B99F427FF467AF00F05D
:10F700009FF8204601B0BDE8F083000040F2BC1035
:10F71000C2F20000416900290FBF01208069B0FAE0
:10F7200080F0400918BF40007047000040F2BC1054
:10F73000C2F20000406A70472DE9F04740F2BC1663
:10F74000C2F20006B06928B1F06A0130F062002010
:10F75000BDE8F087706A10F1010AC6F824A020D332
:10F76000306B006850B14FF0500080F31188BFF348
:10F770006F8FBFF34F8F00BFFEE700BF306B716B21
:10F7800031637063B06B0130B063306B006828B1D7
:10F79000306BC068C068406802E000BF4FF0FF30C7
:10F7A0003062306A41F2C0588245C2F2000801D28C
:10F7B000002434E0306B0024006868B34FF0010986
:10F7C00016E000BFF86A716809FA00F2114300EB15
:10F7D0008000716008EB80002946FEF771FCF86A32
:10F7E0003168C96A326B8842106828BF4C4698B1AC
:10F7F000306BC068C7683D4655F8040F82450DD38D
:10F800002846FEF7FBFBB86A0028DBD007F118009A
:10F81000FEF7F4FBD6E700BF4FF0FF3030623068F0
:10F82000C06A00EB800058F82000012888BF01243E
:10F83000B06A002818BF01242046BDE8F087000008
:10F840002DE9F04140F2BC15C2F20005A86968B18B
:10F85000FEF74EFCA8690138A861A86980B10024B0
:10F86000FEF76AFC2046BDE8F08100BF4FF0500073
:10F8700080F31188BFF36F8FBFF34F8FFEE700BF98
:10F8800028690028EBD0686E78B341F2C058012691
:10F89000C2F20008286FC76807F11800FEF7AEFB38
:10F8A0003C1D2046FEF7AAFBF86A696806FA00F2DA
:10F8B000114300EB8000696008EB80002146FEF7F1
:10F8C000FFFBF86A2968C96A884228BFAE62686E81
:10F8D0000028DFD1286B006820B1286BC068C068A1
:10F8E000406801E04FF0FF302862EC6A4CB101261D
:10F8F000FFF722FF002818BFAE62013CF8D10020BC
:10F90000E862A86A0028AAD04EF60450CEF20000A1
:10F910004FF080510160BFF34F8F0124BFF36F8F11
:10F92000FEF70AFC2046BDE8F081F0EE400AF5EE55
:10F93000C00AF1EE10FA02DDB0EE600A7047B1EED7
:10F94000600AFBE770B52DED0C8B84B006460C46C3
:10F9500015469FED990AF0EE408A9FED970AB0EEAA
:10F96000409A9FED950AF0EE40BA9FED930AF0EEB3
:10F97000409A9FED910AB0EE40AA0EB104B11DB9B4
:10F9800004B0BDEC0C8B70BD8C48F0F793FD8C4837
:10F99000F0F796FD8A48D0ED000A9FED8A1A60EED6
:10F9A000810AB0EE600AF0F79BFDF0EE408A28EE87
:10F9B000A80AF0EE408A8248D0ED000AB0EE001AA4
:10F9C00060EE810A9FED7F1A60EE810AB0EE600A58
:10F9D000F0F786FDB0EE409A29EE090AB0EE409AA3
:10F9E000DFED790AB7EE000A00EEA80ADFED770A2C
:10F9F00000EEC90ADFED760A20EE200A754880ED98
:10FA0000000A6E4890ED000ADFED730A80EE201ABE
:10FA1000B7EE000A31EE000A20EE000A6D48D0ED84
:10FA2000000A80EE801A6D4880ED001A94ED000AFD
:10FA3000B5EEC00AF1EE10FA0DD194ED010AB5EE63
:10FA4000C00AF1EE10FA06D194ED020AB5EEC00A32
:10FA5000F1EE10FA46D09FED580AB0EE408A002031
:10FA6000019002900390D4ED000A60EEA00A94ED9C
:10FA7000011AD4ED011A41EE210A94ED021AD4EDD7
:10FA8000021A41EE210AB0EE600AF0F721FDB0EE55
:10FA9000408A94ED000A20EE080A8DED010A94EDEB
:10FAA000010A20EE080A8DED020A94ED020A20EE0A
:10FAB000080A8DED030ADDED010AF1EE600AB0EEF1
:10FAC000600AF0F7F1FCF0EE409A9DED031AF0EEBB
:10FAD000410A9DED021AB0EE410AF0F7E7FCB0EEE4
:10FAE00040AA07E09FED340AF0EE409A9FED320AFB
:10FAF000B0EE40AA95ED000AB5EEC00AF1EE10FA9C
:10FB00000DD195ED010AB5EEC00AF1EE10FA06D15D
:10FB100095ED020AB5EEC00AF1EE10FA3CD0B0EE57
:10FB2000690AF0F7DDFCB0EE408AB0EE690AF0F742
:10FB3000BFFCB0EE40DAB0EE4A0AF0F7D1FCF0EECE
:10FB400040AAB0EE4A0AF0F7B3FCB0EE40BA28EE95
:10FB50002A0AD5ED010A20EE200AD5ED000A0DEEA5
:10FB6000200A68EE0B0A95ED021A00EE810AB0EE4B
:10FB700040CA95ED010A20EE0B0AD5ED020A0AEE05
:10FB8000E00AF0EE40CAF0EE6C0AB0EE4C0AF0F774
:10FB90008DFCF0EE40BA03E09FED070AF0EE40BAAC
:10FBA000B0EE4A1AF0EE690AB0EE6B0A304600F089
:10FBB00027FD00BFE4E60000000000000000002078
:10FBC0000400002035FA8E3CC1BFAD3B9DF8C53620
:10FBD0002F7C1C4108000020506CC24A0C00002001
:10FBE0002DE9F0412DED028B9AB00546B0EE408A2A
:10FBF0000E461746984600201790189019901490BA
:10FC0000159016904DB146B13FB1B8F1000F04D038
:10FC1000B5EEC08AF1EE10FA05D100201AB0BDECA5
:10FC2000028BBDE8F08196ED000A8DED170A96ED86
:10FC3000010A8DED180A96ED020A8DED190A97ED6D
:10FC4000000A8DED140A97ED010A8DED150A97ED66
:10FC5000020A8DED160A17AA14A9284600F022FB05
:10FC6000402104A8F0F7ADFB002000900190029025
:10FC70000390002417A904A800F04DFE00BF30E057
:10FC800004A800EB041090ED000AD5ED000A20EE68
:10FC9000200A04A800EB0410D0ED010A95ED011A2A
:10FCA00000EE810A04A800EB0410D0ED020A95EDE5
:10FCB000021A00EE810A04A800EB0410D0ED030A3A
:10FCC00095ED031A00EE810A20EE080AF0EE000A14
:10FCD00080EE201A684600EB840080ED001A601C5C
:10FCE000C4B2042CCCDB002410E005EB840090EDC2
:10FCF000000A684600EB8400D0ED000A30EE200ACE
:10FD000005EB840080ED000A601CC4B2042CECDB1F
:10FD1000284600F09FFD012080E74100080218BF3F
:10FD200004200A0E18BF40F001004FF07F4232EA73
:10FD3000010108BF40F00200012808BF05207047FC
:10FD400010B54FF00E402DED028BB0EE408A18EE4C
:10FD5000104A00EB4400B0F1506F4AD84FF0FC401D
:10FD6000B0EB440F22D2B0EEC80AF7EE000A30EE34
:10FD7000C00AF6EE000A60EE208A18EE900A00F043
:10FD8000ABFD01EE100A14F0004F1DBFDFED2D0A90
:10FD90009FED2D0AB1EE411ADFED2C0A08BF9FED51
:10FDA0002C0AF8EE001A21EE218A05E0DFED290A7F
:10FDB00068EE088AB0EE600A9FED271ADFED271A79
:10FDC00030EE080A48EE811A9FED251A08EEA11AB6
:10FDD000DFED241A48EE811A9FED231A08EEA11ACE
:10FDE00068EE281ABDEC028B01EE810A30EE200A83
:10FDF00010BD4FF0E440B0EB440F0CD918EE100AE0
:10FE0000FFF78BFF042808BF00F044FAB0EE480A61
:10FE1000BDEC028B10BD4FF07F40B0EB440F07D21A
:10FE2000B0EE480ABDEC028BBDE8104000F024BAE9
:10FE30000120F0F7F5FABDEC028BBDE8104000F0B0
:10FE400021BA00000000C9BF22AAFDB90000C93FC5
:10FE500022AAFD390000000024FE1C3DC78AD83CC0
:10FE60001E67383D1B93993DAFAA2A3E70B54FF0EF
:10FE700068422DED048BF0EE408A18EE900AB0EE49
:10FE8000608A18EE101A02EB4003B3F1654F3CBFD5
:10FE900002EB4102B2F1654F7DD200BFC0F3C75300
:10FEA000C1F3C7529A1A1B2A09DD10F0004F14BF84
:10FEB0009FED830A9FED830ABDEC048B70BD12F1A8
:10FEC0001A0F36DA11F0004F09D010F0004F0CBFB6
:10FED0009FED7D0A9FED7D0ABDEC048B70BD88EE21
:10FEE000889A19EE100AFFF718FF042808BF00F0DF
:10FEF000D1F918EE900AFFF710FF054618EE100A28
:10FF0000FFF70BFF044619EE100AFFF706FF042D5A
:10FF100018BF052D08D1042C18BF052C04D10028CA
:10FF200004BF0220F0F77CFAB0EE490ABDEC048B66
:10FF300070BD4200B2EB410F3AD910F0004F19BF2B
:10FF4000DFED630A9FED630ADFED630A9FED630A4D
:10FF5000B0EE481A0A46B1EE688A80F00041F0EE31
:10FF6000418A10460A1A5200B2F1807F34D24840CA
:10FF700010F0004FDFED5A1A9FED5A2A1DBFBEEE5A
:10FF8000001A70EEE10A30EE420AB6EE001A08BF1F
:10FF900070EEA10A00E040E008BF30EE020AB0EEC9
:10FFA000682A01EE482A08EE818AC2EE081A15E096
:10FFB00011F0004F04BF9FED4C0AF0EE400AD1D083
:10FFC00010F0004F19BFDFED490A9FED490ADFED40
:10FFD000490A9FED490AC5E7C8EE881A21EEA11A21
:10FFE0009FED462ADFED462A41EE022A9FED452A83
:10FFF00001EE222ADFED442A41EE022A9FED432A38
:020000040801F1
:10000000BDEC048B01EE222A21EE811A01EE020AD8
:1000100030EE210A30EE200A70BD4FF07F42B2EB85
:10002000400F28BFB2EB410F09D2F0EE480AB0EE04
:10003000680ABDEC048BBDE8704000F020B940EACE
:1000400001035B0008BF41F0FF410BD0B2EB400F52
:1000500008BFB2EB410F08D120F0804008EE900AB3
:1000600021F0804108EE101A18E7B2EB400F12BFE2
:100070005FEA410340F0FF4001F000413FF40EAF62
:10008000B2EB410F12BF5FEA400200F0004041F0C6
:10009000FF413FF403AF4A0092EA40033FF5FEAE52
:1000A000002AACBF9FED1A0A9FED1A0A68EE808AFB
:1000B00028EE008A18EE900A18EE101AEEE60000FC
:1000C000DB0FC9BFDB0FC93FDB0F4940DB0F49C066
:1000D0000000C9BF22AAFDB90000C93F22AAFD390C
:1000E0000060ED3EC30ACE3700000000000049C0AA
:1000F00022AA7DBA0000494022AA7D3A2DAD65BDF5
:100100008FB8D53D0FB511BE61C84C3EA8AAAABE96
:100110000000804F0000802F10B54FF00E412DEDF4
:10012000028BB0EE408A18EE100A01EB4001B1F1EB
:10013000145F5CD24FF0FE41B1EB400F24BF9FED46
:10014000400AF0EE400A12D210F0004F19BFDFED66
:100150003D0A9FED3D0ADFED3D0A9FED3D0AFFEEB2
:10016000001A81EE881AB0EE418A18EE100A4FF09C
:10017000FC41B1EB400F1BD210F0004FDFED351A00
:100180009FED352A1DBFBEEE001A70EEE10A30EE7B
:10019000420AB6EE001A04BF70EEA10A30EE020A5F
:1001A00038EE412AF7EE001A48EE011A82EE218A53
:1001B000DFED2A1A9FED2A2A28EE081A01EE212ADD
:1001C000DFED281A41EE021A9FED272A01EE212ABF
:1001D000DFED261A41EE021A28EE011A01EE210A7D
:1001E00030EE080ABDEC028B30EE200A10BD4FF055
:1001F000E441B1EB400F0CD918EE100AFFF78DFD6A
:10020000042808BF00F046F8B0EE480ABDEC028BA7
:1002100010BD4FF07F41B1EB400F07D2B0EE480A5E
:10022000BDEC028BBDE8104000F026B810F0004F86
:1002300014BF9FED0F0A9FED0F0ABDEC028B10BD9E
:10024000000000000000C9BF22AAFDB90000C93F9C
:1002500022AAFD390060ED3EC30ACE372DAD65BD43
:100260008FB8D53D0FB511BE61C84C3EA8AAAABE35
:10027000DB0FC9BFDB0FC93F30EE000A704730EE1D
:10028000200A7047DFED020A80EEA00A70470000E6
:10029000000000009FED020A20EE000A70470000F7
:1002A0000000001070B52DED028B8AB005460C469B
:1002B00016460DB104B11EB90AB0BDEC028B70BD7B
:1002C00094ED000AB5EEC00AF1EE10FA0DD194EDEE
:1002D000010AB5EEC00AF1EE10FA06D194ED020A59
:1002E000B5EEC00AF1EE10FA7DD09FED600AB0EED7
:1002F000408A00200790089009900490059006908D
:100300005B4A07CA01AB07C395ED010AD5ED030AA5
:1003100020EE200AD5ED000A95ED021A00EEC10A82
:10032000F0EE000A20EE200A8DED070A95ED000A96
:10033000D5ED010A20EE200AD5ED020A95ED031A4B
:1003400000EE810AF0EE000A20EE200A8DED080A88
:1003500095ED000A20EE000AD5ED030A95ED031A8B
:1003600000EE810AF7EE000AB0EE001A51EE000A24
:10037000CDED090A01AB22463146284600F07AF855
:10038000D4ED000A60EEA00A94ED011AD4ED011A32
:1003900041EE210A94ED021AD4ED021A41EE210A2F
:1003A000B0EE600AF0F794F8B0EE408A94ED000ADF
:1003B00020EE080A84ED000A94ED010A20EE080AF6
:1003C00084ED010A94ED020A20EE080A84ED020A87
:1003D00094ED010ADDED090A20EE200AD4ED020AAF
:1003E0009DED081A00E03EE000EEC10A8DED040A22
:1003F00094ED020ADDED070A20EE200AD4ED000A92
:100400009DED091A00EEC10A8DED050A94ED000A72
:10041000DDED080A20EE200AD4ED010A9DED071A51
:1004200000EEC10A8DED060A96ED000ADDED010A27
:100430009DED041A00EE810A86ED000A96ED010A90
:10044000DDED020A9DED051A00EE810A86ED010A36
:1004500096ED020ADDED030A9DED061A00EE810A13
:1004600086ED020A00BF00BF26E700000000000082
:10047000E01401082DE9F0412DED048B07460D46EF
:1004800014461E469FED580AB0EE409A9FED560A5C
:10049000B0EE408A9FED540AF0EE408AD4ED000A97
:1004A00060EEA00A94ED011AD4ED011A41EE210A82
:1004B00094ED021AD4ED021A41EE210AB0EE600A60
:1004C000F0F706F8F7EE000A80EE801AB0EE419AD7
:1004D000D5ED000AB0EE600AFFF727FAF0EE409A79
:1004E000D5ED010AB0EE600AFFF71FFA79EE809AA7
:1004F000D5ED020AB0EE600AFFF717FA39EE800A6E
:10050000F0EE408A3948D0ED000A79EE600AB0EE8C
:10051000600AFFF70AFAB0EE408A9FED350AB4EEA2
:10052000C08AF1EE10FA06DC9FED320AF4EEC08AC2
:10053000F1EE10FA53DD9FED2C2AB0EE420A9FED4A
:100540002A2AF0EE421AB7EE002AF0EE420A9FED98
:10055000262AB0EE421AB5EEC08AF1EE10FA05DD99
:100560009FED232AC2EE082AB0EE620A9FED222AEE
:10057000B4EEC20AF1EE10FA03D29FED1B2AB0EEE0
:10058000420AF5EEC08AF1EE10FA05DD9FED192A58
:10059000C2EE282AF0EE621AB7EE002AB4EEC20AC2
:1005A000F1EE10FA03D220EE802AF0EE420AB7EE06
:1005B000002AF4EEC21AF1EE10FA03D220EEA12ABC
:1005C000F0EE420A9FED0D2A20EE822AB0EE421A8A
:1005D00086ED001A86ED011A86ED021A00BFBDEC09
:1005E000048BBDE8F0810000000000000C0000203A
:1005F000CDCCCC3D8FC2F53D9A99993ECDCC4C3EA9
:1006000010B52DED048B86B00446B0EE408AF0EEB6
:10061000608AB0EE419A002003900490059000900B
:1006200001900290B0EE000AC8EE000AF0EE609A67
:10063000B0EE690AEFF73CFF8DED030AB0EE000A59
:10064000C8EE800AF0EE609AB0EE690AEFF730FF6C
:100650008DED040AB0EE000AC9EE000AF0EE609AD1
:10066000B0EE690AEFF724FF8DED050AB0EE000A3F
:10067000C8EE000AF0EE609AB0EE690AEFF730FFBC
:100680008DED000AB0EE000AC8EE800AF0EE609A26
:10069000B0EE690AEFF724FF8DED010AB0EE000A13
:1006A000C9EE000AF0EE609AB0EE690AEFF718FFA3
:1006B0008DED020A9DED050ADDED040A20EE200A0B
:1006C000DDED030A20EE200ADDED020A9DED011AA0
:1006D00060EE810A9DED001A00EE810A84ED000AA9
:1006E0009DED020ADDED040A20EE200ADDED030A8D
:1006F00020EE200ADDED050A9DED011A60EE810A6B
:100700009DED001A00EEC10A84ED010A9DED050A77
:10071000DDED010A20EE200ADDED030A20EE200ABD
:10072000DDED020A9DED041A60EE810A9DED001ACE
:1007300000EE810A84ED020A9DED050ADDED040A52
:1007400020EE200ADDED000A20EE200ADDED020A8F
:100750009DED011A60EE810A9DED031A00EEC10ABB
:1007600084ED030A06B0BDEC048B10BD2DE9F04109
:1007700004460D4616461F4614B10DB106B10FB919
:10078000BDE8F081D4ED010A94ED031A60EE810A10
:1007900094ED001AD4ED021A41EE610AB8EE001A87
:1007A00060EE810AB0EE600AEFF77EFE86ED000A89
:1007B00094ED001A21EE011AD4ED011A94ED012AEC
:1007C00001EE821AF7EE001AB0EE002A52EE011A7C
:1007D000F0EE610A94ED001AD4ED031A21EE211A0D
:1007E000D4ED011A94ED022A01EE821AF0EE001AFD
:1007F00021EE211AB0EE410AEFF758FE85ED000A0E
:1008000094ED001A21EE011AD4ED031A94ED032A97
:1008100001EE821AF7EE001AB0EE002A52EE011A2B
:10082000F0EE610A94ED001AD4ED011A21EE211ABE
:10083000D4ED021A94ED032A01EE821AF0EE001AAA
:1008400021EE211AB0EE410AEFF730FE87ED000AE3
:1008500000BF95E710B52DED028B04469FED1D0AF4
:10086000B0EE408AD4ED000A60EEA00A94ED011AC1
:10087000D4ED011A41EE210A94ED021AD4ED021AC8
:1008800041EE210A94ED031AD4ED031A41EE210A38
:10089000B0EE600AEFF71CFEB0EE408A94ED000A5D
:1008A00020EE080A84ED000A94ED010A20EE080A01
:1008B00084ED010A94ED020A20EE080A84ED020A92
:1008C00094ED030A20EE080A84ED030ABDEC028BC6
:1008D00010BD00000000000010B500EE100A2DED64
:1008E000028BB1EEC08A18EE100A20F00040C0F171
:1008F000FF40C00F0AD010EE100A20F00040C0F1F7
:10090000FF40C00F04BF0120EFF78AFD18EE100A68
:10091000BDEC028B10BD91ED000AB1EE400A80EDF6
:10092000010A91ED010AB1EE400A80ED020A91ED53
:10093000020AB1EE400A80ED030A91ED000A80ED53
:10094000040A91ED020A80ED060A91ED010AB1EE6A
:10095000400A80ED070A91ED010A80ED080A91ED49
:10096000020AB1EE400A80ED090A91ED000A80ED1D
:100970000B0A91ED020A80ED0C0A91ED010A80ED5F
:100980000D0A91ED000AB1EE400A80ED0E0A7047A3
:1009900021F0004201F00043A2F16052B2F5801F45
:1009A00028BFD2F17F6C0BD95FEA001C43EAC20278
:1009B00042EB507018BF704728BF20F0010070470D
:1009C000B2F5801FBCBF184670474FEA410C1CF5BA
:1009D000001F02D2084600F07DBD70B500F090FB0C
:1009E00000000089FFF7F6BF4FF00040A0F580003F
:1009F0007047000010B591EA030F48BF83F0004331
:100A000000F1DA83841A71EB030C05D2121943EB5F
:100A10000C03001B61EB0C014FEA1154A4EB135CB7
:100A2000DFF81CE11EEA430F18BF9EEA445F00F0A6
:100A3000748021EA045123EA0E0343F48013DCF1AD
:100A4000200E32D322FA0CFE10EB0E0023FA0CFE1D
:100A500041EB0E01CCF1200E03FA0EFE10EB0E005E
:100A6000CCF1200E51F10001B1F5801F32D201EB23
:100A7000045112FA0EF2BDE8104058BF7047401CF6
:100A800038BF5FEA420218BF7047002814BF20F049
:100A9000010041F100014FEA410313F5001F38BF87
:100AA0007047A1F1C04100F079BB012A43EB03027A
:100AB000ACF1200CDCF11F0E32BF4FF0000E23FA18
:100AC0000CF310EB030041EB0451B4EB115FD0D0F9
:100AD000A1EB045101F58011490801EB04515FEAD3
:100AE00030000ED350F1000038BF12FA0EFE08D1CC
:100AF000BDE81040C9E7401C38BF5FEA4202CAD1D6
:100B0000C3E7BDE810404FEA410313F5001F38BFAB
:100B10007047A1F1C04100F041BB9EEA445F08D09C
:100B200011EA5E0FBDE8104004BF01F00041002053
:100B30007047BDE8104070B500F0E2FA64FBBE3EBD
:100B40000000E0FF491058BFC1F140415B1058BFA1
:100B5000C3F140438B42EFF3008070472DE9C04161
:100B600030B4DFF8A8C23CEA111418BF3CEA1314F1
:100B700000F0F0801CEA111481EA030544EAD57400
:100B800018BF1CEA131500F0CB80A4EB050404F198
:100B90007F7404F500344FF0004545EAC12145EA71
:100BA000C32341EA505143EA52534FEAC0204FEA6F
:100BB000C222994208BF904200F0A0804FEA13651C
:100BC0000FF24816765D4FEA134506FB05F7C7F1AD
:100BD000807706FB07F74FEAD737A7FB0368764213
:100BE000A7FB06CEC8F5803838BFA8F1010807FB7F
:100BF00008E6A6FB028C4FF0000EE6FB03CED8F110
:100C000000086FEA0C0C5CF1000C6FEA0E0E4EF15E
:100C1000004EA6FB0C584FF00007E6FB0E87A1FB29
:100C200008C6A0FB07CE16EB0E064FF0000545F1F7
:100C30000005E1FB076515F1E04E7EBFA4F58034A9
:100C40005FEA46066D4116F1800745F100054FEA5F
:100C5000172747EA05674FEA15254FEA0666A6F10A
:100C6000DE46B6F1805F20D9384605EBC47124F02A
:100C7000010C01EB0C11BCF1FE6F02D8F0BCBDE819
:100C8000008124425CBF01F5801E9EEAC47F02D42D
:100C9000F0BCBDE80081244200F13980A1F1C041DF
:100CA000F0BCBDE8004100F079BA4FEAD02040EA3C
:100CB00041504FEAD1214FEAD22242EA43524FEA51
:100CC000D323A7FB028607FB036605FB02661EEA29
:100CD0000E0F58BFA6EB0056B6EB00564FEA520E69
:100CE0004EEAC37E18EB0E0E56EB530EBCD518EB36
:100CF00002085E417F1C55F10005B5E74FF48015F1
:100D00004FF000074FF000064FF00008ACE701F18C
:100D1000C04101F000414FF00000F0BCBDE800818F
:100D20000CEA131511EA0C1F00D00CE013EA0C1F9B
:100D300000F025804FF0000081EA030101F000413E
:100D4000F0BCBDE80081F0BCBDE8004181EA0301D0
:100D500000F024BAF0BCBDE8004170B500F0D0F955
:100D6000097EFC3E00F007B84FF0000081EA030165
:100D700001F00041704781EA030100F00FBAF0BCB6
:100D8000BDE8004122494FF000007047FFFDFBF92C
:100D9000F7F5F4F2F0EEEDEBE9E8E6E4E3E1E0DEAE
:100DA000DDDBDAD8D7D5D4D3D1D0CFCDCCCBCAC820
:100DB000C7C6C5C4C2C1C0BFBEBDBCBBBAB9B8B747
:100DC000B6B5B4B3B2B1B0AFAEADACABAAA9A8A83A
:100DD000A7A6A5A4A3A3A2A1A09F9F9E9D9C9C9B08
:100DE0009A999998979796959594939392919190B3
:100DF0008F8F8E8E8D8C8C8B8B8A89898888878744
:100E00008685858484838382828181800000FF07B8
:100E10000000F87F51EA030C17D41CF5801F58BF5F
:100E2000BCF5801F00F10680994218BF704708BFCB
:100E30009042704707D711F5801F58BF13F5801FE8
:100E400019D499427047894270471CF5801F08D514
:100E5000BCF5801FF7D58B4218BF704708BF824290
:100E600070474FF4001C1CEB410F38BF1CEB430FC5
:100E700001D28B42704770B500F042F992244900CC
:100E80004FF000514FF08053FFF75CBE10F000426E
:100E900048BF4042B0FA80F310FA03F10AD0C3F120
:100EA0001D0303F5806302EB03524FEA415002EB4E
:100EB000D12170474FF000007047000051EA030C49
:100EC00017D41CF5801F58BFBCF5801F00F10680A9
:100ED000994218BF704708BF9042704707D711F575
:100EE000801F58BF13F5801F19D49942704789425B
:100EF00070471CF5801F08D5BCF5801FF7D58B42C5
:100F000018BF704708BF824270474FF4001C1CEBAB
:100F1000410F38BF1CEB430F01D28B42704770B5B5
:100F200000F0EEF8922449004FF080514FF000534A
:100F3000FFF708BE51EA030C17D41CF5801F58BFF9
:100F4000BCF5801F00F10680994218BF704708BFAA
:100F50009042704707D711F5801F58BF13F5801FC7
:100F600019D499427047894270471CF5801F08D5F3
:100F7000BCF5801FF7D58B4218BF704708BF82426F
:100F800070474FF4001C1CEB410F38BF1CEB430FA4
:100F900001D28B42704770B500F0B2F8922449003C
:100FA0004FF000514FF08053FFF7CCBD70B5DFF824
:100FB00048C11CEA111E1EBF1CEA13159EEA0C0F45
:100FC00095EA0C0F00F06F8081EA03044EEAD47EAC
:100FD000AE4421EA4C1123EA4C1341F4801143F44E
:100FE0008013AEF17F7EA1FB024CA0FB0365361996
:100FF00055EB0C05A1FB034C4CF10003A0FB021CBC
:1010000016EB0C06654153F10003094218BF46F088
:10101000010613F4007F0BD14FEA03314FEA05308C
:1010200041EA155140EA165034036FF003020AE01A
:101030004FEAC3214FEAC52041EA555140EA5650D4
:10104000F4026FF0020202EB2E4201EB025585EA38
:10105000CE710AD05FEA440C18BF24F0004450F16E
:10106000000041F1000120EAD47040F2FE7C6245AC
:1010700000D270BDA84214BF4FF080444FF04044EE
:10108000002E08BF0024BEF1806FA8BFA1F1C041AF
:10109000BDE8704080F2828001F1C04101F0004162
:1010A0004FF0000070470CEA13159EEA0C0F18BFB2
:1010B00095EA0C0F06D081EA030E4FF000000EF007
:1010C000004170BD00F01CF88900013E00F007B837
:1010D00000F009B84FEA430C5FEA5C5C08D081EA93
:1010E000030100F05BB84FEA410C5FEA5C5CF6D1AB
:1010F00002494FF0000070470000FF070000F87F32
:101100000EF1020E2EF0030E5EF8046B364205D48B
:10111000012A43EB030515F5001F12D8012841EB06
:10112000010C1CF5001F0CD80ED14FEAD17C0CEB42
:101130004C0C0CF1020C15F5001F08BF4CEBD37CD6
:1011400004E04FF0080C01E04FEAD37C0CEB4C05B7
:1011500026FA05F606F00706B6F1040C06D20EEBE9
:10116000860CBDE870404CF0010C6047DFE80CF0E5
:10117000090B02024FF00041A1F500214FF00000E1
:1011800070BD19461046012851EB010418BFD4F573
:10119000001484BF002001F0004170BD0808A0F5D4
:1011A00000114FEA3101704710B591EA030F48BFB3
:1011B00083F000433FF526AC841A71EB030C07D291
:1011C0008CF0004C121943EB0C03001B61EB0C017B
:1011D0004FEA1154A4EB135CDFF8A4E11EEA430FBD
:1011E00018BF9EEA445F00F0B48021EA045123EA6C
:1011F0006E035242C3EB6E0338BF5B1EDCF1200E60
:1012000025D322FA0CFE10EB0E0043FA0CFE41EB44
:101210000E01CCF1200E03FA0EFE10EB0E00CCF105
:10122000200E51F1000129D401EB045112FA0EF203
:10123000BDE8104058BF7047401C1CBFB2F1004FC2
:10124000704700280CBF491C20F00100704712EBCA
:10125000020E43EB030218BF4FF0010E4EEA4202AA
:10126000ACF1200CDCF11E0E56D943FA0CFE10EB4B
:101270000E00CCF11E0E51F1FF31D5D50EF1010E4D
:1012800012FA0EFE404141EB010101EB445C5FEAC2
:101290005C5C10D901EB045110EBDE7038BFBEF17D
:1012A000004FBDE8104018BF704700280CBF491C14
:1012B00020F00100704734D24FEAD42C24F40064AB
:1012C00011F500111BD0B1FA81F20B3AA41AA41E39
:1012D000D2F12003914030FA03F31943904001EB1F
:1012E000CC7101EB0451002CBDE81040A8BF704741
:1012F00001F1C04101F000414FF000007047B0FA29
:1013000080F310FA03F102D1BDE810407047E41AEF
:10131000173C4805C90AE2E701EB0451BDE810405B
:10132000704749104FEA300001EB0451BDE810400E
:1013300002E04FF0000170474A0008BF0042F8D0B9
:10134000B2F5001F28BF704701F000414FF00000C8
:1013500070479EEA445F07D011EA5E0FBDE8104077
:1013600004BF002100207047BDE8104070B5FFF7B2
:10137000C7FE00BF40DFF63E104683F000417047D5
:101380000000E0FF43004FEAD30C4FEA3C0C43401F
:101390001FBF40070CF1605113F0FE4F70471CF067
:1013A000006F03D10CF00041002070470CF00043A7
:1013B00043EA507040EACC0010B500F038F800BFA6
:1013C000000000924FEA0001FFF7E8BE4FF0004135
:1013D000A1F500214FF00000704710B5FFF71AFD8E
:1013E0000CBF0120002010BD10B5FFF713FD14BF86
:1013F0000120002010BD10B5FFF760FD8CBF01205B
:10140000002010BD10B5FFF759FD2CBF01200020B2
:1014100010BD10B5FFF78EFD94BF0120002010BD58
:1014200010B5FFF787FD34BF0120002010BD0EF17D
:10143000020E2EF0030E5EF8044B244204D44FEA51
:101440004102B2F17F4F11D84FEA4003B3F17F4F11
:101450000CD80ED14FEAD07C0CEB4C0C0CF1020CEA
:10146000B2F17F4F08BF4CEBD17C04E04FF0080C89
:1014700001E04FEAD17C0CEB4C0324FA03F404F0B6
:101480000704B4F1040C06D20EEB840CBDE8104046
:101490004CF0010C6047DFE80CF0070802024FF047
:1014A0000040A0F5800010BD0846420018BFD2F1F0
:1014B000807288BF00F0004010BDF1EE100A4FF6B8
:1014C000FF71C0F2C03120EA010040F04070E1EE4F
:1014D000100A7047FF2141EAD050C0057047000054
:1014E000CDCC4C3ECDCC4C3ECDCC4C3E1E1E01084E
:1014F0009D8A0008010000000000000000020000BA
:1015000000000000000000002C1E0108390E000839
:10151000000000000000000080000000000000004B
:1015200000000000351E01085154000803000000AF
:10153000000000008000000000000000000000002B
:10154000461E01082573000800000000000000008E
:10155000800000000000000000000000621E010882
:1015600091750008000000000000000080000000ED
:10157000000000000000000000000000000000006B
:101580000102030406070809000000000102030429
:1015900040AC037D04014103057C00026D0D026D2A
:1015A0000902000002000000040000000800000022
:1015B00010000000FDFFFFFFFBFFFFFFF7FFFFFF35
:1015C000EFFFFFFFFFFDFFFFFFFBFFFFFFF7FFFF49
:1015D000FFEFFFFF00061016000610160000C844BB
:1015E000CDCC4C3E000000000B080141090242C076
:1015F000030A0B0400000000920E493CB10AC93CEA
:101600002BC3163D2EFB483D752B7B3D04A9963D13
:1016100080B6AF3D36BDC83D2FBCE13D73B2FA3D4B
:1016200087CF093E8340163EB5AB223EA2102F3E27
:10163000CF6E3B3EC2C5473E0115543E135C603E33
:101640007F9A6C3ECCCF783EC07D823E938E883EA2
:10165000229A8E3E32A0943E86A09A3EE59AA03E03
:10166000128FA63ED47CAC3EEF63B23E2A44B83E15
:10167000491DBE3E15EFC33E53B9C93ECA7BCF3E9E
:101680004136D53E80E8DA3E4F92E03E7533E63E85
:10169000BBCBEB3EEA5AF13ECBE0F63E275DFC3E8B
:1016A000E4E7003F3D9C033F824B063F9BF5083F2C
:1016B0006B9A0B3FDA390E3FCDD3103F2A68133FA8
:1016C000D9F6153FC07F183FC6021B3FD17F1D3F93
:1016D000CBF61F3F9967223F25D2243F5636273F3E
:1016E0001594293F4AEB2B3FDE3B2E3FBB85303F15
:1016F000C9C8323FF304353F233A373F4268393F88
:101700003B8F3B3FF9AE3D3F67C73F3F70D8413FFE
:1017100001E2433F03E4453F65DE473F12D1493FC5
:10172000F8BB4B3F029F4D3F207A4F3F3D4D513F0D
:101730004918533F31DB543FE595563F5348583FD6
:101740006AF2593F1A945B3F532D5D3F05BE5E3FE1
:101750002146603F97C5613F5A3C633F59AA643FA9
:10176000880F663FD86B673F3CBF683FA7096A3F59
:101770000C4B6B3F5E836C3F93B26D3F9ED86E3FC8
:1017800073F56F3F0809713F5213723F4714733F5F
:10179000DD0B743F0BFA743FC6DE753F07BA763F28
:1017A000C58B773FF853783F9812793F9DC7793FB3
:1017B00002737A3FBE147B3FCDAC7B3F283B7C3F1E
:1017C000C9BF7C3FAC3A7D3FCCAB7D3F23137E3F0E
:1017D000B0707E3F6DC47E3F580E7F3F6D4E7F3FA1
:1017E000AB847F3F0FB17F3F97D37F3F43EC7F3F79
:1017F00011FB7F3F0000803F11FB7F3F43EC7F3FA9
:1018000097D37F3F0FB17F3FAB847F3F6D4E7F3FCC
:10181000580E7F3F6DC47E3FB0707E3F23137E3FE6
:10182000CCAB7D3FAC3A7D3FC9BF7C3F283B7C3F82
:10183000CDAC7B3FBE147B3F02737A3F9DC7793F9F
:101840009812793FF853783FC58B773F07BA763FB8
:10185000C6DE753F0BFA743FDD0B743F4714733FD0
:101860005213723F0809713F73F56F3F9ED86E3F68
:1018700093B26D3F5E836C3F0C4B6B3FA7096A3F91
:101880003CBF683FD86B673F880F663F59AA643FEB
:101890005A3C633F97C5613F2146603F05BE5E3FAE
:1018A000532D5D3F1A945B3F6AF2593F5348583FAE
:1018B000E595563F31DB543F4918533F3D4D513F6D
:1018C000207A4F3F029F4D3FF8BB4B3F12D1493F1B
:1018D00065DE473F03E4453F01E2433F70D8413FA7
:1018E00067C73F3FF9AE3D3F3B8F3B3F4268393FC3
:1018F000233A373FF304353FC9C8323FBB85303FF9
:10190000DE3B2E3F4AEB2B3F1594293F5636273FAF
:1019100025D2243F9967223FCBF61F3FD17F1D3F41
:10192000C6021B3FC07F183FD9F6153F2A68133FF8
:10193000CDD3103FDA390E3F6B9A0B3F9BF5083F32
:10194000824B063F3D9C033FE4E7003F275DFC3EA2
:10195000CBE0F63EEA5AF13EBBCBEB3E7533E63EBA
:101960004F92E03E80E8DA3E4136D53ECA7BCF3E1C
:1019700053B9C93E15EFC33E491DBE3E2A44B83E89
:10198000EF63B23ED47CAC3E128FA63EE59AA03EF9
:1019900086A09A3E32A0943E229A8E3E938E883E36
:1019A000C07D823ECCCF783E7F9A6C3E135C603E19
:1019B0000115543EC2C5473ECF6E3B3EA2102F3E9E
:1019C000B5AB223E8340163E87CF093E73B2FA3D47
:1019D0002FBCE13D36BDC83D80B6AF3D04A9963D64
:1019E000752B7B3D2EFB483D2BC3163DB10AC93CF0
:1019F000920E493C00000000920E49BCB10AC9BCDD
:101A00002BC316BD2EFB48BD752B7BBD04A996BD0F
:101A100080B6AFBD36BDC8BD2FBCE1BD73B2FABD47
:101A200087CF09BE834016BEB5AB22BEA2102FBE23
:101A3000CF6E3BBEC2C547BE011554BE135C60BE2F
:101A40007F9A6CBECCCF78BEC07D82BE938E88BE9E
:101A5000229A8EBE32A094BE86A09ABEE59AA0BEFF
:101A6000128FA6BED47CACBEEF63B2BE2A44B8BE11
:101A7000491DBEBE15EFC3BE53B9C9BECA7BCFBE9A
:101A80004136D5BE80E8DABE4F92E0BE7533E6BE81
:101A9000BBCBEBBEEA5AF1BECBE0F6BE275DFCBE87
:101AA000E4E700BF3D9C03BF824B06BF9BF508BF28
:101AB0006B9A0BBFDA390EBFCDD310BF2A6813BFA4
:101AC000D9F615BFC07F18BFC6021BBFD17F1DBF8F
:101AD000CBF61FBF996722BF25D224BF563627BF3A
:101AE000159429BF4AEB2BBFDE3B2EBFBB8530BF11
:101AF000C9C832BFF30435BF233A37BF426839BF84
:101B00003B8F3BBFF9AE3DBF67C73FBF70D841BFFA
:101B100001E243BF03E445BF65DE47BF12D149BFC1
:101B2000F8BB4BBF029F4DBF207A4FBF3D4D51BF09
:101B3000491853BF31DB54BFE59556BF534858BFD2
:101B40006AF259BF1A945BBF532D5DBF05BE5EBFDD
:101B5000214660BF97C561BF5A3C63BF59AA64BFA5
:101B6000880F66BFD86B67BF3CBF68BFA7096ABF55
:101B70000C4B6BBF5E836CBF93B26DBF9ED86EBFC4
:101B800073F56FBF080971BF521372BF471473BF5B
:101B9000DD0B74BF0BFA74BFC6DE75BF07BA76BF24
:101BA000C58B77BFF85378BF981279BF9DC779BFAF
:101BB00002737ABFBE147BBFCDAC7BBF283B7CBF1A
:101BC000C9BF7CBFAC3A7DBFCCAB7DBF23137EBF0A
:101BD000B0707EBF6DC47EBF580E7FBF6D4E7FBF9D
:101BE000AB847FBF0FB17FBF97D37FBF43EC7FBF75
:101BF00011FB7FBF000080BF11FB7FBF43EC7FBFA5
:101C000097D37FBF0FB17FBFAB847FBF6D4E7FBFC8
:101C1000580E7FBF6DC47EBFB0707EBF23137EBFE2
:101C2000CCAB7DBFAC3A7DBFC9BF7CBF283B7CBF7E
:101C3000CDAC7BBFBE147BBF02737ABF9DC779BF9B
:101C4000981279BFF85378BFC58B77BF07BA76BFB4
:101C5000C6DE75BF0BFA74BFDD0B74BF471473BFCC
:101C6000521372BF080971BF73F56FBF9ED86EBF64
:101C700093B26DBF5E836CBF0C4B6BBFA7096ABF8D
:101C80003CBF68BFD86B67BF880F66BF59AA64BFE7
:101C90005A3C63BF97C561BF214660BF05BE5EBFAA
:101CA000532D5DBF1A945BBF6AF259BF534858BFAA
:101CB000E59556BF31DB54BF491853BF3D4D51BF69
:101CC000207A4FBF029F4DBFF8BB4BBF12D149BF17
:101CD00065DE47BF03E445BF01E243BF70D841BFA3
:101CE00067C73FBFF9AE3DBF3B8F3BBF426839BFBF
:101CF000233A37BFF30435BFC9C832BFBB8530BFF5
:101D0000DE3B2EBF4AEB2BBF159429BF563627BFAB
:101D100025D224BF996722BFCBF61FBFD17F1DBF3D
:101D2000C6021BBFC07F18BFD9F615BF2A6813BFF4
:101D3000CDD310BFDA390EBF6B9A0BBF9BF508BF2E
:101D4000824B06BF3D9C03BFE4E700BF275DFCBE9E
:101D5000CBE0F6BEEA5AF1BEBBCBEBBE7533E6BEB6
:101D60004F92E0BE80E8DABE4136D5BECA7BCFBE18
:101D700053B9C9BE15EFC3BE491DBEBE2A44B8BE85
:101D8000EF63B2BED47CACBE128FA6BEE59AA0BEF5
:101D900086A09ABE32A094BE229A8EBE938E88BE32
:101DA000C07D82BECCCF78BE7F9A6CBE135C60BE15
:101DB000011554BEC2C547BECF6E3BBEA2102FBE9A
:101DC000B5AB22BE834016BE87CF09BE73B2FABD43
:101DD0002FBCE1BD36BDC8BD80B6AFBD04A996BD60
:101DE000752B7BBD2EFB48BD2BC316BDB10AC9BCEC
:101DF000920E49BC00000080524F41445F43414C69
:101E0000430047494D42414C5F43414C43004C55D0
:101E1000454E4245524745525F43414C430043487B
:101E20004153534953535F43414C430046534D5F25
:101E30005441534B00494E535F5441534B00435F51
:101E4000544F53544D0064656661756C74546173EE
:101E50006B006D6F746F725F333530385F74617310
:101E60006B007472795F747279007D04017C0002EA
:101E700040AB034100055308065804070F00081043
:101E8000820911000A15800B16000C18010D0000C4
:101E9000B01E01080000002028010000EC0100082D
:101EA000D81F010828010020885A00000C020008F1
:101EB0000000000000000000CDCC1C41CDCC1C4136
:101EC0000100000010000000E7416B3A58A08B3A77
:101ED000A2FFFFFF82FFFFFFFFFFFFFF92FFFFFF59
:101EE000FFFFFFFFFF0000000000803F0000000038
:101EF00000000000000000000000803F0000000023
:101F000000000000000000000000803F0000803F53
:101F10000000000000000000000000000000803F02
:101F20000000000000000000000000000000803FF2
:101F30000000344300002F44CDCCCC3D0000404095
:101F40000000C842575B113E643BDF3D08AC9C3D3E
:101F5000EE020000000040406F12833A0000A0C172
:101F6000CDCCCCBD00002041CDCC4C3D0000A041EB
:101F7000CDCCCC3D0000803F0000C8C2CDCC4CBED3
:101F80000000803F0AD7233C0000C8C2CDCC4CBE25
:101F9000DC050000DC0500007E040000E803000012
:101FA0000024F4000000803F00000000000000005A
:101FB000000000000000803F000000000000000062
:101FC000000000000000803F08AC1C3D0000450000
:081FD00001000000AAAAAAAA60
:040000050800018965
:00000001FF
