:020000040800F2
:10000000685B002095020008D9620008994C00083E
:100010002562000871080008B17E00080000000099
:10002000000000000000000000000000E172000875
:100030004D0E000800000000816400080D730008E8
:10004000AF020008AF020008AF020008AF020008CC
:10005000AF020008AF020008510E0008AF0200080E
:10006000AF020008590E0008610E0008AF02000838
:1000700045090008AF020008AF020008AF020008FF
:10008000AF020008AF020008AF020008AF0200088C
:1000900075080008AF020008AF020008690E0008EA
:1000A000AF020008AF020008AF020008AF0200086C
:1000B000FD730008AF020008AF020008AF0200089D
:1000C000AF020008AF020008AF020008AF0200084C
:1000D000AF020008C17B0008AF020008957C000851
:1000E000AF020008AF020008AF020008AF0200082C
:1000F000AF0200081574000809740008AF02000878
:10010000AF020008AF020008AF020008AF0200080B
:10011000AF020008AF020008AF020008AF020008FB
:10012000AF020008510900085D090008110E00081F
:10013000AF020008AF020008AF020008AF020008DB
:1001400081080008AF020008AF020008AF020008F3
:100150001D0E0008350E0008410E0008A57E00089F
:10016000AF020008AF020008AF020008AF020008AB
:10017000AF020008AF020008AF0200080000000054
:10018000AF020008AF02000800F002F800F072F8B9
:1001900014A696E8000CB244B344DA4501D100F04D
:1001A00069F8BAE80F000FA696E83000A5EB040541
:1001B00004EB0607AAEB0704A7F101074FEA1515A0
:1001C0004FEA3414A4F10104AC4201D300F052F818
:1001D00013F0010F18BFFB1A43F0010300F001F800
:1001E000DBE71847BCFB0000DCFB00000A444FF0D3
:1001F000000C10F8013B13F0070408BF10F8014B86
:100200001D1108BF10F8015B641E05D010F8016BCA
:10021000641E01F8016BF9D113F0080F1EBF10F82E
:10022000014BAD1C0C1B09D16D1E58BF01F801CB51
:10023000FAD505E014F8016B01F8016B6D1EF9D5D4
:100240009142D6D37047000070470000002300247D
:1002500000250026103A28BF78C1FBD8520728BFD6
:1002600030C148BF0B6070471FB50FF0AEF81FBD1F
:1002700010B510BD00F002F91146FFF7F5FF09F0C7
:1002800019F900F020F903B4FFF7F2FF03BC00F006
:1002900023F900000948804709480047FEE7FEE7C8
:1002A000FEE7FEE7FEE7FEE7FEE7FEE7FEE7FEE726
:1002B00004480549054A064B70470000E9730008E9
:1002C0008901000868550020685B002068570020FD
:1002D0006857002053EA020C00F069802DE9F04BCA
:1002E0004FF00006002B1FBFB3FA83F503FA05F4A5
:1002F00024FA05F65E4012BF1643B2FA82F502FAFE
:1003000005F4C5F120051EBF22FA05FC44EA0C04E1
:10031000203556EA044C4FEA144418BF641C4FF0D1
:1003200000084FF00009904271EB030C39D300290B
:1003300019BFB1FA81F701FA07F6B0FA80F700FAAF
:1003400007F6C7F120071EBF20FA07FC46EA0C0695
:100350002037B6FBF4FCA7EB0507103F07F01F0B97
:10036000CBF120062CFA06F60CFA0BFB44BFB34681
:100370000026202FA4BF5E464FF0000B5BEA060C60
:1003800008BF4FF0010B19EB0B0948EB0608ABFB5C
:10039000027C06FB02CC0BFB03CCC01B71EB0C01F7
:1003A000C1E70B46024641464846BDE8F08B13B50F
:1003B000084318BF4FF0FF300146AFF30080BDE89F
:1003C0001C40704710B5431C02E010F8011B71B1CE
:1003D0008107FAD14FF0013202C88C1A8C4314EA1B
:1003E000C211F9D0C01A0A0603D0C01E10BDC01A2F
:1003F00010BD0A0401D0801E10BD0902FCD0401EB1
:1004000010BD4FF0000200B51346944696462039C1
:1004100022BFA0E80C50A0E80C50B1F12001BFF4BD
:10042000F7AF090728BFA0E80C5048BF0CC05DF823
:1004300004EB890028BF40F8042B08BF704748BF71
:1004400020F8022B11F0804F18BF00F8012B7047E5
:1004500070477047704710B500F008F8006810BD8D
:1004600010B5044600F002F8046010BD0048704763
:100470003801002000487047380100207546FFF71A
:10048000F9FFAE4605006946534620F00700854651
:1004900018B020B5FFF70CFFBDE820404FF0000674
:1004A0004FF000074FF000084FF0000BAC46ACE8EF
:1004B000C009ACE8C009ACE8C009ACE8C00921F04B
:1004C00007018D46704710B50446AFF30080204603
:1004D000BDE81040FFF7D7BE01491820ABBEFEE7CC
:1004E00026000200704700000DF04CBD0DF0E0BD8D
:1004F00007F0F0BC00281CBF00210160704700001D
:1005000000281EBF0021C4F2B01101607047000036
:10051000B1EEC00AB7EE001A81EE000A7047000083
:1005200007F022BD0020C4F202001021012201F0D8
:10053000C7BC00000020C4F202001021002201F01C
:10054000BFBC00007047000040F20040C4F202004F
:100550000121012201F0B4BC40F20040C4F20200CB
:100560000121002201F0ACBCB0F9003040F2180CBF
:10057000C2F2000C00EE103A9CED001AB8EEC00A70
:1005800021EE000A81ED000AB0F902309CED001A5C
:1005900000EE103AB8EEC00A21EE000A81ED010A21
:1005A000B0F9043000EE103AB8EEC00A21EE000AAD
:1005B00081ED020AC3798179007A1B0243EA004087
:1005C000084400EE100A9FED041AB8EE400A20EE2F
:1005D000010A82ED000A704700401C42704700008B
:1005E0000AF080B908F08ABCB0F9002000EE102AA9
:1005F00040F21802C2F2000292ED011AB8EEC00AEF
:1006000021EE000A81ED000AB0F9023092ED011AE4
:1006100000EE103AB8EEC00A21EE000A81ED010AA0
:10062000B0F9040000EE100AB8EEC00A21EE000A8C
:1006300081ED020A7047000010B5FFF783FFFFF756
:10064000CDFF07F027FE08B1802402E007F0D2FCBE
:10065000044608F063F900281CBF44F0400010BDB8
:1006600008F050F8204310BD2DE9F04F83B00292FE
:100670000E460190FFF75EFF922000F0C3F8922033
:1006800000F0C0F8552000F0BDF88046552000F07D
:10069000B9F80546552000F0B5F88246552000F01F
:1006A000B1F80446552000F0ADF88346552000F01F
:1006B000A9F80746FFF736FF48EA052040F2180977
:1006C00000B2C2F2000900EE100A99ED001AB8EE6D
:1006D000C00A4AEA042021EE000A00B286ED000AB0
:1006E00000EE100A4BEA072000B299ED001A02EE64
:1006F000100AB8EEC00AB8EEC22A21EE000A21EEB6
:10070000021A86ED010A86ED021AFFF725FF802006
:1007100000F078F8552000F075F80646552000F0F6
:1007200071F8552000F06EF88246552000F06AF806
:100730000546552000F066F88346552000F062F823
:100740000446552000F05EF80746552000F05AF8A0
:100750008046FFF7F9FE0F2E25D14AEA052000B2A8
:1007600000EE100A99ED011AB8EEC00A01994BEAA1
:10077000042021EE000A00B281ED000A00EE100A0A
:1007800047EA082000B299ED011A02EE100AB8EE0D
:10079000C00AB8EEC22A21EE000A21EE021A81ED4B
:1007A000010A81ED021AFFF7C5FEA22000F02AF827
:1007B000A22000F027F8552000F024F8044646B2A5
:1007C000552000F01FF80546FFF7ACFEE00040EAB8
:1007D00055104FF60001CFF6FF71002E48BF0843B9
:1007E00000EE100AB8EEC00AB4EE001A20EE010ABC
:1007F000B3EE071A029830EE010A80ED000A03B04A
:10080000BDE8F08F80B582B08DF8070040F6DC704F
:100810004FF47A7CC2F200000DF107010DF10602DF
:100820000123CDF800C002F027FB9DF8060002B0BE
:1008300080BD000090F900204078D3B2DB0043EA8D
:1008400050104FF60003CFF6FF73002A48BF18433D
:1008500000EE100AB8EEC00AB4EE001A20EE010A4B
:10086000B3EE071A30EE010A81ED000A704700006E
:10087000FEE7000040F69840C2F2000000F0C8BC5D
:1008800040F6C040C2F2000000F0C2BC10B58AB011
:100890000024CDE903140821DDE90CECCDE907447F
:1008A0000791110A8DF80410190A8DF806104FEA05
:1008B0001E218DF808104FEA1C218DF805208DF8B7
:1008C00007308DF80A1003A901AA09ABCDE9054448
:1008D0008DF809E08DF80BC000F03EFB0AB010BDAA
:1008E000B0B582B040F2C82CC2F2000C4FEA102E14
:1008F0000CF808EF8CF80100080A8CF80200100AC6
:1009000040F2FF14E6468CF80400180A4EF8204F17
:100910008CF8060040F69840002408258CF8031057
:100920008CF805208CF80730C2F2000001AB71464C
:100930006246CCE90A44CCF8305000F00DFB02B01E
:10094000B0BD000040F66860C2F2000000F074BF65
:1009500040F6C860C2F2000000F06EBF80B500F043
:1009600009F840F6E840C2F20000BDE8804000F01F
:1009700063BF0000B0B540F6DC70C2F20000C16C8D
:1009800046F2A040C4F202000968A0F1480246F213
:100990009F059142C4F2020522D950F89C2CA9422D
:1009A0004FF0200364DD46F23F45C4F20205A94240
:1009B00078DC46F2A005C4F20205A94200F08A8064
:1009C00046F21045C4F20205A94200F0CC8046F27E
:1009D0002843C4F20203994200F0C38080E100BFC3
:1009E00046F25802C4F2020202F1600399421FD992
:1009F000D2F8A823A9424FF0200340F38F8046F29B
:100A00003F45C4F20205A94200F3D08046F2A0059A
:100A1000C4F20205A94200F0F18046F21045C4F28A
:100A20000205A94200F0048146F22843FAE000BF23
:100A3000914255D952F854CCA9424FF0200455DCCC
:100A400046F23F05C4F20205A94240F3F58046F2A2
:100A50004005C4F20205A94200F0D68046F27005B6
:100A6000C4F20205A94200F0F58046F28805EBE0E9
:100A700046F23F05C4F20205A94265DD46F2400593
:100A8000C4F20205A94225D046F27005C4F202055F
:100A9000A94268D046F28803C4F20203994214D0F6
:100AA0001EE100BF46F24045C4F20205A94211D042
:100AB00046F27045C4F20205A94254D046F288437A
:100AC000C4F20203994240F00B814FF400631342D9
:100AD0004CD13CE14FF40013134247D137E100BF42
:100AE00052F858CCA9424FF02004A9DD46F23F4508
:100AF000C4F20205A94271DC46F2A005C4F2020567
:100B0000A94200F0818046F21045C4F20205A942D4
:100B100000F0A08046F2284596E000BF46F23F056F
:100B2000C4F20205A94275DD46F24005C4F2020591
:100B3000A94263D046F27005C4F20205A94277D0FB
:100B400046F2880340E000BF46F21005C4F20205F9
:100B5000A94208D046F22803C4F20203994240F0A9
:100B6000BF804FF40063134200F0F18046F2704200
:100B7000C4F2020291420BD046F28842C4F2020251
:100B8000914209D14FF4006240F8942CF1E000BF8B
:100B9000202240F8942CECE04FF00062814208BF24
:100BA0004FF4001240F8942CE3E000BF46F24045B9
:100BB000C4F20205A94221D046F27045C4F20205F2
:100BC000A94235D046F28843C4F20203994240F06C
:100BD000A9804FF40063134242D1B8E046F2404589
:100BE000C4F20205A9420FD046F27045C4F20205D4
:100BF000A9422FD046F2884526E000BF4FF40013EB
:100C000013422DD1A3E000BF4FF4001404EA0C05F9
:100C100025BB9CE046F21005C4F20205A94207D0AC
:100C200046F22803C4F2020399427BD14FF40063D9
:100C3000134215D18BE000BF46F21005C4F2020545
:100C4000A94207D046F22805C4F20205A94273D191
:100C50004FF4006404EA0C05002D78D0994219D9AC
:100C600046F21042C4F20202914235D046F22842C6
:100C7000C4F20202914229D046F24042C4F202027A
:100C800091420CBF4FF400114FF0006140F8981CE6
:100C90006FE000BF91422DD946F27000C4F202000D
:100CA00081425FD046F28800C4F2020081424FD0F8
:100CB00046F2A000C4F2020081420CBF4FF40010C3
:100CC0004FF0006042F84C0C53E000BF4FF400615D
:100CD00040F8981C4DE000BF202140F8981C48E0E7
:100CE0004FF00063814208BF4FF4001313427FF4BA
:100CF0003DAF2CE046F21000C4F20200814235D034
:100D000046F22800C4F20200814227D046F2400099
:100D1000C4F2020081420CBF4FF400104FF000609B
:100D200025E000BF4FF00063814208BF4FF400137D
:100D3000134295D10BE000BF4FF00064814208BF21
:100D40004FF4001404EA0C05002D7FF487AFB0BD0A
:100D50004FF4006042F84C0C0BE000BF4FF4006011
:100D600005E000BF202042F84C0C02E0202042F8B1
:100D7000500C40F28C55C2F2000528780024800700
:100D8000C4F2020422D46878800730D4A87880079F
:100D90000CD5A878102100F0FD00A870A8780122D9
:100DA00040F00400A870204601F08AF808F026FA06
:100DB0002878400758BFB0BD43F61040C4F2010088
:100DC000016841F001010160B0BD00BF2878012138
:100DD00000F0FD0028702878012240F004002870FF
:100DE00004F5806001F06CF868788007CED56878EB
:100DF000102100F0FD0068706878012240F00400C6
:100E00006870204601F05CF8A8788007C1D4CDE76F
:100E100040F64850C2F2000000F00EBD80B540F62A
:100E2000A850C2F2000000F007FDBDE8804006F0C7
:100E3000CDBE000040F62870C2F2000000F0FCBCFD
:100E400040F60860C2F2000000F0F6BC70470000F7
:100E5000012000F059BF0000082000F055BF00003D
:100E6000102000F051BF0000202000F04DBF000016
:100E700072B600BFFEE7000082B040F2A03640F23A
:100E8000241740F6984441F26C68C2F20006C2F2A0
:100E900000070025C2F20004C2F2000805E000BF0E
:100EA0000020707001200BF07FF97078032813D0B8
:100EB000012809D00028F5D1B87846282AD045283D
:100EC0002AD1032027E000BFB8784628E8D045287B
:100ED000E8D10320E5E700BFB878462804D04528CC
:100EE00004D1032001E000BF0020707020464FF4C1
:100EF00000710022002300950195FFF7C7FC2046F2
:100F000040F2FF110022002300950195FFF7BEFC7F
:100F1000C8E700BF0020707040460AF025FCB0789A
:100F2000F1780AF067FBBDE790F82020013A012A2A
:100F300008D8006800F114020020136819431160FA
:100F4000704700BF00F1240201204FF48021136894
:100F5000194311607047000010B590F820E0D0F8F8
:100F600000C0AEF1010EBEF1010FDCF808E011D8AF
:100F70001EF0E05F18D0CEF301640120A04018609D
:100F80008B68DBB1D1F804E0C86840EACE0040EAE3
:100F9000030E17E000F1240301204FF480211A68AA
:100FA0001143196010BD00BF00F1240301204FF46C
:100FB00000111A681143196010BD00BF0868CB68A2
:100FC00043EA405E0CF5C07000EB0413240140F8C6
:100FD00004E00C69184640F8044F097D012903D14B
:100FE000016841F48071016050680121D860106887
:100FF000986000201A681143196010BD90F82020F5
:10100000013A012A30D8B0B546F20060C4F20000BF
:10101000026842F001020260026822F47C5202601F
:10102000D1F814E0CC694A6A0368012C43EA022231
:1010300002600EF01F024FF0010303FA02F2C369CF
:101040006FEA020C23EA0203C36113D02CBBC3680E
:1010500003EA0C03C360CB688C8844EA034300EBCB
:10106000CE0423640B4611E0416A41F480214162C1
:1010700001207047C3681343C3600B688C8844EA3F
:10108000034300EBCE04236401F10C038C681B883E
:1010900043EA044300EBCE04636443688D6943EA8A
:1010A0000204D1F810E0096A002D08BF03EA0C041D
:1010B00044604369BEF1000F43EA020408BF03EA3B
:1010C0000C040129446102D1C1691143C161016865
:1010D00021F0010101600020B0BD00007047000058
:1010E000B0B590F82040013C012C7DD8D0F800C06C
:1010F00000290CBFDCF80C40DCF81040A4077DD0C0
:101100000CF5D8754FEA011C55F80C4014F0040496
:10111000946055F80CE005EB011C19BF4FEADE05A1
:1011200055604FEA5E551560DCF80050E64605F064
:101130000205D5605EF8044F24075ABFDEF8004070
:1011400004F00F0408241461DEF800400029C4F301
:1011500007249461DEF800504FEA15455561DCF82C
:1011600008201A70026802EB0112D2F8B8214FEA87
:1011700012225A70026802EB0112D2F8B8214FEA2B
:1011800012429A70026802EB0112D2F8B8214FEABB
:101190001262DA70026802EB0112D2F8BC211A71F5
:1011A000026802EB0112D2F8BC214FEA12225A71F6
:1011B000026802EB0112D2F8BC214FEA12429A7186
:1011C000026802EB0112D2F8BC214FEA1262DA7116
:1011D00000680CBF00F10C0100F11001002020227A
:1011E0000B681A430A60B0BD00F1240101204FF4DE
:1011F00080220B681A430A60B0BD00BF00F12401D1
:1012000001204FF400120B681A430A60B0BD0000C1
:101210002DE9F04F81B0044600684669D0F804908B
:101220008768D0F80CB0D0F810A0D0F81880F1077B
:1012300004D1002530071DD424E000BFF90710D0E9
:101240000121BA07816009D4780700F1AF8038071F
:1012500000F1B680204600F087FA02E0204600F058
:1012600085FA0025F80500F18780F80300F1B180C8
:10127000300707D51BF0100004D0206845F4007536
:101280001021C160700708D51BF0080005D0206848
:101290000821C160204600F0F5F9B00706D52068A6
:1012A000C068800702D0204600F0EEF9700607D52E
:1012B0001AF0100004D0206845F480651021016107
:1012C000B00608D51AF0080005D020680821016191
:1012D000204600F015FAF00606D520680069800760
:1012E00002D0204600F00EFAB00308D519F0100025
:1012F00005D0206810214160204600F005FAF00377
:1013000008D519F0080005D0206808214160204662
:1013100000F036FA300440F19B805FEA497040F1FA
:10132000948006F4807008EA102028435FEA8871F0
:10133000014648BF41F00201B20558BF01465FEACD
:1013400048700D4648BF45F00405700558BF0D466E
:10135000300540F17A8018F0700000F07680103887
:10136000000905286CD8DFE800F003655D61596964
:1013700045F0080564E000BF20684FF48071BA05AD
:1013800081600BD4780515D438051DD4204600F0B3
:10139000EFF9F8037FF56CAF1BE000BF204600F0CB
:1013A000E9F9F8037FF564AF13E000BF4FF400657F
:1013B00058E700BF05F50055F8037FF559AF08E081
:1013C0004FF480554EE700BF05F58045F8037FF5E3
:1013D0004FAF20684FF48031BA0381600AD478039C
:1013E00010D4380314D4204600F0C6F930073FF576
:1013F00041AF47E7204600F0C1F930073FF53AAF6B
:1014000040E700BF05F5004530073FF533AF39E74A
:1014100005F5803530073FF52DAF33E745F0800502
:101420000EE000BF45F020050AE000BF45F0400592
:1014300006E000BF45F0100502E000BF45F48075EE
:101440002068816921F07001816120680421416078
:1014500055B1606A40EA05012046616201B0BDE80D
:10146000F04FFFF73BBE00BF01B0BDE8F08F0000BA
:10147000002804BF01207047B0B5044690F8200052
:1014800010B9204600F06EF82068016841F00101B3
:10149000016000F01BFD054620684168C90705D1C1
:1014A00000F014FD401B0B28F6D310E0016821F07A
:1014B0000201016000F00AFD054600BF2068416896
:1014C00089070DD500F002FD401B0B28F6D3606A9A
:1014D000052140F400306062012084F82010B0BD86
:1014E000217E0268012922F0800208BF803202605A
:1014F000617E0268012922F0400208BF403202608A
:10150000A17E0268012922F0200208BF2032026079
:10151000E17E0268012922F0100218BF1032026039
:10152000217F0268012922F0080208BF0832026008
:10153000617F0268012922F0040208BF04320260C0
:10154000D4E901C2D4E9033561691A432A4311433E
:10155000ACF101021143C16100200121606284F8F5
:101560002010B0BD10B586B0006846F60002C4F287
:10157000000200219042CDE90411CDE90211019150
:1015800034D046F20041C4F20001884277D140F2E3
:10159000A461C2F200010A6843F64000C4F20200EE
:1015A000531C0B6052B900210091016841F0007199
:1015B0000160016801F00071009100990021009123
:1015C00050F8101C142441F0080140F8101C50F889
:1015D000100C032100F008000090009840F2004039
:1015E000C4F2020000F5006035E000BF43F64000A1
:1015F000C4F202000091016841F08061016001685D
:1016000001F080610091009940F2A461C2F20001F2
:101610000A68531C0B6052B900210091016841F027
:1016200000710160016801F00071009100990021D2
:10163000009150F8101C402441F0020140F8101CA9
:1016400050F8100C602100F002000090009840F269
:101650000040C4F202000191022102910021039195
:10166000032104910921059101A900F059FB2046AD
:101670000521002200F0CCFF204600F0B7FF06B0A5
:1016800010BD00007047000040F69841C2F2000112
:10169000884218BF704780B58AB040F69840C2F2C1
:1016A000000003AA01AB0021FFF71AFD0398A0F286
:1016B0000121062920D80138C1B2BDF804208900D3
:1016C00051FA80F041F2444112BAC2F20001120C08
:1016D00031F8103021F8102001EB4000BDF8061061
:1016E000BDF8082009BA090C418011BA9DF80A20FA
:1016F000090C0381818082710AB0BDE88040704787
:10170000704700007047000070470000B0B5044605
:1017100090F8200001281DD1022084F820002068C4
:10172000016821F00101016000F0D0FB054600BF17
:1017300020684068C00713D000F0C8FB401B0B288E
:10174000F6D3606A40F400306062052084F820001F
:101750000120B0BD606A40F4002060620120B0BD8D
:1017600000206062B0BD00007047000070470000BC
:10177000704700007047000070470000704700008D
:101780007047000070B5866D044600F09FFB94F82A
:101790003510022928D105462068216C026822F004
:1017A00016020260426922F08002426109B9A16C0E
:1017B00019B1016821F008010160016821F00101FF
:1017C000016000BF20680068C00715D000F07EFBF4
:1017D000401B0628F6D320206065032084F83500DE
:1017E000002184F8341070BD802060650120002144
:1017F00084F8341070BD00BFE06D3F2101FA00F0A5
:10180000B060012084F835000020002184F83410F5
:1018100070BD000090F83510022909D1052180F82B
:1018200035100068016821F0010101600020704757
:101830008021416501207047F0B581B00021009101
:1018400040F2E401C2F200010B68D0E9166148F2EF
:10185000B51537680822C1F64E358A403A42A3FBD7
:1018600005350CD003681C68640708D51C6824F093
:1018700004041C60B260426D42F001024265012224
:101880008A403A4208D003685B691B0604D5B260FF
:10189000426D42F00202426504228A403A4208D078
:1018A00003681B689B0704D5B260426D42F00402D6
:1018B000426510228A403A4219D001680B681B0722
:1018C00015D5B2600B680A685B0309D4D20509D448
:1018D0000A6822F008020A60016C29B907E000BF1B
:1018E000110341D4016C11B1044688472046C26DF2
:1018F000202101FA02F33B4243D001680F68FF0642
:101900003FD5B36090F835700B68052F1CD123F0DC
:1019100016030B604B6923F080034B61036C0BB91A
:10192000836C1BB10B6823F008030B603F219140CF
:10193000B160012180F83510016D0022002980F886
:10194000342054D158E000BF0A685B0310D4D2059C
:1019500012D40A6822F010020A60012180F83510C2
:10196000002180F8341007E0816C0029BCD1BEE76B
:10197000110301D4416C00E0C16B11B104468847EA
:101980002046416DC1B3416DC9072ED0052180F8B5
:1019900035100168AA0A0B6823F001030B60009B55
:1019A0000133934200931AD80B68DB0717D0009BD2
:1019B00001339342009312D80B68DB070FD0009BD2
:1019C0000133934200930AD80B68DB0707D0009BD2
:1019D00001339342009302D80B68DB07DFD101216A
:1019E00080F83510002180F83410C16C21B101B0AD
:1019F000BDE8F040084700BF01B0F0BD2DE9F0415F
:101A0000044600F063FAECB10546022084F8350084
:101A10000020216884F83400086820F00100086084
:101A200021680868C00711D000F050FA401B052853
:101A3000F6D9032520230320636584F83550BDE8DB
:101A4000F08100BF0120BDE8F08100BF086848F2C6
:101A50003F02CFF21002D4E9013500EA020C04F192
:101A60000C0898E8C10143EA0C032B431843D4E95E
:101A7000072E304338431043626A40EA0E00042ABE
:101A800040EA08031CD1206BD4E90A2E40EA0E007C
:101A9000184308604869BEF1000F20F0030040EAD7
:101AA000020040F0040C11D0B8F5005F36D0B8F158
:101AB000000F45D1022A46D0012A3BD032B942E07C
:101AC0000B60486920F0070040EA020C01F0F800C2
:101AD0004AF6AB221038CAF6AA22A0FB02231A0942
:101AE0004FF2E443C1F814C0C0F600039A5C40F220
:101AF000FF335F284FF03F0021EA030100FA02F0B4
:101B000088BF0431C4E91612886000230125002033
:101B1000636584F83550BDE8F08100BF032AD5D84D
:101B2000012540230120DFE802F0030E030500BF7A
:101B300082E700BFAEF1C070B0FA80F0400904E067
:101B4000032A04D3C2D1CEF300600028BED0012501
:101B500040230120636584F83550BDE8F081000022
:101B600090F834C0BCF1010F04BF0220704770B57B
:101B70004FF0010C80F834C0D0F858E090F835C030
:101B8000BCF1010F38D14FF0020C80F835C04FF096
:101B9000000CC0F854C0D0F800C08468056CC06D5B
:101BA000DCF80060402C26F48026CCF80060CCF8ED
:101BB00004300B4604BF13460A463F2101FA00F0E9
:101BC000CCF80830CCF80C20CEF80800DCF8000087
:101BD00040F01600CCF800002DB1DCF8000040F019
:101BE0000800CCF80000DCF8000040F00100CCF860
:101BF0000000002070BD00BF002180F834100220DA
:101C000070BD0000B0B5044600F060F9054640F232
:101C10001000C2F200000078611C18BF044400BF2D
:101C200000F054F9401BA042FAD3B0BD10B5013802
:101C30001F2800F26780DFE800F0116565656565C3
:101C40006547656565656565653165656565656596
:101C50006565656565656565655300BF40F28C54D3
:101C6000C2F20004012060710BF072FE012849D01D
:101C7000A06904F120010AF0E7FA206A002808BFF1
:101C800010BD4EF60450CEF200004FF080510160BE
:101C9000BFF34F8FBFF36F8F34E000BF0A2007F010
:101CA00057F940F28C50C2F20000417841F0010136
:101CB0004170817841F001018170007910B3BDE875
:101CC000104007F09BBA00BF0B2007F041F940F22B
:101CD0008C50C2F20000C17841F00101C17010BD0A
:101CE000092007F035F940F28C50C2F2000001786B
:101CF00041F001010170007920B1BDE8104007F00A
:101D00007DBA00BF10BD000043F61441C4F20101CA
:101D10000A68024214BF08607047FFF787BF0000DF
:101D20002DE9F04F83B000F1200200F13E4741F66B
:101D30000045009207F1FF77C4F2020508224FEA3E
:101D4000B726A84208BF072200254FF000084FF031
:101D50000009072E38BF4FEAB72201920AE000BF00
:101D600009F1010908F10208B9F1100F05F10405A4
:101D700000F0A2800F68012202FA09FE17EA0E0A9B
:101D8000EED0D1F804C003220CF003077E1E02FA45
:101D900008F4012E6FEA040B12D88468CE6804EAB6
:101DA0000B0406FA08F634438460446824EA0E06FD
:101DB000CCF3001404FA09F42643466004E000BFA3
:101DC000032F01D103271EE0C6688C6806EA0B06C4
:101DD00004FA08F42643022FC66014D16FF0030200
:101DE000009E02EA590756F807C005F01C040F22AE
:101DF0000B69A2402CEA0202A3401A43F251D1F827
:101E000004C00CF00307026807FA08F302EA0B02A9
:101E10001A431CF4403F0260A2D0002243F6440360
:101E20000292C4F202031A6843F6004442F480426C
:101E30001A601A68C4F2010402F480420292029A03
:101E400029F003024FF6084C2244CFF6FF7C52F8EB
:101E50000C3005F00C070F26BE40B343019E06FA76
:101E600007F73B4342F80C30A2684B6842EA0A0786
:101E700043F60C4CDE0258BF22EA0A07A760C4F200
:101E8000010CDCF800209E0242EA0A0758BF22EA51
:101E90000A07CCF8007062689E0342EA0A0758BF3E
:101EA00022EA0A0767602268DB0342EA0A0758BF92
:101EB00022EA0A07276053E703B0BDE8F08F00006D
:101EC000002A08BF090481617047000045F2103004
:101ED000C2F2000000687047002804BF012070476C
:101EE000F0B581B0044690F83D0028B9002084F890
:101EF0003C00204600F07CFA242084F83D00206855
:101F0000016821F001010160016841F400410160B4
:101F1000016821F40041016000F088FC636848F228
:101F2000A16CC0F2010C40F60011C0F23D01634506
:101F30003CBF48F28041C0F21E01884202D201201B
:101F400001B0F0BD4DF68361C4F21B31A0FB01125C
:101F50002168970CD1F804E04FF496762EF03F05F7
:101F600045EA92454D60774348F638160D6AC0F24F
:101F70004106A7FB067625F03F07634538BF960C60
:101F8000721C3A430A62CA6948F2A0664CF6FF77AF
:101F9000C0F20106B34222EA07020BD801385B0007
:101FA000B0FBF3F001306FF31F30042898BF04201A
:101FB0001BE000BFA768013857B119277B43B0FB6E
:101FC000F3F001306FF31F3070B100F5804007E08F
:101FD00003EB4303B0FBF3F001306FF31F3018B194
:101FE00000F5004001E000BF01201043C86108680F
:101FF000D4E9072320F0C000104318430860886824
:1020000048F2FF3204F10C0790438CCF1843104381
:10201000A6698860C86820F0FF0038433043C86074
:10202000086840F00100086000202021206484F846
:102030003D10206384F83E0001B0F0BD2DE9F0476B
:1020400084B0994616460F460446FFF73FFF94F8C2
:102050003D10202927D10546206800BF81698907E6
:102060001CD5FFF733FF411B20681A29F6D381697D
:102070008907F3D500202021206384F83D1084F8DF
:102080003E00206C04F13C0A40F020002064022055
:1020900000218AF8001004B0BDE8F087A2461AF8C3
:1020A0003C1F012904D1022004B0BDE8F08700BF25
:1020B00001228AF800200368DDE90D180C9ADB077D
:1020C00003D1036843F001030360036823F4006352
:1020D0000360222084F83D00402084F83E00002068
:1020E000206462626185608D394620850020CFF6CC
:1020F000FF70E062204632464B46CDE9008502F093
:10210000CDFD18B1012004B0BDE8F087208D08B3E3
:10211000022813D0012835D121680A6822F4806290
:102120000A60002203924A6903928A690392039A21
:102130000A6842F400720A602CE000BF21680A6855
:1021400022F480620A600A6842F400620A60002297
:1021500003921AE00020039020684169039181698D
:1021600003910399016841F400710160202084F813
:102170003D00002084F83E0000218AF8001004B0E1
:10218000BDE8F0870021039121684A6903928969BB
:10219000039103990427C0F201070CE0106908704D
:1021A000606A218D01306062481E2085618D013991
:1021B00061850104DAD080B203280FD802284AD002
:1021C00001282DD1204641462A4603F005F8002873
:1021D00098D12068616A0069E1E700BF2046414666
:1021E0002A4602F0F9FF00287FF48CAF2068616A6C
:1021F00000690870606A2268411C208D61620138A4
:102200002085638D013B638553695B07D1D580B21F
:102210000328C3D1106820F480601060BEE700BFBF
:102220002046394600224346009502F083FE0028EE
:102230007FF468AF2068616A026822F480620260FD
:1022400000690870606A218D01306062481E208537
:10225000608D01386085204639460022434600954E
:1022600002F068FE00287FF44DAF2068616A0268C2
:1022700042F40072026000690870606A2268411CC2
:102280006162218D01392185618D01396185116975
:10229000417085E72DE9F04383B0994616460F4615
:1022A0000446FFF713FE94F83D10202924D105467B
:1022B000206800BF816989071AD5FFF707FE411B17
:1022C00020681A29F6D381698907F3D500202021D7
:1022D000206384F83D1084F83E00216C41F0200119
:1022E000216484F83C00022003B0BDE8F08300BF05
:1022F00094F83C10012903D1022003B0BDE8F0831B
:10230000012284F83C200368DDE90B180A9ADB07F8
:1023100003D1036843F001030360036823F40063FF
:102320000360212084F83D00402084F83E00002016
:10233000206462626185608D394620850020CFF679
:10234000FF70E062204632464B46CDE9008502F040
:102350002FFD18B1012003B0BDE8F083208D98B99E
:10236000204641462A4602F087FD88B3206C0428A7
:10237000F0D12068016841F400710160012003B0D0
:10238000BDE8F0830004EBD0204641462A4602F027
:102390006BFF0028EAD1616A2268084610F8013B09
:1023A0001361238D6062581E2085678D013F67850C
:1023B00057697F07E6D50704E4D048781061881C88
:1023C0006062981E2085618D01396185DAE700BF62
:1023D0002068016841F400710160202084F83D000C
:1023E000002084F83E0084F83C0003B0BDE8F08390
:1023F0002DE9F04786B045F600460068C4F20006B5
:102400000025B0420595CDE903550295019503D00D
:1024100006B0BDE8F08700BF43F630070095C4F270
:102420000207386801AC40F00400386038684FF0AB
:10243000120800F0040000900098009538684FF0F2
:10244000030940F00100386038684FF0040A00F0DA
:102450000100009000984FF40070019006F5D6300E
:102460002146CDE90285CDF81090CDF814A0FFF7F4
:1024700057FC4FF48070CDE9010803A880E82006DE
:1024800006F5D2302146FFF74BFC0095386940F441
:1024900000003861386900F400000090009806B030
:1024A000BDE8F08740F2100045F21031C2F20000A2
:1024B000C2F2000100780A6810440860704700000A
:1024C00080B543F60040C4F20200016841F4007197
:1024D0000160016841F480610160016841F480712C
:1024E0000160032000F0C0F80F2000F005F800F0B4
:1024F0005BF8002080BD000070B586B0002543F673
:1025000040010195C4F202010A68044642F001024A
:102510000A60096801A801F0010101910199694669
:1025200000F064F9049E002E18BF012600F07EF929
:102530004DF68361B040C4F21B31A0FB01014FF0A6
:10254000FF3000EB914141F20C10C2F200004FF05D
:10255000804240F2E733C0E90021C0E9025305613F
:10256000856100F0B1FE08B106B070BD41F20C10FB
:10257000C2F2000000F010FF0028F5D11C2000F08E
:1025800035F80F2C0CD81C202146002200F040F812
:1025900040F214010020C2F200010C6006B070BDD0
:1025A000012006B070BD000082B0002043F640015B
:1025B0000190C4F202014A6842F480424A604A68CB
:1025C00002F480420192019A00900868002240F0D3
:1025D0008050086008680F2100F08050009000983B
:1025E0006FF0010002B000F013B80000002848BFEF
:1025F000704700F01F01012202FA01F11C2202EAD9
:10260000D0004EF20012CEF200028150704700005E
:1026100010B54EF60C5CCEF2000CDCF80030C3F3C3
:10262000022E8EF00704042C28BF0424BEF10303FD
:102630004FF0FF3E0EFA04F438BF0023A143994047
:102640000EFA03F39A43114300F00F0200F16043C6
:102650000901043A03F564436244002848BF02F1CB
:102660000C03197010BD00004EF60C51CEF20001A3
:102670000A684FF6FF031A4060F30A2242F08060B6
:1026800040F0FD7008607047002804BF01207047CB
:102690002DE9F04143F60808C4F202080446D8F8D0
:1026A000F8030D4600F00700814207D988F8F85377
:1026B000D8F8F80300F00700A84277D12068810716
:1026C00017D5410705D5D8F8001041F4E051C8F8F6
:1026D0000010010705D5D8F8001041F46041C8F892
:1026E0000010D8F80010A26821F0F0011143C8F8DA
:1026F0000010C00740D1D8F8F80300F00700854269
:1027000007D288F8F853D8F8F80300F00700A84279
:102710004CD12068410707D5D8F80010E26821F4B1
:10272000E0511143C8F80010000708D5D8F80000A0
:10273000216920F4604040EAC100C8F8000000F0C0
:102740009DF8D8F800104FF28842C1F30311C0F68B
:102750000002515C40F2E40220FA01F140F2140060
:10276000C2F200000068C2F200021160FFF7C4FE6E
:102770000020BDE8F08100BF6068811E022907D2F9
:1027800058F8081C89015CBF0120BDE8F08111E008
:10279000012807D158F8081C89035CBF0120BDE857
:1027A000F08107E058F8081C890703D40120BDE830
:1027B000F08100BFD8F8001021F003010843C8F8E9
:1027C0000000FFF783FB064641F28837D8F8000087
:1027D000616800F00C00B0EB810F8CD0FFF776FB46
:1027E000801BB842F2D90320BDE8F0810F220260BD
:1027F00043F60802C4F20202136803F003034360C5
:10280000136803F0F0038360136803F4E053C360BC
:10281000D2F800C04FF4E05303EADC030361D2F8BE
:10282000F80300F0070008607047000040F2E40081
:1028300043F60801C2F20000C4F202010068096810
:102840004FF29842C1F38221C0F60002515CC840A9
:102850007047000040F2E40043F60801C2F20000B5
:10286000C4F20201006809684FF29842C1F3423194
:10287000C0F60002515CC8407047000010B543F636
:102880000404C4F202046168C1F3810142F2004011
:10289000C0F2F400DFE801F002040A0210BD00BF3C
:1028A00041F60030C0F2B70010BD00BF20682168BB
:1028B0002368490241F60031C0F2B70100F03F023F
:1028C000C3F388105CBF42F20041C0F2F401A1FBE7
:1028D00000010023FDF7FEFC21680222C1F3014143
:1028E00002EB4101B0FBF1F010BD0000002804BF75
:1028F000012070472DE9F04182B00446007843F68C
:102900000006C007C4F202060CD0B06800F00C004C
:10291000042840F081803068800303D56068002877
:1029200000F06881207880071BD5B06810F00C0F8C
:1029300009D0B06800F00C00082840F0878070686B
:10294000400200F183803068800703D5E0680128E9
:1029500040F050813068216920F0F80040EAC10061
:1029600030602078000713D4207840072AD4A56966
:10297000002D00F03A81B06800F00C00082840F00B
:10298000A580012D40F00E81012002B0BDE8F0814C
:102990006069002800F082800020C4F247200121F5
:1029A000C0F8801EFFF792FA054600BF706F8007DF
:1029B000DAD4FFF78BFA401B0228F7D9032002B0C4
:1029C000BDE8F081306C5FEAC0080AD400200190B5
:1029D000306C40F080503064306C00F080500190DA
:1029E000019847F20007C4F200073868C00547D4D1
:1029F000386840F480703860FFF768FA054600BF19
:102A00003868C0053CD4FFF761FA401B0228F7D9AB
:102A1000032002B0BDE8F081B06800F00C00082887
:102A200003D1706840023FF576AF61683068B1F558
:102A3000803F07D0B1F5A02F40F09A8040F480206D
:102A40003060306840F4803030609AE0E068002800
:102A500040F20000C4F247205CD001210160FFF782
:102A600035FA0546306880073FF574AFFFF72EFA58
:102A7000401B0228F6D9032002B0BDE8F08100BF58
:102A8000A168306F012905D0052955D140F0040017
:102A90003067306F40F00100306756E00020C4F22C
:102AA00047200021C0F8801EFFF710FA054600BF3E
:102AB000706F80077FF558AFFFF708FA401B0228B8
:102AC000F6D9032002B0BDE8F08100BF0027C4F2B0
:102AD000472700203866FFF7F9F9022D05460DD18A
:102AE0003068800140F18A80FFF7F0F9401B02282E
:102AF0004FF00300F4D902B0BDE8F08130688001E6
:102B000073D5FFF7E3F9401B02284FF00300F5D916
:102B1000F1E700BF00210160FFF7D8F9054600BFCB
:102B2000306880077FF51DAFFFF7D0F9401B022802
:102B30004FF00300F4D9DEE720F001003067306F7A
:102B4000002920F0040030677AD0FFF7BFF905466E
:102B500041F28837306F800700F18480FFF7B6F9C3
:102B6000401BB842F6D9032002B0BDE8F08100BF97
:102B700020F4803030603068002920F480203060FC
:102B80007AD0FFF7A3F90546306880033FF5CAAE57
:102B9000FFF79CF9401B6428F6D9032002B0BDE87A
:102BA000F08100BF7068E16900F480028A4221D19F
:102BB000216A00F03F028A421CD147F6C071626A66
:102BC0000140B1EB821F15D1A16A4FF6FF73C90313
:102BD000994300F44032A1F580318A420AD1E16A7A
:102BE00000F07060B0EB016F04D1002002B0BDE8CE
:102BF000F08100BF012002B0BDE8F08104F11C05A6
:102C00002FCD084340EA8210D9034FF6FF7291435B
:102C1000A1F5803140EA0560084370600120386604
:102C2000FFF754F9044600BF30688001DDD4FFF798
:102C30004DF9001B02284FF00300F5D95BE700BFF8
:102C4000FFF744F9054641F2883700BF306F80072F
:102C500008D5FFF73BF9401BB8424FF00300F5D908
:102C600049E700BFB8F1000F3FF581AE306C20F0AE
:102C7000805030647BE600BFFFF728F9054600BFAF
:102C8000306880037FF54EAEFFF720F9401B6428C3
:102C90004FF00300F4D92EE770B528B1416A29B18D
:102CA00000210161142106E0012070BD4168B1F5E9
:102CB000827F02D01C21002242500026866290F8BA
:102CC000511029B980F85060054600F03DF82846BB
:102CD000022180F8511090E82E0002F482720C68F4
:102CE00003F4044324F040040C601A4405F4006328
:102CF00005691A4405F0020345691A4405F0010309
:102D00008569C4691A4405F400731A4404F0380351
:102D1000046A1A4404F08003846A1A4304F40053DA
:102D20001A430A60436A042202EA154203F01003C0
:102D30001A444A60CA6922F40062CA6101214665E8
:102D400080F85110304670BD2DE9F04F87B0044631
:102D500043F200070068C4F201070026B842069655
:102D6000CDE904660396029602D007B0BDE8F08F65
:102D700043F630000196C4F20200416902AD41F40D
:102D800080514161416946F2404801F4805101910E
:102D90000199019601684FF0020941F002010160BA
:102DA00001684FF0030A01F00201019101990196B7
:102DB00001684FF0050B41F00101016000682946F0
:102DC00000F00100019001981820029007F554408E
:102DD000C4F20208CDE90396CDF814A0CDF818B0DE
:102DE000FEF79EFF8020CDE9020904A880E8400C90
:102DF00007F550402946FEF793FF40F6E845C2F23A
:102E000000054FF440304FF0C0674FF48069C5E9CA
:102E100008062846C5E90087C5E90266C5E90496A3
:102E2000C5E90666FEF7EAFD002818BFFEF720F8A0
:102E3000E564AC6340F6485508F11800C2F200059D
:102E40004021C5E9000705F10800002280E80602DC
:102E50004FF40030C5E908022846C5E90522EA61B9
:102E6000FEF7CCFD002818BFFEF702F8A564AC639E
:102E700007B0BDE8F08F00002DE9F04383B01E4697
:102E800015460F460446FFF721F894F85110814685
:102E9000012909D1002F4FF0010018BF002D0FD1DB
:102EA00003B0BDE8F08300BF6068B0F5827F0DD14C
:102EB00004294FF00200F3D1A1680029EAD0EFE71E
:102EC000002EEDD094F85000012803D1022003B069
:102ED000BDE8F083012084F8500094F851000021EF
:102EE00004281CBF052084F851006165A563E687AE
:102EF000A6872763E6862068A68621646164016848
:102F0000490603D4016841F0400101606168731E05
:102F1000E268B1FA81F1B3FA83F3DDF82880490958
:102F20005B09B2F5006F41EA030165D131B137F8B1
:102F3000021BC1602763E08E0138E086012518F18D
:102F4000010032D102E000BFFEF7C0FFE08E18B9E9
:102F5000E08F002800F0B8802068816889070CD5D0
:102F6000E18E51B1012D08D1216B002531F8022BE2
:102F7000C2602163E18E0139E1868168C907E3D02F
:102F8000E18F0029E0D0C068A16B012521F8020B78
:102F9000A163E08F0138E087D6E700BFFEF796FF18
:102FA000A0EB0900404580F0A580E08E18B9E08FC5
:102FB000002800F089802068816889070CD5E18E9F
:102FC00051B1012D08D1216B002531F8022BC260CF
:102FD0002163E18E0139E1868168C907DED0E18F86
:102FE0000029DBD0C068A16B012521F8020BA16389
:102FF000E08F0138E087D1E739B139780173206B70
:1030000001302063E08E0138E086012518F10100CF
:1030100032D101E0FEF75AFFE08E10B9E08F0028B0
:1030200052D02068816889070ED5E18E61B1012DEB
:103030000AD1216B002509780173216B20680131C9
:103040002163E18E0139E1868168C907E2D0E18F11
:103050000029DFD0C068A16B01250870A06B01308A
:10306000A063E08F0138E087D4E700BFFEF72EFFB2
:10307000A0EB090040453DD2E08E08B9E08F18B3BF
:103080002068816889070ED5E18E61B1012D0AD1D2
:10309000216B002509780173216B206801312163C0
:1030A000E18E0139E1868168C907DFD0E18F00290F
:1030B000DCD0C068A16B01250870A06B0130A06353
:1030C000E08F0138E087D1E7204602210122434604
:1030D000CDF8009004F06CF8B0B1606D40F02000C5
:1030E000606520206065002084F85000012003B056
:1030F000BDE8F083012084F85100002084F85000DE
:10310000032003B0BDE8F08340F2E400C2F2000007
:10311000006849F68171C1F25E61A0FB0101480DB2
:103120004FF47A71484302906068B0F5827F0BD10A
:103130002046802100224346CDF8009004F038F864
:103140000028CAD121E000BF0298F0B102980138EE
:10315000029020688168090617D50299A9B10299E1
:1031600001390291816809060FD5029969B1029966
:10317000013902918168090607D5029929B102999E
:103180000139029180680006DED4A06838B90020B9
:1031900001902068C1680191806801900198012028
:1031A00084F85100002084F85000606D002818BF9A
:1031B000012003B0BDE8F0837047000070470000B5
:1031C00090F83C20012A04BF02207047B0B501F1FD
:1031D00008053CCDD1E900CE23F47C5322F4705293
:1031E0001A432EF4F0431A432CF4E0431A4324F418
:1031F000C0431A432A43C96922F480420368114339
:103200005964002180F83C100020B0BD90F83C20AB
:10321000012A4FF0020254D010B580F83D20026818
:10322000D2F804E0D2F808C00C682EF070032343F3
:1032300041F2FF74C4F20004A24253600EDC40F27B
:10324000FF73C4F200039A4216DCB2F1804F2BD018
:1032500040F20043C4F2000324E000BF40F2FF3319
:10326000C4F201039A4213DC41F60003C4F20003E6
:103270009A4219D0002313E040F60003C4F2000381
:103280009A4211D040F60043C4F200030AE000BFA6
:1032900044F20003C4F201039A4205D040F2004315
:1032A000C4F201039A4204D149682CF08003194307
:1032B00091600121002280F83D1080F83C20BDE89B
:1032C0001040104670470000002804BF01207047DE
:1032D00010B5044690F83D0028B9002084F83C0061
:1032E000204600F01FF8022084F83D002068211DD0
:1032F00004F0A0F8012084F8460084F83E0084F829
:103300003F0084F8400084F8410084F8420084F8CB
:10331000430084F8440084F8450084F83D00002010
:1033200010BD000080B582B0006842F20001C4F216
:103330000001884216D044F20041C4F201018842E3
:103340000ED10020019043F64000C4F20200416813
:1033500041F400314160406800F400300190019870
:1033600002B080BD0020009043F64000C4F202008D
:103370000168002241F4807101600068052100F4B9
:103380008070009000982D20FFF742F92D2002B0A8
:10339000BDE88040FFF72AB990F83D1001291CBF15
:1033A00001207047022180F83D10006841F2FF7251
:1033B000C168C4F20002904241F00101C1600DDC1D
:1033C00040F2FF71C4F20001884215DCB0F1804F79
:1033D0002AD040F20041C4F2000123E040F2FF3164
:1033E000C4F20101884213DC41F60001C4F200017D
:1033F000884219D0002113E040F60001C4F2000118
:10340000884211D040F60041C4F200010AE000BF3A
:1034100044F20001C4F20101884205D040F20041AB
:10342000C4F20101884206D1816801F00701062932
:1034300004BF00207047016841F0010101600020D5
:103440007047000041F25411C2F20001884218BFD7
:10345000704740F2244CC4F2010CDCF814204DF209
:103460001F13CFF6FF7340F29C3113FA82F340F63C
:10347000B630C2F2000183424A8003D80022002302
:103480000A7018E092B2A2F28530B0F5C77F05D875
:1034900008784A78431C0B7052080CE0A2F2D170F5
:1034A000B0F5F97FEAD808784A78431C6FF07F00BE
:1034B0000B7040EA5202A3F10800C3B2400140EA97
:1034C000D300C3B2032B4A7003D804A050F82300E2
:1034D00002700020CCF80000704700BF24010020DB
:1034E00025010020260100202701002090F83C3013
:1034F000012B04BF022070474FEAB202032A00F2F8
:103500008D80F0B5DFE802F0026426460368D1E959
:1035100000C5D1F80CE01C6A1A6A41F2FF7722F06C
:1035200001021A621A4652F8186FC4F20007BB4231
:103530007ADC40F2FF77C4F20007BB4200F38280DE
:10354000B3F1804F00F0968040F20047C4F20007CC
:103550008EE000BF0768D1E900C5D1E902313C6ABD
:103560003A6A61F3071522F480723A623A4652F8D9
:103570001C6F26F0F30645EA060124F420660CF0E1
:103580000A0546EA052611603E62116821F00C0129
:10359000116080E00368D1E900E6D1E902C11C6A4C
:1035A0001A6A360222F480521A621A4652F81C5FD6
:1035B0004FF2FF07BE4325F4734561F30F3624F441
:1035C00020440EF00A0746EA050144EA07371CE0EA
:1035D0000368D1E900E6D1E902C11C6A1A6A360221
:1035E00022F010021A621A4652F8185F4FF2FF07D3
:1035F000BE4325F4734561F30F3624F0A0040EF0AA
:103600000A0746EA050144EA071711601F621168BC
:103610004FEA0C2321F4406111603CE001210022BB
:1036200080F83C200846704740F2FF37C4F201079B
:10363000BB4213DC41F60007C4F20007BB4219D0BD
:10364000002713E040F60007C4F20007BB4211D088
:1036500040F60047C4F200070AE000BF44F200074A
:10366000C4F20107BB4205D040F20047C4F2010793
:10367000BB421BD126F00306354324F00A070CF0A9
:103680000A066EF3071537449D611F629F6927F094
:103690000C079F618B681168194311600021BDE818
:1036A000F040002280F83C200846704746F00105B3
:1036B000E3E70000002804BF0120704710B504466E
:1036C00090F83D0028B9002084F83C00204600F026
:1036D0001FF8022084F83D002068211D03F0AAFE97
:1036E000012084F8460084F83E0084F83F0084F806
:1036F000400084F8410084F8420084F8430084F8D4
:10370000440084F8450084F83D00002010BD00000E
:1037100080B586B040F200410068C4F20101002289
:1037200088420592CDE903220292019202D006B0AE
:1037300080BD00BF43F630000092C4F2020043692E
:1037400043F002034361436903F002030093009BCB
:103750000092036843F480730360006800F4807093
:1037600000900098402001900220CDE90202032041
:10377000059001F58E3001A90492FEF7D1FA2D20B3
:1037800005210022FEF744FF2D20FEF72FFF2E20FB
:1037900005210022FEF73CFF2E20FEF727FF06B092
:1037A00080BD000031B3042908D0082919BF4FF0AB
:1037B000450C41234FF0440C402302E04FF0430CF2
:1037C0003F23C25C10F80C30012A4FF0010208BF01
:1037D000012B63D10222082922D0042954D180F878
:1037E0003F2080F843204FEAB103032B4FF0010242
:1037F00020D953E090F83E2090F84230012A4FF053
:10380000010208BF012B49D1022280F83E2080F836
:1038100042204FEAB103032B4FF001020AD93DE0E9
:1038200080F8402080F844204FEAB103032B4FF08A
:10383000010233D84FF2B44C0068C0F6000C5CF8BB
:1038400023C0C36801F01F0143EA0C03C360036A8D
:1038500002FA01F123EA01020262026A114341F213
:10386000FF72C4F200029042016219DC40F2FF7163
:10387000C4F20001884221DCB0F1804F36D040F222
:103880000041C4F200012FE080F8412080F845207B
:103890004FEAB103032B4FF00102CBD9104670471A
:1038A00040F2FF31C4F20101884213DC41F600010D
:1038B000C4F20001884219D0002113E040F6000153
:1038C000C4F20001884211D040F60041C4F2000168
:1038D0000AE000BF44F20001C4F20101884205D0B1
:1038E00040F20041C4F20101884206D1816801F032
:1038F0000701062904BF00207047016841F001015B
:10390000016000207047000070B504460068C5687B
:103910000669B10716D515F0020113D06FF0020148
:103920000161012121778069800703D02046FFF7DC
:1039300089FD05E0204600F0D3F9204600F05AFB4F
:1039400000202077700719D515F0040016D02068E4
:103950006FF00401016102212177806910F4407F3A
:1039600004D02046FFF76EFD06E000BF204600F0C1
:10397000B7F9204600F03EFB00202077300717D52E
:1039800015F0080014D020686FF0080101610421CF
:103990002177C069800703D02046FFF753FD05E07B
:1039A000204600F09DF9204600F024FB00202077FF
:1039B000F00619D515F0100016D020686FF0100130
:1039C000016108212177C06910F4407F04D02046AE
:1039D000FFF738FD06E000BF204600F081F92046E1
:1039E00000F008FB00202077F00718BF15F0010059
:1039F00002D1300609D412E020686FF001010161A4
:103A0000204600F081FB300609D515F0800006D075
:103A100020686FF0800101612046FFF7CDFB700642
:103A200009D515F0400006D020686FF04001016113
:103A3000204600F09BFBB00658BF70BD15F020007B
:103A400008D021686FF0200220460A61BDE870406E
:103A5000FFF7B4BB70BD0000F0B587B0006844F25A
:103A60000042C4F2010200219042CDE90511CDE9E6
:103A70000311029138D00021C4F20101884252D1D1
:103A8000002543F630000195C4F2020001680024CD
:103A900041F0010101600168C4F2020401F001017A
:103AA0000191019901950168022641F01001016020
:103AB0000068012700F01000019001984FF4406069
:103AC000029002A92046CDE9036505950697FEF709
:103AD00027F94FF42060CDE90206CDE90455069799
:103AE00004F580501CE000BF43F630000191C4F2A1
:103AF0000200026842F002020260006800F0020068
:103B0000019001984FF4807002900220CDE90301EA
:103B1000032006900020C4F2020000F580600591A9
:103B200002A9FEF7FDF807B0F0BD000090F83C30A8
:103B3000012B04BF022070474FEAB202032A00F2B1
:103B4000C980F0B5DFE802F0028A3264026840F210
:103B50000045136A166A23F0020326F00106166276
:103B6000D2F804E0D2F818C08E6842F48064C4F23F
:103B70000105AC4243EA060305D1CE6823F00C03ED
:103B800026F0040633430E68AC4206D1D1E905475E
:103B90002EF44075254345EA070E2CF07307374392
:103BA000C2F804E097614968516389E0026840F215
:103BB0000045136A176A23F4007327F480771762AD
:103BC000D2F804E0D2F81CC08E6842F48064C4F2DB
:103BD0000105AC4243EA062307D1CE6840F2FF4715
:103BE000360223F44063BE4333430E68AC4206D131
:103BF000D1E905452EF44057254347EA051E2CF030
:103C000073073743C2F804E0D7614968D16357E0CE
:103C1000026840F20047D2F820E0136A42F480665E
:103C200023F4805313625368D4690D68D1F808C037
:103C3000C4F20107BE4204D14E6923F4804343EA33
:103C4000861324F4E64646EA05265360D6614968A1
:103C50002EF4005747EA0C33116431E0026840F259
:103C60000045136A176A23F0200327F01007176234
:103C7000D2F804E0D2F818C08E6842F48064C4F22E
:103C80000105AC4243EA061307D1CE686FF0400746
:103C900023F0C00307EA061633430E68AC4206D190
:103CA000D1E905452EF44067254347EA850E2CF4FB
:103CB000E64747EA0627C2F804E09761496891633E
:103CC00000211362BDE8F040002280F83C20084645
:103CD000704700BF0121002280F83C200846704751
:103CE00070470000002804BF0120704710B504464B
:103CF00090F83D0028B9002084F83C00204600F0F0
:103D00001FF8022084F83D002068211D03F092FB7B
:103D1000012084F8460084F83E0084F83F0084F8CF
:103D2000400084F8410084F8420084F8430084F89D
:103D3000440084F8450084F83D00002010BD0000D8
:103D40007047000090F83C30012B04BF0220704700
:103D50004FEAB202032A00F2FF802DE9F043DFE8C8
:103D600002F003B13F7F00BF036840F200461C6AC7
:103D70001A6A24F0020422F001021A621A46D3F8E9
:103D800004C052F818EF8F6843F48065C4F201064E
:103D9000B54244EA070405D1CF6824F00C0427F0AB
:103DA00004073C430F68B54206D1D1E905582CF40D
:103DB00040762E4346EA080C2EF073063743C3F8CC
:103DC00004C09F614F6809695F631C629F6947F087
:103DD00008079F619F6927F004079F61B1E000BF5A
:103DE000036840F200481C6A1A6A24F4007422F442
:103DF00080721A621A46D3F804C052F81CEF8F681A
:103E000043F48065C4F20108454544EA072408D11B
:103E1000CF6840F2FF463F0224F4406427EA0606DA
:103E20003443D1F80090454506D1D1E905562CF42C
:103E300040572E4347EA061C2EF0730747EA09074E
:103E4000C3F804C0DF614F680969DF631C62DF6982
:103E500047F00807DF61DF6927F00407DF6170E0E2
:103E6000036840F20045D3F820C01A6A43F4806723
:103E700022F480521A621A465C6852F81C8FD1F8FC
:103E800000E08E68C4F20105AF4204D14D6924F40C
:103E9000804444EA85142CF4005747EA063728F496
:103EA000E64646EA0E265C60DE614E6809691E64DD
:103EB0001F62DF6947F40067DF61DF6927F480670D
:103EC000DF613DE0036840F200481C6A1A6A24F092
:103ED000200422F010021A621A46D3F804C052F8E5
:103EE00018EF8F6843F48065C4F20108454544EA41
:103EF000071407D1CF686FF0400624F0C00406EA2B
:103F000007163443D1F80090454506D1D1E905564E
:103F10002CF440672E4347EA860C2EF4E64747EA26
:103F20000927C3F804C09F614F6809699F631C6239
:103F30009F6947F400679F619F6927F480679F61CD
:103F400009021368194311600021BDE8F043002203
:103F500080F83C20084670470121002280F83C2070
:103F600008467047002804BF0120704710B504467A
:103F700090F83D0028B9002084F83C00204600F06D
:103F80001FF8022084F83D002068211D03F052FA3A
:103F9000012084F8460084F83E0084F83F0084F84D
:103FA000400084F8410084F8420084F8430084F81B
:103FB000440084F8450084F83D00002010BD000056
:103FC00000680021C4F20101884218BF704781B027
:103FD0000020009043F64400C4F20200016841F062
:103FE00001010160006800F001000090009801B03C
:103FF0007047000070470000C1B1042908D00829AB
:1040000014BF41224022825C012A05D016E000BF85
:104010003F22825C012A11D10222082910D00429F2
:1040200014BF80F8412080F83F200BE090F83E203C
:10403000012A03D1022280F83E2003E001207047CC
:1040400080F84020006801F01F010122036A02FA93
:1040500001F123EA01020262026A114341F2FF7296
:10406000C4F20002904201620CDC40F2FF71C4F223
:104070000001884214DCB0F1804F37D040F200419B
:1040800016E000BF40F2FF31C4F20101884215DCA6
:1040900041F60001C4F20001884227D0002115E05A
:1040A00040F60001C4F2000188421FD040F60041F2
:1040B000C4F20001884219D01FE000BF44F20001A1
:1040C000C4F20101884211D040F20041C4F2010162
:1040D000884212D1416C40F2004340F48062C4F245
:1040E000010341F400419A42416406D1816801F024
:1040F0000701062904BF00207047016841F0010153
:10410000016000207047000010B504460068B0F15F
:10411000804F02D1FEF7C6F9206842F20001C4F2D6
:104120000001884218BF10BD40F29840C2F2000062
:1041300090ED040AB3EE0E1AB0EEC00AB4EE410AD6
:10414000F1EE10FA10DD40F2DC6040F2EC4140F29A
:10415000D462C2F20000C2F20001C2F20002BDE865
:10416000104001F051BB00BF10BD000070470000BF
:104170007047000070470000B0B582B001680A685F
:10418000CC684B6902F02F05202D04F0200505D1E5
:1041900025B102B0BDE8B04003F01EBC5FEA027C6E
:1041A0001EBF03F0010E04F4907313EB0E0341D114
:1041B000036BD50618D5012B16D114F0100313D0BC
:1041C000002201920A6801924A680192019A4969A3
:1041D00049064BD4818DC28DC38D002B18BF9142EF
:1041E00040F0068202B0B0BD13062DD514F0800356
:1041F0002AD090F84120212AF4D18268B2F5805F5C
:1042000003D10269002A00F07982026A531C03621A
:1042100012784A60C28C013A1304C284E2D1C868A1
:1042200020F08000C860C86840F04000C86002B05C
:10423000B0BD00BFD30718BF14F4807340F0E28014
:10424000530700F1E580EAE05206CBD514F04002B6
:10425000C8D0CA6822F04002CA60202180F841100C
:1042600002B0BDE8B04000F013BD00BFC26B1168E2
:104270004B68858D99B2002900F0B480A94280F086
:10428000B180C385D169B1F5807F00F0A08001685D
:1042900051E8031F026821F4807142E80313DBB187
:1042A000016851E8031F026821F4807142E803139A
:1042B00093B1016851E8031F026821F4807142E85C
:1042C00003134BB1016851E8031F026821F48071A8
:1042D00042E80313002BDAD1016851E8051F026898
:1042E00021F0010142E80513BBB3016851E8051F45
:1042F000026821F0010142E8051373B3016851E837
:10430000051F026821F0010142E805132BB3016883
:1043100051E8051F026821F0010142E80513002B56
:10432000DAD11AE0016851E8051F026821F0400166
:1043300042E80513DBB1016851E8051F026821F06E
:10434000400142E8051393B1016851E8051F026876
:1043500021F0400142E805134BB1016851E8051F07
:10436000026821F0400142E80513002BDAD1202138
:1043700080F8421000210163016851E8031F0268C0
:1043800021F0100142E80313DBB1016851E8031F7B
:10439000026821F0100142E8031393B1016851E86B
:1043A000031F026821F0100142E803134BB10168BA
:1043B00051E8031F026821F0100142E80313002BAB
:1043C000DAD1C16B04460846FDF7DCF9204602212C
:1043D0004163818DC28D891A89B202B0BDE8B040B7
:1043E000FFF7C6BE8D427FF4FDAED269B2F5807F85
:1043F0007FF4F8AE0222426302B0BDE8B040FFF79E
:10440000B7BE00BF436C43F001034364530706D5B6
:10441000BEF1000F03D0436C43F0020343649307E3
:1044200006D5BEF1000F03D0436C43F00403436490
:10443000BCF1000F06D55EEA050303D0436C43F0E0
:1044400008034364436C002B3FF4CCAE920605D5C1
:1044500025B1044603F0C0FA216820464969426C40
:1044600001F0400102F00802891800F0B98000BF95
:10447000016851E8031F026821F4907142E80313B8
:10448000BBB3016851E8031F026821F4907142E850
:10449000031373B3016851E8031F026821F490719C
:1044A00042E803132BB3016851E8031F026821F4AB
:1044B000907142E80313002BDAD11AE0016851E849
:1044C000051F026821F0010142E80513DBB1016814
:1044D00051E8051F026821F0010142E8051393B17C
:1044E000016851E8051F026821F0010142E8051347
:1044F0004BB1016851E8051F026821F0010142E853
:104500000513002BDAD1016B012924D1016851E890
:10451000031F026821F0100142E80313DBB10168B8
:1045200051E8031F026821F0100142E8031393B120
:10453000016851E8031F026821F0100142E80313EB
:104540004BB1016851E8031F026821F0100142E8F5
:104550000313002BDAD1202180F8421000210163DF
:1045600001684969490640F1C380016851E8051FA7
:10457000026821F0400142E80513DBB1016851E80F
:10458000051F026821F0400142E8051393B101685C
:1045900051E8051F026821F0400142E805134BB1C4
:1045A000016851E8051F026821F0400142E8051347
:1045B000002BDAD1C16B002900F09A8047F221620A
:1045C000C0F60002044608460A65FDF723F90028F4
:1045D0003FF408AEE06B016D02B0BDE8B0400847A3
:1045E0000446FFF7C7FD0020606402B0B0BD00BF05
:1045F000891A00BF026852E8032F036822F4907200
:1046000043E80325BDB3026852E8032F036822F490
:10461000907243E8032575B3026852E8032F0368DC
:1046200022F4907243E803252DB3026852E8032F69
:10463000036822F4907243E80325002DDAD11AE0D2
:10464000026852E8052F036822F0010243E80525BD
:10465000DDB1026852E8052F036822F0010243E849
:10466000052595B1026852E8052F036822F0010282
:1046700043E805254DB1026852E8052F036822F092
:10468000010243E80525002DDAD1202280F84220DE
:1046900000220263026852E8032F036822F010022E
:1046A00043E80325DDB1026852E8032F036822F0D6
:1046B000100243E8032595B1026852E8032F03680E
:1046C00022F0100243E803254DB1026852E8032F9F
:1046D000036822F0100243E80325002DDAD10222FC
:1046E00089B2426302B0BDE8B040FFF741BD00BFF0
:1046F00002B0BDE8B040FFF73DBD00BF026A32F82E
:10470000023B6FF35F234B60026283E5002804BF26
:104710000120704710B5044690F8410028B90020E8
:1047200084F84000204600F021F8242084F841005D
:104730002068C16821F40051C160204603F0CCF923
:104740002068016921F490410161416921F02A0149
:104750004161C16841F40051C160002020216064C2
:1047600084F8411084F84210606310BD2DE9F04FC9
:1047700087B00446006844F60001C4F20001002638
:104780008842CDE90566CDE90366029600F0FA801D
:1047900041F20041C4F20101884200F0878041F2F9
:1047A0000001C4F20101884240F04081002743F635
:1047B00030000197C4F202004169002541F0100168
:1047C00041614169C4F2020501F0100101910199B2
:1047D0000197016802AE41F002010160016846F2F2
:1047E000280801F0020101910199019701684FF039
:1047F000020941F00101016000684FF0030A00F076
:10480000010001900198802002904FF0070B05F500
:1048100080603146C4F20208CDE90397CDF814A0B8
:10482000CDF818B0FDF77CFA4FF40070CDE902091D
:1048300004A880E8800C28463146FDF771FA40F65E
:10484000A85508F58C60C2F200054FF000664FF4E1
:10485000806985E8C1002846C5E90379C5E905777F
:10486000C5E907776F62FDF7C9F8002818BFFCF7A4
:10487000FFFAE563AC6340F6086508F59260C2F2A2
:1048800000054021C5E9000605F1080080E8820224
:104890002846C5E90577C5E907776F62FDF7AEF8E9
:1048A000252600284FF0380769D1B5E043F63000DF
:1048B0000196C4F20200416946F2280841F0200145
:1048C00041614169C4F2020801F02001019101999E
:1048D0000196016841F040010160006802A900F002
:1048E0004000019001984FF4844002900220CDE9ED
:1048F000030603200590082006900020C4F2020061
:1049000000F5C050FDF70CFA40F6C86508F5806068
:10491000C2F200054FF02067C5E900074FF40030F0
:104920004FF48069C5E908062846C5E90266C5E96D
:104930000496C5E90666FDF761F8002818BFFCF784
:1049400097FAE563AC6340F6287508F58F60C2F20C
:1049500000054021C5E9000705F1080080E8420292
:104960004FF44030C5E908062846C5E90566EE6102
:10497000FDF744F8472600284FF038074CD0FCF7E5
:1049800077FA49E043F630000196C4F2020001696B
:1049900041F480210161016901F4802101910199B3
:1049A0000196016841F004010160006802A900F06D
:1049B0000400019001984FF4406002900220CDE97C
:1049C000030603200590072006900020C4F2020091
:1049D00000F50060FDF7A4F940F6686546F228008E
:1049E000C2F20005C4F202004FF000614FF4806291
:1049F00085E843002846C5E90362C5E90566C5E9BF
:104A000007666E62FCF7FAFF00284FF027064FF0AA
:104A10003C0718BFFCF72CFA304605210022E5516F
:104A2000AC63FDF7F5FD3046FDF7E0FD07B0BDE8EE
:104A3000F08F000070B582B090F84250202D0BD15D
:104A400013460A460146002A4FF0010018BF002B0A
:104A500006D102B070BD00BF022002B070BD00BF21
:104A6000002622200E638A628B854E6481F8420004
:104A70000C680D46C86B47F2A97C47F60911C0F6D1
:104A8000000CC0F60001C0E90FC147F22D61C0F66D
:104A90000001C0E91316211DFDF762F840B1102096
:104AA0006864202085F84200012002B070BD00BF7C
:104AB0000196286829460268019240680190019891
:104AC000286928B3086850E8030F0A6840F480702A
:104AD00042E80303E3B1086850E8030F0A6840F4B2
:104AE000807042E803039BB1086850E8030F0A682E
:104AF00040F4807042E8030353B1086850E8030FA4
:104B00000A6840F4807042E80303002BDAD100BF4A
:104B1000086850E8050F0A6840F0010042E8050304
:104B2000DBB3086850E8050F0A6840F0010042E86E
:104B3000050393B3086850E8050F0A6840F00100C8
:104B400042E805034BB3086850E8050F0A6840F0D7
:104B5000010042E80503002BDAD11EE0086850E8A6
:104B6000050F0A6840F0400042E80503FBB1086801
:104B700050E8050F0A6840F0400042E80503B3B171
:104B8000086850E8050F0A6840F0400042E8050355
:104B9000002B4FF000003FF45CAF086850E8050FB1
:104BA0000A6840F0400042E80503002BD6D10020FF
:104BB00002B070BD7047000070470000B0B590F8BB
:104BC0004140202C1CBF0220B0BD134602460029E4
:104BD0004FF0010018BF002B00D1B0BD4FF0000C0A
:104BE000212011629384D384C2F844C082F841002A
:104BF00014681546906B47F6211E47F6D112C0F691
:104C0000000EC0F60002C0E90FE247F22D62C0F6C6
:104C10000002C0E9132C221DFCF7A2FF30B11020C6
:104C20006864202085F841000120B0BD286829462D
:104C30006FF04002026000BF086850E8050F0A6884
:104C400040F0800042E8050303B3086850E8050F10
:104C50000A6840F0800042E80503BBB1086850E8EC
:104C6000050F0A6840F0800042E8050373B1086848
:104C700050E8050F0A6840F0800042E80503002B69
:104C80004FF0000008BFB0BDD6E700BF0020B0BDA8
:104C90007047000070470000FEE700002DE9F04774
:104CA00082B0044600689A460B9D0A9E03689146AE
:104CB00043F48062026002680F4642F48071016032
:104CC00020464FF0011100223346009500F032F9E2
:104CD00050B120680068C00544BF4FF400702064E4
:104CE000032002B0BDE8F08740F202082068C0F25D
:104CF000010807F0FE0707612046414632462B4671
:104D000000F0FEF920B1012002B0BDE8F08700BF3D
:104D10000020019020682A4641690191806931464E
:104D200001900198204600F09FFAB0B92068BAF1CE
:104D3000010F09D04FEA19210161204631462A4668
:104D400000F092FA48B920685FFA89F101612046C3
:104D500031462A4600F088FA60B1206C0428D2D18E
:104D60002068016841F400710160012002B0BDE8D3
:104D7000F08700BF206800220168334641F480714B
:104D8000016020464FF00111009500F0D3F8002893
:104D90009FD147F0010C27682046414632462B46FA
:104DA000C7F810C002B0BDE8F04700F0A9B9000094
:104DB0002DE9F04383B0044600680F4601680A9D60
:104DC0000B9E41F4807199469046016020464FF059
:104DD000011100222B46009600F0ACF850B120687B
:104DE0000068C00544BF4FF400702064032003B086
:104DF000BDE8F083206807F0FE0101610221C0F2E6
:104E0000010120462A46334600F07AF920B10120FC
:104E100003B0BDE8F08300BF002002902068324656
:104E2000416902918069294602900298204600F06B
:104E30001BFA58B1206C0428E9D12068016841F4BC
:104E400000710160012003B0BDE8F0832068B9F172
:104E5000010F0AD04FEA1821016120462946324647
:104E600000F002FA0028E5D120685FFA88F10161BC
:104E7000002003B0BDE8F08370B50368044653F822
:104E8000140F400711D40E46481C29D086BB00BF22
:104E90001868400527D4FDF719F8236853F8140F54
:104EA000400737D518684007F2D5002070BD00BF15
:104EB00018684007F9D41868400514D418684007EA
:104EC000F3D4186840050ED418684007EDD418686C
:104ED000400508D4186840074FF0000048BF70BD77
:104EE00018684005E4D56FF480601860042012E073
:104EF000154603E053F8140F4007D6D41868400550
:104F0000F1D4FCF7E3FF401B2368B042F2D95869A3
:104F10004007EFD4202000212022216384F83D2087
:104F200084F83E10226C10432064012084F83C1069
:104F300070BD00002DE9F041054600681E4614468C
:104F400001F47F0201338FB242D0DDF81880B2F550
:104F5000803F40F0878040693840C01BB0FA80F045
:104F60004009844240F0C8804EB924E0406938408E
:104F7000C01BB0FA80F04009844240F0BD80FCF7CD
:104F8000A5FFA0EB08012868B142EFD9416939407B
:104F9000C91BB1FA81F149098C42E7D19BE000BFFE
:104FA00040693840C01BB0FA80F0400984424FF09D
:104FB000000040F0A280FCF789FF28684169394071
:104FC000C91BB1FA81F149098C42E9D183E000BFE4
:104FD000B2F5803F24D100BF41693940C91BB1FA05
:104FE00081F149098C4240F0878041693940C91BF1
:104FF000B1FA81F149098C4240F07E804169394023
:10500000C91BB1FA81F149098C4275D14169394016
:10501000C91BB1FA81F149098C42DDD06CE000BFB7
:1050200081693940C91BB1FA81F149098C4263D1C8
:1050300081693940C91BB1FA81F149098C425BD1C0
:1050400081693940C91BB1FA81F149098C4253D1B8
:1050500081693940C91BB1FA81F149098C42DFD01D
:105060004AE000BF80693840C01BB0FA80F04009B8
:10507000844241D146B923E080693840C01BB0FA70
:1050800080F04009844237D1FCF720FFA0EB0801F3
:105090002868B142F0D981693940C91BB1FA81F160
:1050A00049098C42E8D116E080693840C01BB0FA4B
:1050B00080F0400984424FF0000018BFBDE8F08145
:1050C000FCF704FF286881693940C91BB1FA81F1F6
:1050D00049098C42E8D100202021286385F83D1041
:1050E00085F83E00296C41F02001296485F83C00D8
:1050F0000120BDE8F08100BF0020BDE8F081000084
:10510000F0B581B0044600681D4643698FB203EADA
:105110000701B94202D1002001B0F0BD4169164635
:1051200001323CD0490512D47EB300BFFCF7CEFE5D
:10513000411B2068B14203D941693940B9422BD1A2
:1051400041693940B942E6D041694905EED5016867
:1051500041F4007101606FF480614161042000211D
:105160002022216384F83D2084F83E10226C1043F5
:10517000206484F83C10012001B0F0BD4169394041
:10518000B942C8D041694905E1D4FCF79FFE2068C7
:1051900041693940B942F1D02020E0E74169490531
:1051A000D5D441693940B942B5D041694905CED419
:1051B00041693940B942AED041694905C7D4416916
:1051C0003940B942A7D041694905C0D44169394045
:1051D000B942E3D19FE7000070B504460068154668
:1051E00050F8143F5A063DD40E4629B926E000BFB8
:1051F00050F8141F490635D40168C90621D4FCF7BC
:1052000065FE411B2068B142F2D941694906EFD4DD
:1052100000202021206384F83D1084F83E00206C9B
:1052200040F0200018E000BFFCF750FE206850F866
:10523000141F4906ECD50168490613D40168C90654
:10524000F2D56FF01001016000202021206384F866
:105250003D1084F83E00206C2064002084F83C005F
:10526000012070BD002070BD70B50368044653F87E
:10527000140F000611D40E46481C29D086BB00BF6F
:105280001868400527D4FCF721FE236853F8140F53
:10529000000637D518680006F2D5002070BD00BFA3
:1052A00018680006F9D41868400514D41868000678
:1052B000F3D4186840050ED418680006EDD41868B9
:1052C000400508D4186800064FF0000048BF70BDC4
:1052D00018684005E4D56FF480601860042012E07F
:1052E000154603E053F8140F0006D6D4186840059D
:1052F000F1D4FCF7EBFD401B2368B042F2D95869AA
:105300000006EFD4202000212022216384F83D20D4
:1053100084F83E10226C10432064012084F83C1075
:1053200070BD000088B0072005F0DCFAFBF784F9B7
:1053300058B100BF642005F0D5FAFBF77DF90028CD
:10534000F8D102E0642005F0CDFA04F049F8002815
:10535000F8D140F25C6BC2F2000B0BF114000BF1C0
:1053600004010BF110020490CDE90221FBF77CF956
:1053700003F062FE41F274204FF2EC429FED3F0ACF
:10538000DFED3F0AC2F20000C0F60002002101F08A
:105390005BF840F2006740F28C55C2F20007C2F29F
:1053A000000507F13C0405F1680905F138012046C4
:1053B0004A4608F0E9FB95ED0E0A95ED0F1A95EDBA
:1053C000102A002087ED000A87ED011A87ED022AD6
:1053D00085ED030A85ED041A85ED052A05F0BEFA70
:1053E00007F028FBA86140F6DC70C2F20000102133
:1053F000C161FDF751FC002818BFFBF739FD40F2F1
:105400002006C2F20006301D05F12401082201F039
:1054100035FE012028714CF63130C3F613304EF2C0
:105420003C514DF24C520BF13803C3F6A021CBF6A0
:10543000FF3207C305F14400079005F14C0040F22C
:10544000FC089FEDEBAA9FEDEBBA9FEDEBCA9FED39
:10545000EB8A069005F148009FEDE9DA9FEDE9EA55
:105460009FEDE19A9FEDE1FA05F15C0AC2F20008B6
:10547000059005F11E00019000942FE100A08C45DD
:105480000080894541F2873003F05CFFDBED050ABF
:10549000DBED061AD6ED062AD6ED073A9BED077A24
:1054A000D6ED084A61EEA33A60EEA22A72EEA32A74
:1054B00067EE243A9BED015A9BED026AD6ED0F5A36
:1054C00073EEA22AD6ED103A9BED034AD6ED114AAF
:1054D000C5ED172A66EE232A65EE253A97ED093ABF
:1054E00073EEA22A64EE243A73EEA22A97ED141A00
:1054F00097ED152A33EE223AD8ED002AD8ED013A7D
:1055000097ED160AD8ED024A62EE233A61EE222A9E
:1055100072EEA32A60EE243AD7ED0C4A73EEA22A6B
:1055200074EEA22AC5ED1A2AD6ED092AD6ED0A3A5A
:10553000D6ED0B4A61EEA33A60EEA22A72EEA32AE0
:1055400067EE244AD6ED123A74EEA22AD6ED134A3B
:10555000C5ED182A66EE242A65EE233A73EEA22AD8
:10556000D6ED143AD8ED035A64EE233AD7ED0A4A41
:1055700073EEA22AD8ED043A74EEA22A62EE233A20
:1055800061EE254A74EEA33AD8ED054AD7ED0D5ADF
:1055900060EE244A74EEA33A75EEA33AC5ED1B3AC9
:1055A000D6ED0D3AD6ED0C4A61EEA31AD6ED0E3AC1
:1055B00060EEA40A70EEA10A27EE237A37EE207A75
:1055C00085ED197A96ED167AD6ED150A26EE076A5C
:1055D00096ED177A25EE205A35EE065A24EE074A44
:1055E00097ED0B6A34EE054A98ED075A36EE044AF9
:1055F00098ED066A22EE052A98ED085A21EE061A61
:1056000031EE021A20EE050A97ED0E2A30EE010A5D
:1056100032EE000A85ED1C0A97ED000A95ED031A9B
:1056200085ED030A21EE0A1A20EE0B0A30EE010A7C
:1056300023EE0C1A31EE000A87ED000A97ED010AFD
:1056400095ED041A85ED040A21EE0A1A20EE0B0AE4
:1056500030EE010A22EE8C1A31EE000A87ED010AC3
:1056600097ED020A95ED051A85ED050A21EE0A1A55
:1056700020EE0B0A30EE010A24EE0C1A31EE000A7D
:1056800087ED020A2046B0EE480A51463A464B469C
:1056900085ED0E3AC5ED0F2A85ED104A08F0C2FBE4
:1056A0000799DDE90532204609F0D2F895ED110A97
:1056B00095ED121A95ED132A20EE0D0A21EE0D1A22
:1056C00022EE0D2A80EE0E0A81EE0E1A82EE0E2ACE
:1056D00085ED140A85ED151A85ED162A01204FF087
:1056E000FF3106F0BDFB0128F8D12878400720D50E
:1056F000287800F0FB01284600F8251B0499FAF7EA
:1057000073FF9BED050A9BED061A9BED072A9BEDA7
:105710000E3A9BED0F4A9BED105A30EE430A31EEE4
:10572000441A32EE452A8BED050A8BED061A8BEDF5
:10573000072A687840070AD568780BF1200200F044
:10574000FB006870039905F12E00FAF70DFFA878A9
:1057500040077FF59BAEA87800F0FB00A870DDE95C
:105760000101FBF767F8E8799BED040A012821D1D4
:105770005446CA4641F27429C2F200094846F0EE86
:10578000490A00F0ABFD99ED080AB5EE400AF1EECA
:1057900010FA07DA41F27420C2F200000021B0EEE4
:1057A0004F0A0162BDEEC00AD146A246009C10EE2F
:1057B000100A69E6B4EE490AF1EE10FA7FF762AE1C
:1057C000A8790130C1B2C929A871FFF45BAE0120EC
:1057D000E87141F2742044F20001C2F20000C4F208
:1057E0001C5181624EE600BF000034420000000000
:1057F0005D896EBF5AF8F63FD5A9183B6F12833A00
:1058000000003443DB0F49402DE9F04F81B02DED0E
:10581000068B82B00191044649F2815043F23F5118
:105820009146C3F6C360C3F61E71C9E9000106F0D4
:1058300017FE40F29840C2F2000090ED000A41F2DB
:10584000FC6190ED019A90ED02AA90ED038AC2F2FC
:10585000000110EE100A81ED000A81ED019A81ED40
:1058600002AA81ED038A09F03FFD834619EE100A72
:105870008A4609F039FD9FED360B57EC106B324626
:105880003B4609F045FB0546884658465146324698
:105890003B4609F03DFB2A46434609F01DF9054603
:1058A0001AEE100A884609F01FFD32463B4609F001
:1058B0002FFB2A46434609F00FF9054618EE100A59
:1058C000884609F011FD32463B4609F021FB2A4685
:1058D000434609F001F909F0CDF841F2FC61C2F24A
:1058E000000108EE100A0861606809F0FDFC9FEDF8
:1058F0001A0B53EC102B09F00BFB09F0BBF800EE70
:10590000100A2060019899ED003A90ED062A94ED76
:10591000041A32EE402A99ED014A23EE022A32EEB1
:10592000000A38EE412A24EE022A84ED031A32EEF0
:10593000011A84ED020A84ED051A84ED010A84ED52
:10594000041A02B0BDEC068B01B0BDE8F08F00BFB9
:10595000000000000000D03F6ABC74931804F03FC0
:10596000012006F021FCFBE780B540F6984046F2A6
:105970000041C2F20000C4F200010322002380E8CB
:105980000E0000F10C014FF4102C4FF4001E81E8C2
:10599000085083618383FBF76BFD002808BF80BD3F
:1059A000BDE88040FBF764BA80B540F6C04046F6DB
:1059B0000001C2F20000C4F200010322002380E8CB
:1059C0000E0000F10C014FF4102C4FF4001E81E882
:1059D000085083618383FBF74BFD002808BF80BD1F
:1059E000BDE88040FBF744BA80B582B0002043F6A2
:1059F00030010190C4F202010A6842F480020A6098
:105A00000A6802F480020192019A0090086800225C
:105A100040F4001008600868052100F400100090B0
:105A200000980C20FCF7F4FD0C20FCF7DFFD39207A
:105A300005210022FCF7ECFD3920FCF7D7FD3A20C8
:105A400005210022FCF7E4FD3A20FCF7CFFD3B20C6
:105A500005210022FCF7DCFD3B20FCF7C7FD4420BC
:105A600005210022FCF7D4FD4420FCF7BFFD4520B2
:105A700005210022FCF7CCFD4520FCF7B7FD4620B0
:105A800005210022FCF7C4FD462002B0BDE880409D
:105A9000FCF7ACBDF0B5C7B04FF25040C0F6000007
:105AA00090E81E50806940AD85E81E50469040A8A1
:105AB000002104F025FF40F29817C2F20007386079
:105AC0004FF23440C0F6000090E87E0080690DF18E
:105AD000E40C8CE87E003F9039A8002104F010FF10
:105AE00078604FF26C40C0F6000090E84E00D0E9BC
:105AF000045480690DF1C80C8CE84E00389032A82F
:105B00000021CDE9365404F0FBFEB8604FF2FC30C2
:105B1000C0F6000090E84E00D0E9045480690DF111
:105B2000AC0C8CE84E0031902BA80021CDE92F540D
:105B300004F0E6FEF8604FF21840C0F6000090E86E
:105B40004E00D0E9045480690DF1900C8CE84E00B1
:105B50002A9024A80021CDE9285404F0D1FE2E4932
:105B600038612DA0061D1D914ECED0E905500DF1D6
:105B7000780C8CE84E00CDE922501DA8002104F0DD
:105B8000BFFE2C4978612BA0061D16914ECED0E9A0
:105B900005500DF15C0C8CE84E00CDE91B5016A8A9
:105BA000002104F0ADFE2A49B86129A0061D0F911D
:105BB0004ECED0E905500DF1400C8CE84E00CDE9F9
:105BC00014500FA8002104F09BFE2849F86127A07B
:105BD000061D08914ECED0E905500DF1240C8CE83D
:105BE0004E00CDE90D5008A8002104F089FE264999
:105BF000386225A0061D01914ECED0E905500DF169
:105C0000080C8CE84E00CDE9065001A8002104F0F4
:105C100077FE786247B0F0BD12FD0008BD8F000826
:105C200000000000000000008000000000000000F4
:105C30000000000008FD00087DB200080000000020
:105C400000000000800000000000000000000000D4
:105C50004EFD0008118B000800000000000000004D
:105C60008000000000000000000000001EFD000891
:105C700061590008030000000000000080000000DF
:105C8000000000000000000062FD0008296200081A
:105C90000000000000000000800000000000000084
:105CA000000000002DE9F04F87B0002743F63000D8
:105CB0000697CDE90477CDE902770197C4F2020097
:105CC000016841F6000A41F0020101600168C4F276
:105CD000020A01F002010191019901970168002275
:105CE00041F04001016001684FF4825601F040012B
:105CF000019101990197016841F00101016001687A
:105D000001F00101019101990197016841F0080139
:105D10000160016801F00801019101990197016892
:105D200041F004010160016801F004010191019951
:105D30000197016841F480710160016801F480718C
:105D4000019101990197016841F0800101600168AA
:105D500001F08001019101990197016841F0100162
:105D6000016000684FF4825100F01000019001982A
:105D70005046FCF7A5F80AF5806528464FF4E05137
:105D80000022FCF79DF8AAF5C059484610210122CF
:105D90000124FCF795F8AAF5A050012101220090FA
:105DA000FCF78EF8CDE9026402AE50463146CDE9EB
:105DB0000477FBF7B5FF4FF4C050CDE90204032090
:105DC0004FF0020B059028463146CDF810B0FBF796
:105DD000A7FF082002904FF4881850463146CDE9BD
:105DE0000387FBF79DFF4FF4806002A981E811084B
:105DF00028463146CDF814B0FBF792FF1020CDE9CC
:105E0000020448463146CDE9044BFBF789FF3020B8
:105E1000CDE90208AAF5805031460494FBF780FFD3
:105E200050463146CDE902480494FBF779FF0098CB
:105E30003146CDE90244CDE9044BFBF771FF062062
:105E400005210022FCF7E4FB0620FCF7CFFB09202C
:105E500005210022FCF7DCFB0920FCF7C7FB0A2028
:105E600005210022FCF7D4FB0A20FCF7BFFB17201A
:105E700005210022FCF7CCFB1720FCF7B7FB07B08D
:105E8000BDE8F08F80B540F6887045F60041C2F25B
:105E90000000C4F2000141F6802200234FF4804C40
:105EA000C0F2060280E80E00C0E9033CC0E90533F9
:105EB000C0E90733FCF710F8002808BF80BDBDE833
:105EC0008040FAF7D5BF0000B0B540F6DC7043F271
:105ED0000001C2F20000C4F201014FF482720023FB
:105EE00080E80E0000F10C014FF0020C4FF0010EA3
:105EF0004FF40074382581E808500A21C0E90645AE
:105F0000C0E90833C0E90A31FCF7C6FE002808BF23
:105F1000B0BDBDE8B040FAF7ABBF000080B588B0B7
:105F200041F27C0044F200420021C2F20000C4F2BF
:105F300001024FF6FF73CDE90611CDE90411C0E966
:105F40000021C0E9021301618161FDF7BDF900285C
:105F500018BFFAF78DFF41F27C00C2F20000FDF796
:105F6000C1FE002818BFFAF783FF0020CDE9010029
:105F70000390059041F27C00C2F2000001A90022CA
:105F8000FDF7D4FD002818BFFAF772FF41F27C003C
:105F9000C2F20000FDF760FD08B080BD80B541F29F
:105FA000C40042F20001C2F20000C4F2000100236A
:105FB000532240F2E73C80E80E1003618361FDF755
:105FC00083F9002808BF80BDBDE88040FAF750BFC4
:105FD00080B592B041F2340000220021C2F20000EC
:105FE000C4F20102A72344F61F6C1191CDE90F11F1
:105FF000CDE90D11CDE90B11CDE90911CDE907115D
:10600000CDE90511CDE90311CDE90111C0E9002366
:10601000C0E9021CC0E904118161FDF7A3FF00285B
:1060200018BFFAF725FF41F23400C2F2000010A9B0
:10603000FDF7ECF8002818BFFAF71AFF6020099066
:106040000020CDE90A00CDE90C00CDE90E0041F2B7
:106050003400C2F2000009A90022FDF773FE0028F7
:1060600018BFFAF705FF41F23400C2F2000009A997
:106070000422FDF767FE002818BFFAF7F9FE41F287
:106080003400C2F2000009A90822FDF75BFE0028D7
:1060900018BFFAF7EDFE41F23400C2F2000009A980
:1060A0000C22FDF74FFE002818BFFAF7E1FE002092
:1060B0000590CDE90300CDE901004FF400510890AF
:1060C00041F234000691C2F2000001A9FDF778F810
:1060D000002818BFFAF7CCFE41F23400C2F20000EB
:1060E000FDF7BAFC12B080BD80B586B041F2541005
:1060F00040F200420021C2F20000C4F20102A723D4
:106100004FF6FF7CCDE90411CDE90211CDE9001174
:10611000C0E90023C0E9021CC0E904118161FDF758
:10612000C9FA002818BFFAF7A3FE41F25410C2F2D0
:10613000000004A9FDF76AF8002818BFFAF798FED6
:1061400002200090012001900020CDE9020041F2E0
:106150005410C2F2000069460422FDF7C7F9002876
:1061600018BFFAF785FE06B080BD000080B541F289
:106170009C1041F20001C2F20000C4F201010023B0
:106180004FF00C0C4FF4E13280E80E00C0E903330D
:10619000C0E905C3C361FEF7B9FA002808BF80BD96
:1061A000BDE88040FAF764BE80B541F2E41044F6E1
:1061B0000001C2F20000C4F2000148F2A062002314
:1061C0004FF00C0CC0F2010280E80E00C0E903336E
:1061D000C0E905C3C361FEF799FA002808BF80BD76
:1061E000BDE88040FAF744BE80B541F22C2041F270
:1061F0000041C2F20000C4F2010100234FF00C0C78
:106200004FF4E13280E80E00C0E90333C0E905C372
:10621000C361FEF77BFA002808BF80BDBDE880405F
:10622000FAF726BEFEE7000003F072F941F2BC2443
:1062300041F280359FED258A40F20C569FED249A5D
:106240009FED24AAC2F20004C2F20005C2F20006C9
:10625000012704E085ED300A012005F0A5FF206844
:1062600095ED000A2061B07920EE080A002885ED3E
:10627000040A18BFF77103F04DFB94ED301AB0EE2D
:10628000490AB4EE491AF1EE10FA09DDB4EE4A1AE1
:10629000F1EE10FAB0EE4A0AA8BF84ED300A01E030
:1062A00084ED300A95ED301AB0EE490AB4EE491A81
:1062B000F1EE10FACEDDB4EE4A1AF1EE10FAB0EEBD
:1062C0004A0AA8BF85ED300AC6E700BFC11C3D3EA3
:1062D00000803BC500803B45FEE7000000284FD012
:1062E000017890ED0F1A90ED102A80ED070A30EE3C
:1062F000C00A0029C0ED060A80ED0F0A80ED101AD1
:1063000080ED112A40D0012940F0948090ED015A8F
:1063100090ED026A30EE414A31EE011A90ED037AB7
:1063200024EE054A20EE065A30EE410A32EE000A0B
:10633000D0E90C2180ED0C0A20EE070A34EE051A94
:1063400090ED082A90ED043A80ED0B0A31EE000A38
:1063500032EE000AB4EE430AF1EE10FA80ED094A7B
:1063600080ED0A5AC0E90D2180ED080AC2BF80ED18
:10637000083AB0EE430A7047B1EE431A4FE000BF4F
:106380009FED2E0A704700BF90ED024A90ED012A62
:1063900090ED0A6A24EE004A20EE022A34EE064A04
:1063A00090ED0C6A30EE410A9FED251A416B80EDAD
:1063B0000D6A26EE011A9FED236A90ED053A90EDE5
:1063C000035A20EE060A30EE010AB4EE434A80ED8D
:1063D0000C0A20EE050AF1EE10FA80ED092A80ED94
:1063E0000A4A816380ED0B0A06DCB1EE433AB4EE53
:1063F000434AF1EE10FA03DAB0EE434A80ED0A3A6E
:1064000032EE042A90ED041A30EE020AB4EE410A8C
:10641000F1EE10FA80ED080A07DCB1EE411AB4EE95
:10642000410AF1EE10FAA8BF7047B0EE410A80EDC4
:10643000081A704790ED080A704700BF000000007E
:1064400052B87E3F0AD7A33B002818BF002A01D1CB
:10645000704700BF80B513680170436053682821FE
:106460008360926880ED040AC260C0ED050A2030A6
:10647000F9F7C7FF80BD0000000000000000000029
:10648000EFF30980BFF36F8F154B1A681EF0100FE2
:1064900008BF20ED108A20E9F04F10602DE90900B7
:1064A0004FF0500080F31188BFF34F8FBFF36F8F11
:1064B00005F09CFF4FF0000080F31188BDE8090053
:1064C00019680868B0E8F04F1EF0100F08BFB0EC74
:1064D000108A80F30988BFF36F8F704700BF00BF39
:1064E000C00100202DE9F04F81B040F6E843C2F230
:1064F0000003D3F800C08946DCF8003023F0010324
:10650000CCF8003040F64853C2F200031B681F6805
:1065100027F001071F60DCF8007007E0DCF800706E
:1065200027F00107CCF80070DCF80070FF071FBFF0
:10653000DCF8007027F00107CCF80070DCF8007080
:1065400018BF5FEAC77715D0DCF8007027F00107A5
:10655000CCF80070DCF80070FF071FBFDCF800709B
:1065600027F00107CCF80070DCF8007018BF5FEA74
:10657000C777D3D11F68FF071FBF1F6827F0010728
:106580001F601F6818BF5FEAC77715D01F6827F024
:1065900001071F601F68FF071FBF1F6827F0010763
:1065A0001F601F6818BF5FEAC77705D01F6827F014
:1065B00001071F60DEE700BF40F6DC7BC2F2000B84
:1065C000DBF84C5046F20C44C4F202042E6846F24A
:1065D000080E04F14C0846F28841C4F2020E46450A
:1065E000C4F2020114D98E4200F0A28046F2704536
:1065F000C4F20205AE4240F0D3802025256010256C
:106600002560082525600425256001259DE000BF43
:106610000EF1B005AE42009064D946F2104A4F46E2
:10662000C4F2020A46F228495645C4F2020900F0B3
:10663000BD824E4500F01E8146F24045C4F202057F
:10664000AE420CBF4FF400154FF000655645CEF832
:10665000005400F016814E4500F01A8146F2404584
:10666000C4F20205AE420CBF4FF480154FF08065B6
:106670005645CEF8005400F012814E4500F01681C8
:1066800046F24045C4F20205AE420CBF4FF400256D
:106690004FF000755645CEF8005400F00E814E457F
:1066A00000F0128146F24045C4F20205AE420CBF32
:1066B0004FF480254FF080755645CEF8005400F019
:1066C0000A8100984E4500F0098146F24045C4F227
:1066D0000205AE42B9460CBF4FF480354FF4800539
:1066E000FEE000BF0EF1500A46F2100746F27000BD
:1066F0005645C4F20207C4F2020040F2A1800546EA
:1067000008463946AE4200F00B8346F28805C4F2D3
:1067100002054F46AE4200F0598246F2A005C4F28F
:106720000205AE420CBF4FF400194FF00069FAE2C7
:106730004FF4006525604FF4806525604FF40075C7
:1067400025604FF48075256040252560DBF84850B2
:106750002D68454540F2CC808D4211D046F2704103
:10676000C4F202018D4245D1202121601021216017
:1067700008212160042121600121216000F06BBC0F
:106780004FF4006121604FF4806121604FF400718B
:1067900021604FF4807121604021216000F05BBCDA
:1067A00004F194054FF00067AE4208BF4FF40017A4
:1067B00027604FF0806708BF4FF4801727604FF0C5
:1067C0000077AE4208BF4FF4002727604FF0807774
:1067D00008BF4FF4802727604FF48007AE4208BF00
:1067E0004FF480372760DBF848502D684545B3D813
:1067F0007EE000BF04F194014FF000678D4208BFB6
:106800004FF4001727604FF0806708BF4FF48017E0
:1068100027604FF000778D4208BF4FF400272760B4
:106820004FF0807708BF4FF4802727604FF4800730
:106830008D4208BF4FF48037276000F00CBC00BFCA
:10684000BE4200F0F38246F22805C4F20205AE42D1
:1068500000F0C08146F24005C4F20205AE420CBF12
:106860004FF400154FF00065CEF80050564540F249
:10687000B88164E24FF400655645CEF800547FF4C9
:10688000EAAE10255645CEF800547FF4F6AE06E089
:106890004FF480655645CEF800547FF4EEAE0825DF
:1068A0005645CEF800547FF4FAAE06E04FF400757A
:1068B0005645CEF800547FF4F2AE04255645CEF886
:1068C00000547FF4FEAE06E04FF480755645CEF8D6
:1068D00000547FF4F6AE0125009800E04025B9464B
:1068E000CEF80054DBF848502D6845453FF634AFEC
:1068F0000EF1B0018D4273D946F21044C4F2020485
:10690000A54200F05B8146F22841C4F202018D42AB
:1069100000F0128146F24041C4F202018D420CBFE8
:106920004FF400164FF00066A542CEF8006400F068
:106930000A8146F22841C4F202018D4200F00A8128
:1069400046F24041C4F202018D420CBF4FF4801662
:106950004FF08066A542CEF8006400F0028146F256
:106960002841C4F202018D4200F0028146F240410A
:10697000C4F202018D420CBF4FF400264FF00076A6
:10698000A542CEF8006400F0FA8046F22841C4F235
:1069900002018D4200F0FA8046F24041C4F2020149
:1069A0008D420CBF4FF480264FF08076A542CEF882
:1069B000006400F0F28046F22841C4F202018D42E8
:1069C00000F0F08046F24041C4F202018D420CBF5B
:1069D0004FF480344FF48004CEF800443BE300BF12
:1069E0000EF15004A54240F28D8046F27001C4F2CF
:1069F00002018D4200F0228246F28801C4F20201B7
:106A00008D4200F04D8146F2A001C4F202018D4298
:106A10000CBF4FF400164FF00066CEF80460A5429C
:106A200000F22E8246F21001C4F202018D4200F003
:106A30000B8246F22801C4F202018D4200F0388137
:106A400046F24001C4F202018D420CBF4FF48016A1
:106A50004FF08066CEF80060A54200F22D8246F22B
:106A60001001C4F202018D4200F0F48146F22801C7
:106A7000C4F202018D4200F0238146F24001C4F2CB
:106A800002018D420CBF4FF400264FF00076CEF885
:106A90000060A54200F22C8246F21001C4F202010D
:106AA0008D4200F0DD8146F22801C4F202018D42E0
:106AB00000F00E8146F24001C4F202018D420CBF8B
:106AC0004FF480264FF08076CEF80060A54200F2A9
:106AD0002B8246F21001C4F202018D4200F0C68101
:106AE00046F22801C4F202018D4200F0F98046F21C
:106AF0004001C4F202018D420CBF4FF480344FF4C8
:106B00008004B4E146F21001C4F202018D4200F0AB
:106B1000B18146F22801C4F202018D4200F0E28008
:106B200046F24001C4F202018D420CBF4FF4001640
:106B30004FF000669FE100BF4FF40066A542CEF81B
:106B400000647FF4F6AE1026A542CEF800647FF410
:106B500006AF06E04FF48066A542CEF800647FF4ED
:106B6000FEAE0826A542CEF800647FF40EAF06E024
:106B70004FF40076A542CEF800647FF406AF0426F9
:106B8000A542CEF800647FF416AF06E04FF480769D
:106B9000A542CEF800647FF40EAF0124CEF8004485
:106BA00059E200BF4024CEF8004454E22025564567
:106BB000CEF800547FF44FAD63E600BF2026A54217
:106BC000CEF800647FF4B5AEBDE700BF4FF40069B6
:106BD000A9E000BF4FF40065CEF80050564500F222
:106BE000AE80BE4200F0D68146F22805C4F202050E
:106BF000AE4200F07B8046F24005C4F20205AE4290
:106C00000CBF4FF480154FF08065CEF8005056450C
:106C100000F2AD80BE4200F0C58146F22805C4F204
:106C20000205AE426AD046F24005C4F20205AE4209
:106C30000CBF4FF400254FF00075CEF800505645BC
:106C400000F2AD80BE4200F0B58146F22805C4F2E4
:106C50000205AE425AD046F24005C4F20205AE42E9
:106C60000CBF4FF480254FF08075CEF8005056458C
:106C700000F2AD800098BE4200F0A48146F22805E3
:106C8000C4F20205AE4249D046F24005C4F2020504
:106C9000AE420CBF4FF480354FF4800593E100BF46
:106CA0004FF40066CEF80460A5427FF6BBAEE7E085
:106CB0004FF48066CEF80060A5427FF6D0AEFBE0D0
:106CC0004FF40076CEF80060A5427FF6E5AE0FE106
:106CD0004FF48076CEF80060A5427FF6FAAE23E14D
:106CE0004024C4E04FF40066C5E000BF4FF4806567
:106CF000CEF8005056457FF68DAF38E04FF4007562
:106D0000CEF8005056459DD949E000BF4FF480753C
:106D1000CEF800505645ADD959E000BF402552E1AC
:106D20004F464FF02009CEF80490B9460F46014671
:106D300046F27000C4F2020056457FF652AF86421A
:106D400000F04C8146F28805C4F20205AE4253D0F1
:106D500046F2A005C4F20205AE420CBF4FF4801506
:106D60004FF08065CEF8045056457FF653AF86420B
:106D700000F03C8146F28805C4F20205AE4243D0E1
:106D800046F2A005C4F20205AE420CBF4FF4002546
:106D90004FF00075CEF8045056457FF653AF86424B
:106DA00000F02C8146F28805C4F20205AE4233D0D1
:106DB00046F2A005C4F20205AE420CBF4FF4802596
:106DC0004FF08075CEF8045056457FF653AF86429B
:106DD000009800F01B8146F28805C4F20205AE421D
:106DE00022D046F2A005C4F20205AE420CBF4FF419
:106DF00080354FF480050AE14FF48065CEF80450E9
:106E000056457FF607AFB2E74FF40075CEF8045051
:106E100056457FF617AFC2E74FF48075CEF80450A1
:106E200056457FF627AFD2E74025F0E02025CEF883
:106E3000005056457FF6D5AE81E700BF2026CEF83C
:106E40000460A5421CD8EDE51026CEF80060A542EE
:106E500032D804E60826CEF80060A54248D81BE6E2
:106E60000426CEF80060A5425ED832E60124CEF8B2
:106E70000040F0E02026CEF80060A5427FF6D2ADBB
:106E800046F27001C4F202018D4200F0C98046F260
:106E90008801C4F202018D4260D046F2A001C4F222
:106EA00002018D420CBF4FF480164FF08066CEF881
:106EB0000460A5427FF6D3AD46F27001C4F2020130
:106EC0008D4200F0B58046F28801C4F202018D4285
:106ED0004CD046F2A001C4F202018D420CBF4FF427
:106EE00000264FF00076CEF80460A5427FF6D4ADC0
:106EF00046F27001C4F202018D4200F0A18046F218
:106F00008801C4F202018D4238D046F2A001C4F2D9
:106F100002018D420CBF4FF480264FF08076CEF8F0
:106F20000460A5427FF6D5AD46F27001C4F20201BD
:106F30008D4200F08D8046F28801C4F202018D423C
:106F400024D046F2A001C4F202018D420CBF4FF4DE
:106F500080344FF48004CEF804407CE04FF4806627
:106F6000CEF80460A5427FF67AADA5E74FF400762F
:106F7000CEF80460A5427FF68FADB9E74FF4807676
:106F8000CEF80460A5427FF6A4ADCDE74024CEF84C
:106F9000044060E01025CEF8005056453FF6E7AEBD
:106FA00038E600BF0825CEF8005056453FF6F7AE4C
:106FB00048E600BF0425CEF8005056453FF607AF1F
:106FC00058E600BF0125CEF80050DBF848502D6888
:106FD00045457FF68DACFFF7BFBB00BF1025CEF84F
:106FE000045056457FF616AEC1E600BF0825CEF820
:106FF000045056457FF626AED1E600BF0425CEF8F4
:10700000045056457FF636AEE1E600BF0125CEF8C6
:107010000450DBF848502D6845453FF69DAB67E4CA
:107020001026CEF80460A5427FF619AD44E700BFF4
:107030000826CEF80460A5427FF62EAD58E700BFC3
:107040000426CEF80460A5427FF643AD6CE700BF8E
:107050000124CEF80440CCF80C90D860CCF8042081
:107060005A60DCF8000040F00100CCF8000018681D
:1070700040F00100186001B0BDE8F08FF0B540F6B7
:10708000DC73C2F200031B685E6846F002065E60B5
:107090005E6846F001065E601E6846F040061E60AF
:1070A00040F6E843C2F200031B681E6826F00106A2
:1070B0001E601E68F60716D01E6826F001061E60C8
:1070C0001E68F6071FBF1E6826F001061E601E68B8
:1070D00018BF5FEAC67606D01E6826F001061E605D
:1070E0001E68F607E1D146F20C4EC4F2020E46F2DB
:1070F000080C0EF14C04C4F2020CA34276460DD8E3
:107100000CF1B005AB4203D90CF5806606E000BF78
:107110000CF150056646AB4288BF043643F20C05BD
:10712000C4F201054FF4001737609D60D9605A60C2
:10713000196841F01001196040F64851C2F200018F
:1071400009680B6823F001030B600B68DB0716D09E
:107150000B6823F001030B600B68DB071FBF0B6894
:1071600023F001030B600B6818BF5FEAC37306D0FE
:107170000B6823F001030B600B68DB07E1D1A14230
:107180000DD80CF1B003994202D90CF5806E06E0DF
:107190000CF15003994288BF0CF1040CE6464FF005
:1071A0000063CEF800308D60C8604A60F0BD00001A
:1071B0002DE9F04381B0089C984615460E4681465D
:1071C000FAF784FE201A00EB0804FAF77FFE40F27B
:1071D000E401C2F200010968C1F3CB3161430091BF
:1071E000D9F800108A683240921BB2FA82F2520932
:1071F000954203D1002001B0BDE8F083074618F1A5
:1072000001000ED130E000BF009801380090D9F89D
:10721000000080683040801BB0FA80F04009854251
:10722000E8D0FAF753FEC01BA04227D200980028EE
:10723000EAD10024EBE700BF88683040801BB0FA39
:1072400080F040098542D5D088683040801BB0FA74
:1072500080F040098542CDD088683040801BB0FA6C
:1072600080F040098542C5D088683040801BB0FA64
:1072700080F040098542DFD1BCE700BFD9E90001B9
:107280004268B1F5827F22F0E00242600BD1D9F86A
:107290000810B1F5004F02D0B1F5806F03D101683D
:1072A00021F040010160D9F82810B1F5005F07D145
:1072B000016821F400510160016841F4005101604E
:1072C000012089F85100002089F85000032001B006
:1072D000BDE8F08300000000000000000000000096
:1072E000074B19680868B0E8F04F80F30988BFF3CE
:1072F0006F8F4FF0000080F31188704700BF00BF10
:10730000C0010020012003F0EDFAFBE780B54FF04B
:10731000500080F31188BFF36F8FBFF34F8F06F0DB
:107320002DFB30B14EF60450CEF200004FF08051EC
:107330000160002080F3118880BD000070B592B01C
:1073400006AC20463021F9F75CF8002543F64000F2
:107350000595CDE90355CDE901550095C4F202002C
:107360000168022641F080510160006800F0805001
:107370000090009847F200000095C4F200000168F8
:1073800041F480410160006800F480400090009862
:10739000012006904FF4803007904FF480000D904C
:1073A00006200E90A820CDE90F060420119020465B
:1073B0000C96FBF79BFA18B172B600BFFEE700BF50
:1073C0000F20CDE901064FF4A05004904FF48050F7
:1073D000059001A805210395FBF756F910B172B687
:1073E000FEE700BF12B070BD4EF68850CEF200002E
:1073F000016841F4700101607047000041F20C1017
:10740000C2F20000FCF780BA41F25410C2F2000050
:10741000FCF77ABA80B541F25410C2F20000FCF7D2
:1074200073FA41F2C400C2F20000BDE88040FCF7EC
:107430006BBA0000B0B540F6FF3E0568C4F2000E1E
:1074400040F2004C7045C4F2010C25DCB0F1804FD5
:107450002FD040F20043C4F20003984229D040F6F6
:107460000003C4F20003984223D041F6FF73C4F234
:107470000003984228DC70453ADCB0F1804F5BD0C5
:1074800040F20043C4F20003984255D040F6000396
:10749000C4F200034EE000BF40F60043C4F2000314
:1074A000984206D0604504D00023C4F201039842FC
:1074B000DBD14B6825F0700243EA020541F6FF7309
:1074C000C4F200039842D6DD43F6FF73C4F2010311
:1074D00098421FDC42F20003C4F2000398422BD012
:1074E0000023C4F20103984226D0604524D028E04E
:1074F00040F60043C4F2000398421DD041F6000359
:10750000C4F20003984217D041F60043C4F20003CE
:1075100010E000BF44F20003C4F2010398420BD014
:1075200044F60003C4F20103984205D044F200433C
:10753000C4F20103984204D1CB6825F4407243EAB7
:1075400002050A688C684B69C46240F480648262F8
:10755000644504BF09690163026825F0800142F0B7
:10756000040219430260012242610160B0BD0000C3
:1075700082B040F2A13540F2884640F6984841F288
:107580001C5941F2BC2A41F2803BC2F20005C2F212
:107590000006C2F20008C2F20009C2F2000AC2F2FA
:1075A000000B02E0012004F0FFFD28780328F9D049
:1075B00096ED000A96ED011A96ED022ABDEEC00A7C
:1075C00096ED033A10EE102ABDEEC10A10EE103A05
:1075D000BDEEC20A10EE104ABDEEC30A10EE107ADC
:1075E00040464FF40071CDE90047F9F74FF901200B
:1075F00004F0DAFD99ED300A9AED301ABDEEC00ABA
:1076000010EE100ABDEEC10A9BED301A10EE101AF2
:10761000BDEEC10A10EE102A0023F9F761F9C1E7A7
:10762000806B0021C185FCF7A5BD0000806B01685F
:107630004A6990F84130212B2DD112F080022AD0D6
:107640000021C184016851E8031F026821F0C001D4
:1076500042E80313DBB1016851E8031F026821F01F
:10766000C00142E8031393B1016851E8031F0268A7
:1076700021F0C00142E803134BB1016851E8031F38
:10768000026821F0C00142E80313002BDAD1202167
:1076900080F841100168496990F84220222A40F0A0
:1076A0007D8011F0400179D00021C185016851E849
:1076B000031F026821F4907142E80313BBB3016811
:1076C00051E8031F026821F4907142E8031373B379
:1076D000016851E8031F026821F4907142E8031326
:1076E0002BB3016851E8031F026821F4907142E84E
:1076F0000313002BDAD11AE0016851E8051F026874
:1077000021F0010142E80513DBB1016851E8051FD2
:10771000026821F0010142E8051393B1016851E8C4
:10772000051F026821F0010142E805134BB1016811
:1077300051E8051F026821F0010142E80513002B02
:10774000DAD1016B012924D1016851E8031F0268D5
:1077500021F0100142E80313DBB1016851E8031F77
:10776000026821F0100142E8031393B1016851E867
:10777000031F026821F0100142E803134BB10168B6
:1077800051E8031F026821F0100142E80313002BA7
:10779000DAD1202180F8421000210163416C41F0D0
:1077A00010014164FCF7E6BC0168806B0968C905FB
:1077B00000F19F800021C185016851E8031F026824
:1077C00021F4807142E80313E3B1016851E8031F1B
:1077D000026821F4807142E803139BB1016851E80B
:1077E000031F026821F4807142E8031353B101685A
:1077F00051E8031F026821F4807142E80313002B53
:10780000DAD100BF016851E8051F026821F00101CB
:1078100042E80513BBB3016851E8051F026821F077
:10782000010142E8051373B3016851E8051F0268BE
:1078300021F0010142E805132BB3016851E8051F4F
:10784000026821F0010142E80513002BDAD11AE0A9
:10785000016851E8051F026821F0400142E8051364
:10786000DBB1016851E8051F026821F0400142E8E0
:10787000051393B1016851E8051F026821F040012A
:1078800042E805134BB1016851E8051F026821F079
:10789000400142E80513002BDAD1202180F8421084
:1078A000016B012925D100BF016851E8031F02685F
:1078B00021F0100142E80313DBB1016851E8031F16
:1078C000026821F0100142E8031393B1016851E806
:1078D000031F026821F0100142E803134BB1016855
:1078E00051E8031F026821F0100142E80313002B46
:1078F000DAD100214163016B012918BFFDF75AB9A4
:10790000818DFCF735BC0000806B01214163016B68
:10791000012918BFFDF750B9818D4908FCF728BC33
:107920000168806B0968C90548BFFDF7B1B900213E
:10793000C18400BF016851E8051F026821F0800181
:1079400042E8051383B3016851E8051F026821F07E
:10795000800142E805133BB3016851E8051F026846
:1079600021F0800142E80513F3B1016851E8051FD9
:10797000026821F0800142E80513002BDAD113E000
:10798000016851E8031F026841F0400142E8031317
:10799000002B08BF7047016851E8031F026841F0DF
:1079A000400142E8031393B1016851E8031F0268E4
:1079B00041F0400142E803134BB1016851E8031F55
:1079C000026841F0400142E80313002BD8D1704710
:1079D000806BFDF75FB9000081B090F8421022295A
:1079E00021D183680246B3F5805F09D152F8281F80
:1079F00052F8183C002B63D003685B680AE000BFB4
:107A000052F8281F13B90369002BF5D003685B688F
:107A100003F07F030B70116801311160C18D0139D2
:107A20000A04C18502D001B0704700BF0168CA686E
:107A300022F02002CA60CA6822F48072CA604A69D1
:107A400022F001024A61202180F8421000214163A6
:107A5000026B012A3CD10163016851E8031F0268EF
:107A600021F0100142E80313DBB1016851E8031F64
:107A7000026821F0100142E8031393B1016851E854
:107A8000031F026821F0100142E803134BB10168A3
:107A900051E8031F026821F0100142E80313002B94
:107AA000DAD101680A68D20606D5002200920A6877
:107AB0000092496800910099818D01B0FCF758BB94
:107AC000026852686FF35F2221F8022B8162A5E7FA
:107AD00001B0FDF76FB80000B0B50446006804F1CE
:107AE00008030ECB0569194325F440552A4302616A
:107AF0006269E3691143C268194349F20C639A430E
:107B00001143C1604169A26921F4407141F200430F
:107B1000114340F48062C4F201039A42416103D1EF
:107B2000FAF798FE02E000BFFAF780FEE1694FF62F
:107B30009C7563681922C0F6FF75B1F5004FA0FB74
:107B400002011FD15A00DB0FF8F7C4FB48F21F51A6
:107B5000C5F2EB11A0FB01235A0905F1805302FB8A
:107B60000300322303EBC000A0FB01014FF4F870C7
:107B700000EA111000EB0210C1F342110844216821
:107B80008860B0BD9A009B0FF8F7A4FB48F21F5124
:107B9000C5F2EB11A0FB01235A0902FB05003223B9
:107BA00003EB0010A0FB0101F02000EA511000EBF4
:107BB0000210C1F34311084421688860B0BD000081
:107BC00041F29C10C2F20000FCF7D6BAB0B582B008
:107BD00041F29C14C2F20004206841F20001C4F298
:107BE0000101884202D002B0B0BD00BF40F2F46192
:107BF000C2F200010A88A52A22D1C88940F20833BE
:107C0000C2F200039881D1F80200D1F80620D1F821
:107C10000A5083E82500D1F81600D1F81240D1F8B7
:107C20001A50CA8B586141F29C101C619A83C2F2AF
:107C3000000011229D6102B0BDE8B040FCF7FABE21
:107C400000210191016840F2F46501914068C2F29F
:107C5000000501900198E06B0068016821F00101C6
:107C6000016040F6A850C2F2000000681121416096
:107C700028464FF40071F8F7C4FB2046294611222C
:107C8000FCF7D8FEE06B0068016841F0010101607B
:107C900002B0B0BD80B500F009F841F2E410C2F2C4
:107CA0000000BDE88040FCF767BA00002DE9F04312
:107CB00082B041F2E410C2F2000000680168890657
:107CC0006ED444F60001C4F200010968C9066ED5FD
:107CD00000210091016824230091406800900098E1
:107CE00040F66860C2F2000000680168026809039B
:107CF00022F0010202604268436091B25AD40268E5
:107D0000122942F400220260026842F0010202607D
:107D10004DD140F26021C2F20001887DCF7DCE7D41
:107D20000C7E91F818804D7E91F81A9091F81AE027
:107D300091F81BC0CB7EF608C3F301138B72CB7E88
:107D400064F34A169B09CB720B7F4A7F67F30A20C4
:107D500043EA02228A818A7FCB7F4FEA5E0742EAAA
:107D60000322CA8191F8202091F8213042EA0322AF
:107D70000A8291F82220AB008A7491F8232043EA0A
:107D80009813CA7491F8242091F8254069F38A2346
:107D900042EA04228A8291F8262091F8275068E06E
:107DA000002101910168019140680190019802B0A1
:107DB000BDE8F08346F22802C4F2020213681229D9
:107DC00023F400231360026842F001020260EED146
:107DD00040F26021C2F2000191F83A0091F83B7044
:107DE00091F83B6091F83C4091F83C8091F83D500F
:107DF00091F83E9091F83EE091F83FC091F83F3005
:107E0000F608C3F301138B7291F83F3064F34A16FE
:107E10009B09CB7291F8403091F8412067F30A201A
:107E200043EA02228A8191F8422091F843304FEAD6
:107E30005E0742EA0322CA8191F8442091F8453056
:107E400042EA03220A8291F84620AB008A7491F834
:107E5000472043EA9813CA7491F8482091F84940A2
:107E600069F38A2342EA04228A8291F84A2091F82F
:107E70004B50A0F580600880A6F580606CF3CA17AF
:107E800042EA05224880A3F580608880A7F58060DB
:107E9000A2F58062C88000200A8102B0BDE8F043EC
:107EA00001F056B841F22C20C2F20000FCF764B990
:107EB000FEE7000040F2E80141F22C20C2F200018E
:107EC000C2F20000142281EC030AC1ED031AFCF790
:107ED00075BE00009FED211A9FED212A20EE010AB8
:107EE000B5EE001A30EE010ABDEEC01A11EE100A0E
:107EF000B5EE400AF1EE10FAB8BF013801EE100AF3
:107F0000B8EEC11A30EE410A20EE020ABDEEC01AE8
:107F10009FED142A11EE100A410A30EE021A4FF2B8
:107F200004511CBF0020B0EE410AC0F6000101EE72
:107F3000100A01EB8001B8EE411A30EE410A91EDD2
:107F4000001A91ED012AB7EE003A33EE403A20EEE6
:107F5000020A23EE011A31EE000A704783F9223E2D
:107F600000000044000000C49FED1F1A9FED1F2A6F
:107F700020EE010ABDEEC01A11EE100AB5EE400A5D
:107F8000F1EE10FAB8BF013801EE100AB8EEC11ACE
:107F900030EE410A20EE020ABDEEC01A9FED142A0F
:107FA00011EE100A410A30EE021A4FF204511CBFC2
:107FB0000020B0EE410AC0F6000101EE100A01EB0C
:107FC0008001B8EE411A30EE410A91ED001A91EDB0
:107FD000012AB7EE003A33EE403A20EE020A23EED1
:107FE000011A31EE000A704783F9223E0000004476
:107FF000000000C410B582B000208DF80700F8F72B
:1080000099FA8020F8F7FEFB5520F8F7FBFB552086
:10801000F8F7F8FB8DF80700F8F784FA9620F8F7E0
:10802000E1FAF8F787FA8020F8F7ECFB5520F8F72B
:10803000E9FB5520F8F7E6FB8DF80700F8F772FA30
:108040009620F8F7CFFAF8F775FA7E20F8F7DAFB02
:10805000B620F8F7D7FBF8F765FA5020F8F7C0FA22
:10806000F8F768FA8020F8F7CDFB5520F8F7CAFB3F
:108070005520F8F7C7FB8DF80700F8F753FA96205C
:10808000F8F7B0FAF8F756FA8020F8F7BBFB55205E
:10809000F8F7B8FB5520F8F7B5FB8DF80700F8F7AF
:1080A00041FA9620F8F79EFA9DF807001E284DD158
:1080B000F8F740FA7D20F8F7A5FB0420F8F7A2FBBB
:1080C000F8F730FA9620F8F78DFAF8F733FAFD2032
:1080D000F8F798FB5520F8F795FB5520F8F792FB39
:1080E0008DF80700F8F71EFA9620F8F77BFA9DF84E
:1080F00007004FF67A540428C0F6000422D1F8F79E
:1081000019FA7C20F8F77EFB0020F8F77BFBF8F7E4
:1081100009FA9620F8F766FAF8F70CFAFC20F8F757
:1081200071FB5520F8F76EFB5520F8F76BFB8DF8C7
:108130000700F8F7F7F99620F8F754FA9DF80700CA
:1081400040B10334A07802B010BD00BFFF2002B0E0
:1081500010BD00BFF8F7EEF94020F8F753FBAB2055
:10816000F8F750FBF8F7DEF99620F8F73BFAF8F746
:10817000E1F9C020F8F746FB5520F8F743FB5520FE
:10818000F8F740FB8DF80700F8F7CCF99620F8F7E0
:1081900029FA9DF80700AB2826D1F8F7CBF9412042
:1081A000F8F730FB0020F8F72DFBF8F7BBF9962025
:1081B000F8F718FAF8F7BEF9C120F8F723FB5520B5
:1081C000F8F720FB5520F8F71DFB8DF80700F8F7AE
:1081D000A9F99620F8F706FA9DF8070040B109348E
:1081E000A07802B010BD00BF0634A07802B010BD68
:1081F000F8F7A0F95320F8F705FB0820F8F702FB81
:10820000F8F790F99620F8F7EDF9F8F793F9D320FD
:10821000F8F7F8FA5520F8F7F5FA5520F8F7F2FADA
:108220008DF80700F8F77EF99620F8F7DBF99DF84E
:108230000700082826D1F8F77DF95820F8F7E2FA68
:108240000420F8F7DFFAF8F76DF99620F8F7CAF985
:10825000F8F770F9D820F8F7D5FA5520F8F7D2FAE0
:108260005520F8F7CFFA8DF80700F8F75BF996205C
:10827000F8F7B8F99DF80700042807D1002002B0EC
:1082800010BD00BF0C34A07802B010BD0F34A07830
:1082900002B010BD2DE9F04F87B000208DF81B0013
:1082A000F8F748F98020F8F7ADFA5520F8F7AAFA60
:1082B0005520F8F7A7FA8DF81B00F8F733F9962048
:1082C000F8F790F9F8F736F98020F8F79BFA55207F
:1082D000F8F798FA5520F8F795FA8DF81B00F8F79B
:1082E00021F99620F8F77EF9F8F724F97E20F8F7BF
:1082F00089FAB620F8F786FAF8F714F95020F8F75B
:108300006FF9F8F717F98020F8F77CFA5520F8F79D
:1083100079FA5520F8F776FA8DF81B00F8F702F98C
:108320009620F8F75FF9F8F705F98020F8F76AFA70
:108330005520F8F767FA5520F8F764FA8DF81B0016
:10834000F8F7F0F89620F8F74DF99DF81B001E2875
:1083500040F09E80F8F7EEF84020F8F753FAAC2092
:10836000F8F750FAF8F7DEF89620F8F73BF9F8F747
:10837000E1F8C020F8F746FA5520F8F743FA5520FF
:10838000F8F740FA8DF81B00F8F7CCF89620F8F7CC
:1083900029F99DF81B004FF2A044AC28C0F6000458
:1083A00071D15020F8F71CF9F8F7C4F87D20F8F7E0
:1083B00029FA0420F8F726FAF8F7B4F89620F8F727
:1083C00011F9F8F7B7F8FD20F8F71CFA5520F8F77F
:1083D00019FA5520F8F716FA8DF81B00F8F7A2F8ED
:1083E0009620F8F7FFF89DF81B00042854D1502080
:1083F000F8F7F6F8F8F79EF84120F8F703FA0320AB
:10840000F8F700FAF8F78EF89620F8F7EBF8F8F797
:1084100091F8C120F8F7F6F95520F8F7F3F955204F
:10842000F8F7F0F98DF81B00F8F77CF89620F8F7CC
:10843000D9F89DF81B00032834D15020F8F7D0F864
:10844000F8F778F87C20F8F7DDF90020F8F7DAF98A
:10845000F8F768F89620F8F7C5F8F8F76BF8FC20FD
:10846000F8F7D0F95520F8F7CDF95520F8F7CAF903
:108470008DF81B00F8F756F89620F8F7B3F89DF83A
:108480001B00A8B10934A07807B0BDE8F08F00BF89
:10849000FF2007B0BDE8F08F0334A07807B0BDE837
:1084A000F08F00BF0634A07807B0BDE8F08F00BFA2
:1084B0005020F8F795F8F8F73DF86D20F8F7A2F995
:1084C0000D20F8F79FF9F8F72DF89620F8F78AF8BD
:1084D000F8F730F8ED20F8F795F95520F8F792F90C
:1084E0005520F8F78FF98DF81B00F8F71BF8962048
:1084F000F8F778F89DF81B000D2840F09780502081
:10850000F8F76EF8F8F716F89220F8F77BF9922052
:10851000F8F778F95520F8F775F983465520F8F7FC
:1085200071F981465520F8F76DF980465520F8F726
:1085300069F905465520F8F765F906465520F8F71C
:1085400061F90746F7F7EEFFF7F7F4FF6D20F8F74C
:1085500059F90920F8F756F9F7F7E4FF9620F8F7EC
:1085600041F8F7F7E7FFED20F8F74CF95520F8F759
:1085700049F95520F8F746F98DF81B00F7F7D2FFB7
:108580009620F8F72FF89DF81B00092854D15020A9
:10859000CDE90458CDE90276F8F722F8F7F7CAFFDB
:1085A0009220F8F72FF99220F8F72CF95520F8F7D8
:1085B00029F980465520F8F725F982465520F8F725
:1085C00021F904465520F8F71DF907465520F8F71C
:1085D00019F905465520F8F715F90646F7F7A2FFF1
:1085E000F7F7A8FF6D20F8F70DF90020F8F70AF962
:1085F000F7F798FF9620F7F7F5FFF7F79BFFED20C9
:10860000F8F700F95520F8F7FDF85520F8F7FAF8D3
:108610008DF81B00F7F786FF9620F7F7E3FF9DF82C
:108620001B0078B1042007B0BDE8F08F04F10C0006
:10863000807807B0BDE8F08F04F10F00807807B0B4
:10864000BDE8F08FCDE9006526464BEA092448EAEB
:108650000A25F7F76FFF7E20F8F7D4F8B620F8F771
:10866000D1F8F7F75FFF5020F7F7BAFF20B229B231
:10867000411A40F25550814218DBDDE9042141EAFC
:10868000022146EA072209B212B2891A81420DDBA1
:10869000DDE9021040EA0120DDE9002100B241EAF3
:1086A000022109B2401AB0F52A7F03DA802007B010
:1086B000BDE8F08FF7F73EFF8020F8F7A3F85520CC
:1086C000F8F7A0F85520F8F79DF88DF81B00F7F79C
:1086D00029FF9620F7F786FFF7F72CFF8020F8F7A1
:1086E00091F85520F8F78EF85520F8F78BF88DF8AB
:1086F0001B00F7F717FF9620F7F774FF002007B06D
:10870000BDE8F08FB0B5F7F727FF8020F8F77AF8CB
:108710005520F8F777F8F7F717FF9620F7F762FF7D
:10872000F7F71AFF8020F8F76DF85520F8F76AF888
:10873000F7F70AFF9620F7F755FFF7F70DFF14201C
:10874000F8F760F8B620F8F75DF8F7F7FDFE50206F
:10875000F7F746FFF7F700FF8020F8F753F85520AA
:10876000F8F750F8F7F7F0FE9620F7F73BFFF7F72A
:10877000F3FE8020F8F746F85520F8F743F8044652
:10878000F7F7E2FE9620F7F72DFF0F2C1CBFFF2016
:10879000B0BDF7F7E1FE0F20F8F734F80020F8F746
:1087A00031F8F7F7D1FE9620F7F71CFFF7F7D4FE64
:1087B0008F20F8F727F85520F8F724F80446F7F744
:1087C000C3FE9620F7F70EFF4FF68C55C0F6000556
:1087D00014B1A878B0BD00BFF7F7BEFE1020F8F7BF
:1087E00011F88220F8F70EF8F7F7AEFE9620F7F7AB
:1087F000F9FEF7F7B1FE9020F8F704F85520F8F7E6
:1088000001F80446F7F7A0FE9620F7F7EBFE822C5E
:108810001ED1F7F7A1FE1120F7F7F4FF0020F7F7BC
:10882000F1FFF7F791FE9620F7F7DCFEF7F794FEDD
:108830009120F7F7E7FF5520F7F7E4FF0446F7F735
:1088400083FE9620F7F7CEFE34B10635A878B0BD8A
:108850000335A878B0BD00BFF7F77EFE1520F7F707
:10886000D1FF8020F7F7CEFFF7F76EFE9620F7F7DF
:10887000B9FEF7F771FE9520F7F7C4FF5520F7F71B
:10888000C1FF0446F7F760FE9620F7F7ABFE802C99
:108890001ED1F7F761FE1620F7F7B4FF0020F7F7B7
:1088A000B1FFF7F751FE9620F7F79CFEF7F754FE5D
:1088B0009620F7F7A7FF5520F7F7A4FF0446F7F730
:1088C00043FE9620F7F78EFE34B10C35A878B0BD84
:1088D0000935A878B0BD00BFF7F73EFE1820F7F7BE
:1088E00091FF0120F7F78EFFF7F72EFE9620F7F79E
:1088F00079FEF7F731FE9820F7F784FF5520F7F758
:1089000081FF0446F7F720FE9620F7F76BFE012C57
:1089100004BF0020B0BD0F35A878B0BD10B5F7F783
:108920001BFE8020F7F76EFF5520F7F76BFFF7F778
:108930000BFE9620F7F756FEF7F70EFE8020F7F7AE
:1089400061FF5520F7F75EFFF7F7FEFD9620F7F77A
:1089500049FEF7F701FE1420F7F754FFB620F7F7AA
:1089600051FFF7F7F1FD5020F7F73AFEF7F7F4FD66
:108970008020F7F747FF5520F7F744FFF7F7E4FDAE
:108980009620F7F72FFEF7F7E7FD8020F7F73AFF7D
:108990005520F7F737FFF7F7D7FD9620F7F722FEB8
:1089A000F7F7DAFD3C20F7F72DFF0120F7F72AFF54
:1089B000F7F7CAFD5020F7F713FEF7F7CDFDBC20FF
:1089C000F7F720FF5520F7F71DFF0446F7F7BCFD2A
:1089D0009620F7F707FEA00700F19280F7F7BCFD9D
:1089E000BC20F7F70FFF5520F7F70CFF0446F7F709
:1089F000ABFD9620F7F7F6FDA00700F18180F7F7B1
:108A0000ABFDBC20F7F7FEFE5520F7F7FBFE044652
:108A1000F7F79AFD9620F7F7E5FDA00770D4F7F772
:108A20009BFDBC20F7F7EEFE5520F7F7EBFE044662
:108A3000F7F78AFD9620F7F7D5FDA00760D4F7F782
:108A40008BFDBC20F7F7DEFE5520F7F7DBFE044672
:108A5000F7F77AFD9620F7F7C5FDA00750D4F7F792
:108A60007BFDBC20F7F7CEFE5520F7F7CBFE044682
:108A7000F7F76AFD9620F7F7B5FDA00740D4F7F7A2
:108A80006BFDBC20F7F7BEFE5520F7F7BBFE044692
:108A9000F7F75AFD9620F7F7A5FDA00730D4F7F7B2
:108AA0005BFDBC20F7F7AEFE5520F7F7ABFE0446A2
:108AB000F7F74AFD9620F7F795FDA00720D4F7F7C2
:108AC0004BFDBC20F7F79EFE5520F7F79BFE0446B2
:108AD000F7F73AFD9620F7F785FDA00710D4F7F7D2
:108AE0003BFDBC20F7F78EFE5520F7F78BFE0446C2
:108AF000F7F72AFD9620F7F775FD012101E000BF89
:108B00000021402000EA0410002918BF402010BDB9
:108B1000012003F049FBFBE710B58AB040F698440A
:108B200001200021C2F200040890CDE90610CDE931
:108B30000011CDE90211CDE9041169462046F8F78C
:108B40005DFA2046F8F7E2FD20460221F8F7ECF93D
:108B50000AB010BD86B040F28009C2F2000940F2AE
:108B6000544799E80700C2F200073B1DCDE9030115
:108B70000BCB41F2D4449FEDCB8AC2F20004DFED6F
:108B8000CA0A0590CDE9002103AA20460021B0EED3
:108B9000480A02930025FDF757FC41F28C48C2F2C7
:108BA0000008DFEDC20A6A4640460021B0EE480ADE
:108BB000FDF74AFC40F6F40640F2000A9FEDBC9A2D
:108BC0009FEDBCAA9FEDBCBA9FEDBCCA9FEDBCDA7D
:108BD0009FEDBC8A40F2DC5BC2F20006C7F6C07AA9
:108BE000C2F2000BD7ED090AD7ED0A1A97ED110A68
:108BF00097ED121AFFF75EF997ED161A97ED172AFF
:108C0000BDEEC11A11EE100A3080B0F5FA6F4FF0C8
:108C1000000097ED183A97ED194A97ED1A5A97ED1B
:108C20001B6A97ED1C7A97ED1D0ABDEEC21A88BF2C
:108C30000120B07011EE100AB081B0F5FA6F4FF05C
:108C40000000BDEEC31A88BF0120B07311EE100AF8
:108C50003083B0F5FA6F4FF00000BDEEC41A88BF44
:108C60000120B07611EE100AB084B0F5FA6F4FF023
:108C70000000BDEEC51A88BF012086F8260011EE5F
:108C8000100A3086B0F5FA6F4FF00000BDEEC61A3C
:108C900088BF012086F8320011EE100AB087B0F5C7
:108CA000FA6F4FF00000BDEEC71A88BF012086F8AA
:108CB0003E0011EE100AA6F84800B0F5FA6F4FF02A
:108CC0000000BDEEC00A88BF012086F84A0010EE01
:108CD000100AA6F85400B0F5FA6F4FF0000088BFF4
:108CE000012086F856004CF6CD40CBF64C60C6E924
:108CF000010549F69A10CBF69960C6E904054CF6D1
:108D0000CD40CBF6CC60C6E907050020CBF68070DD
:108D1000C6E90A054FF07E50C6E90D054CF6CD4078
:108D2000C3F6CC60C6E9100549F69A10C3F69960FF
:108D3000C6E913054CF6CD409BED000AC3F64C6026
:108D400097ED08EAC6E9160530EE090A0020C6F8D4
:108D500068A087ED000A00F025F9B0F9020000EEE6
:108D6000100AB8EEC00A80EE0A0A012087ED110A47
:108D700000F018F9B0F9020000EE100AB8EEC00ACF
:108D800080EE0A0A022087ED120A00F00BF9B0F912
:108D9000020000EE100AB8EEC00A80EE0A0A0320B4
:108DA00087ED130A00F0FEF8B0F9020097ED001A03
:108DB00000EE100AB8EEC00A80EE0A0A4046F0EE55
:108DC000480A87ED140A3EEE410AB4EE490AF1EE74
:108DD00010FA30EE0B1AC8BFB0EE410AB4EE4D0ADD
:108DE000F1EE10FA30EE0C1AB8BFB0EE410A87ED82
:108DF000040AFDF773FA99ED034A99ED045A97EDC9
:108E0000060A97ED071A98ED082A34EE054A31EE66
:108E1000403A99ED056A22EE044A34EE033AC3EE75
:108E2000060A30EE013A30EE410A34EE000A34EE22
:108E3000435A80EE061A34EE030A85EE065A80EE97
:108E4000063A97ED110A204687ED052AC7ED090A73
:108E500087ED0B1A87ED0A5A87ED0C3AFDF73EFABB
:108E6000206AD7ED0A0A97ED120A78632046FDF7CB
:108E700035FA206AD7ED0B0A97ED130AB86320463E
:108E8000FDF72CFA206AD7ED0C0A97ED140AF86367
:108E90002046FDF723FA206A3864012003F084F9A4
:108EA000A0E600BF0080BB44000016430000A042C3
:108EB00000003443000010420000B4C30000B4437B
:108EC000000034C30000000040F2E400C2F20000E1
:108ED00000684DF68361C4F21B31A0FB011244F619
:108EE000D351C1F26201A0FB0101900C40F2C022FB
:108EF000C2F20002107088095060704780B54EF2CF
:108F0000180140F2C022CEF20001C2F2000251F874
:108F100004CC1278002302FB00FE08680AE000BFC0
:108F200003449B1A824228BF63447345104628BFFE
:108F300080BD00BF0A688242F2D10A688242EFD146
:108F40000A688242ECD10A688242F3D0E8E7000066
:108F500070B540F6102600EBC005C2F2000656F8C8
:108F6000250006EB8504606004F002FDE17C46F814
:108F700025004A0642BF01F0BF01E174E060A0692C
:108F800060B18047E17C48B1206A41F0A00100282F
:108F9000E17408BF70BDBDE87040004701F07F007C
:108FA000E07470BD00F0030041F2444100EB80002A
:108FB000C2F2000101EB40007047000041F254147E
:108FC000C2F2000420460421FAF7ECFB206840F2CC
:108FD0009C35016A40F2241621F0A0010162016A69
:108FE00040F2A13841F02001016240F22440C4F275
:108FF00000000024C2F20005C2F20006C2F200081E
:109000000327046003E000BF012003F0CDF82878B7
:109010002028F9D1307871782C704840FF28F3D19E
:10902000B0784528F0D1F1784840C0B2FF2808BF99
:1090300088F80070E8E7000040F25C6040F220022F
:10904000C2F20000C2F2000290ED057AD0ED060AED
:1090500092ED066AD2ED072A90ED075AD2ED083A52
:1090600060EEA22A27EE066A36EE226A65EE233A01
:1090700090ED024A33EE866A40F28C51D2ED103AFE
:1090800090ED013AD2ED0F2AC2F2000190ED032AD1
:1090900040F2006081ED176A24EE236AD2ED113AA6
:1090A000C2F2000063EE222AD0ED091A72EE862A7F
:1090B00062EE233A73EEA22A40F2FC0372EEA11A8A
:1090C000C2F2000390ED140A90ED151AC1ED0E1ACC
:1090D000D3ED001AD3ED012A90ED166AD3ED023AD2
:1090E00061EE222A60EE211A71EEA21A66EE232AA0
:1090F000D0ED0C3A72EEA11A71EEA31AC1ED1A1A54
:10910000D2ED091AD2ED0A2AD2ED0B3A60EEA22A6C
:1091100067EE211A71EEA21A65EE233AD2ED122AF9
:1091200073EEA11AD2ED133AC1ED181A64EE231AA8
:1091300063EE222A72EEA11AD2ED142AD0ED0A3A79
:1091400062EE222A72EEA11AD3ED032A71EEA31A5F
:10915000D3ED043AC1ED0F1A61EE231A60EE222A14
:1091600072EEA11AD3ED052AD0ED0D3A66EE222A51
:1091700072EEA11A71EEA31AC1ED1B1AD2ED0D1AEF
:10918000D2ED0C2A60EEA10AD2ED0E1A27EE227A59
:1091900037EE207A25EE215A35EE075A81ED195A1D
:1091A00092ED165A92ED157A24EE054A92ED175A71
:1091B00023EE073A33EE043A22EE052A90ED0B4AED
:1091C00032EE032A32EE042A81ED102A93ED072AAB
:1091D00093ED063A21EE021A93ED082A20EE030AD7
:1091E00030EE010A26EE021A90ED0E2A31EE000A48
:1091F00030EE020A81ED1C0A7047000010B540F203
:109200008C54C2F200042078C00714D040F6DC7001
:10921000C2F20000816C09680968C9070BD1C06CF3
:1092200000680068C00706D1607880075CBFA0783E
:109230005FEA80704CD56078C00714D040F6DC70CF
:10924000C2F20000816C09680968C9070BD1C06CC3
:1092500000680068C00706D1207880075CBFA0784E
:109260005FEA807052D5A078C00715D040F6DC7058
:10927000C2F20000816C09680968C90718BF10BDF7
:10928000C06C00680068C00706D1207880075CBF0A
:1092900060785FEA807001D510BD00BFA078102112
:1092A00000F0FE00A070A078002240F00200A07044
:1092B0000020C4F20200F8F703FE40F2200004F19F
:1092C0001C01C2F200000422BDE81040FDF70AB9FB
:1092D0002078012100F0FE0020702078002240F06C
:1092E000020004F8240B0020C4F2020000F58060A4
:1092F000F8F7E6FD40F22000C2F2000004302146FB
:109300000822BDE81040FDF7EDB800BF60781021DD
:1093100000F0FE0060706078002240F00200607093
:109320000020C4F20200F8F7CBFD40F22000C2F2A8
:1093300000000C3004F12C010922BDE81040FDF7BB
:10934000D1B8000041F27C01C2F200010968486313
:10935000704700007047000080B584B002460120CD
:109360000DF10F01CDE9001040F688704FF0640C4C
:10937000C2F200001C210123CDF808C0F8F75EFE00
:109380009DF80F0004B080BD80B584B002468DF812
:109390000F1001200DF10F01CDE9001040F688708B
:1093A0004FF0640CC2F200001C210123CDF808C06C
:1093B000F8F770FF04B080BD41F60000C4F202006F
:1093C00040210122F8F77CBD41F60000C4F2020002
:1093D00040210022F8F774BD7047000001F082BA06
:1093E000B0B5FFF7B7FFFFF7F7FFFFF7EDFF32204C
:1093F000FFF7F4FFFFF7E0FF3220FFF7EFFF002059
:10940000FFF7AAFF10281CBF4020B0BD0120FFF7C6
:10941000E5FF0B200821FFF7B7FF0120FFF7DEFF74
:109420000B20FFF799FF04460120FFF7D7FF4FF20B
:10943000F845082CC0F6000532D141200921FFF77C
:10944000A3FF0120FFF7CAFF4120FFF785FF044675
:109450000120FFF7C3FF092C24D14220C021FFF7D0
:1094600093FF0120FFF7BAFF4220FFF775FF044684
:109470000120FFF7B3FFC02C18D10A200B21FFF702
:1094800083FF0120FFF7AAFF0A20FFF765FF0446CC
:109490000120FFF7A3FF0B2C04BF0020B0BD09354E
:1094A000A878B0BD0335A878B0BD00BF0635A87850
:1094B000B0BD0000F9F704F8FDF740FFFFF704FD29
:1094C000FCF7F0FBFCF790FAFCF7DCFCFCF7FCFC8B
:1094D000FCF724FDFCF768FAFCF746FAFCF764FE9B
:1094E000FCF744FEFCF780FEFCF7FEFDFCF756FDA2
:1094F000FCF76EFDFFF710FB41F2C400C2F2000062
:10950000F9F74AFFFCF7C6FA01F0F4F9FEE70000AC
:109510002DE9F04F81B02DED088B82B0FFF7FCFAFA
:1095200040F29808C2F2000840F20C54C2F2000463
:1095300008F1200E9EE8074044F84C1F214641F8F0
:109540000C0DA4F13407019183CFD8F8386054F89A
:10955000283CC4E9012741F21C57C2F20007BB4670
:10956000C7E92D6347F8A4EFA4F1240ED8E90CC590
:1095700044E902019EE8034008F104064BF8B05F9D
:10958000C7E901C041F2BC2549CEC2F20005C5E9D8
:109590002A01AA4645F8B03FD8F81420C5E9016E63
:1095A00054F8183C41F28036D8F81800C2F2000690
:1095B000D8F81C10C6E92A2354F8142CB14646F8F2
:1095C000B00FC6E90112D8F80000D8F810109FEDCE
:1095D000448A9FED449A4AF8A40F49F8A41FA7F1C2
:1095E000900000213A46B0EE480AF0EE490AFCF736
:1095F0002BFF9FED3DAAA7F1480000215A46B0EE8F
:109600004A0AF0EE490AFCF71FFF9FED389A40F630
:109610005040019AC2F200000021B0EE4A0AF0EE7A
:10962000490AFCF711FF9FED32BA40F60840DFED22
:10963000310AC2F2000000212246B0EE4B0AFCF7CC
:1096400003FFA5F19C0000215246B0EE4B0AF0EE5C
:10965000490AFCF7F9FEA5F1540000212A46B0EEB4
:109660004A0AF0EE490AFCF7EFFEA6F19C00002141
:109670004A46B0EE4A0AF0EE490AFCF7E5FEA6F1CA
:109680005400F3EE040A00213246B0EE480AFCF71B
:10969000DBFE41F23404C2F2000420460021FAF756
:1096A000ABFC20460421FAF7A7FC20460821FAF774
:1096B000A3FC20460C21FAF79FFCD8F83C00216857
:1096C0004863D8F840008863D8F84400C863D8F8E5
:1096D0004800086402B0BDEC088B01B0BDE8F08F13
:1096E0000000AF430000C8420000FA440000FA4303
:1096F00000803B4500007A442DE9F04F81B041F2F3
:10970000444A41F2BC2BC2F2000AC2F2000BBAF882
:109710003260BBF80E0040F22837C2F200078642E2
:1097200007F1100117D140F21452C2F20002127870
:109730008AB997ED040AB7EE001A9FED752A30EE4C
:10974000010AB4EE420AF1EE10FA87ED040A04DDD4
:1097500000213961391D00220A603978ABF80C60AC
:109760004A1C3A70022938BF3046311A084641F681
:10977000FF7811F57A6FB8BF40445FFA82F9B1F50E
:109780007A6FC8BFA1EB080005F0AAFB9FED540B50
:1097900053EC102B05F0BCFB9FED530B53EC102B3F
:1097A00005F042FA044678680D4605F09DFD224614
:1097B0002B4605F091F905F05DF9ABF80E60CBF89A
:1097C000000041F2803BC2F2000B7860BBF80E0053
:1097D000BAF83CA0CDF80090B9F1020F38BF50465E
:1097E00080B2AAEB0000B0F57A6FABF80CA003DDF5
:1097F000A0EB080006E000BF10F57A6FBCBF41F691
:10980000FF71084405F06CFB9FED390B54EC105BC5
:109810002A46234605F07CFB9FED370B53EC102BBB
:1098200005F002FA40F22839C2F200090746D9E9E8
:1098300002080E4605F058FD02460B4638463146F2
:1098400005F04AF905F016F9C9F80800CBF8000050
:1098500041F24440C2F2000041F21C56078DC2F2B0
:1098600000060099F089ABF80EA0B781022938BF35
:10987000384680B2391A084641F6FF7211F57A6F00
:10988000B8BF1044B1F57A6FC8BF881A05F028FB3D
:109890002A46234605F03CFB9FED190B53EC102B99
:1098A00005F0C2F9044640460D4605F01DFD22466E
:1098B0002B4605F011F905F0DDF8C9F80C00F78129
:1098C00005F012FD9FED100B53EC102B05F020FB63
:1098D00005F0D0F8306001B0BDE8F08F00BF00BFE8
:1098E00000000000008076C00000000068FF024118
:1098F00000000000008076400000000000FFBF4034
:109900000000000070FF11C1295C8FC2F528F03FF4
:1099100000007A442DE9F0412DED028B40F20C5409
:10992000C2F20004217A082900F29A87DFE811F0D8
:109930000A005E018C00CA0012009601F2012C019F
:109940005A0200BFE079012840F08A87012000F028
:1099500086BF00BF032800F08B82022840F080877A
:1099600041F2BC25C2F2000595ED000A40F6084020
:10997000DFEDA30AC2F20000FCF7B0FC41F244465E
:10998000C2F20006B6F93400F0EE400A85ED020A94
:1099900000EE100A40F65040B8EEC00AC2F20000D5
:1099A000FCF79CFC9FED971A41F28037C2F200074A
:1099B00030EE011A97ED040ADFED930A07F15C001F
:1099C00085ED301AFCF78AFCB6F93E00F0EE400A4D
:1099D00087ED020A00EE100AB8EEC00A07F1140083
:1099E000FCF77CFC608A87ED300A022800F0C18613
:1099F000012840F035876089411C88B2B0F5FA7FB4
:109A0000618140F22D8741F23401C2F20001096800
:109A10004FF4FA72B0F5FA6F4A6340F22187E08999
:109A20000121013082B2E081052020720020062A47
:109A30006081E1706082C0F01387E0812171BDEC2C
:109A4000028BBDE8F08100BF0138032800F20887CF
:109A5000DFE810F004008E04FA03060441F2BC258E
:109A6000C2F2000595ED000A40F60840DFEDDA0A83
:109A7000C2F20000FCF732FC41F24440C2F20000A6
:109A8000B0F93400F0EE400A85ED020A00EE100A4B
:109A900040F65040B8EEC00AC2F20000FCF71EFCCF
:109AA00060899FED581A013081B230EE010A3329E6
:109AB00085ED300A6081C0F0D386002060810320EC
:109AC00000F0CDBE032800F0A382022800F09482AB
:109AD000012840F0C58641F2BC25C2F2000595ED93
:109AE000000A40F60840DFEDBC0AC2F20000FCF7B5
:109AF000F5FB41F24447C2F20007B7F93400F0EE3B
:109B0000400A85ED020A00EE100A40F65040B8EE19
:109B1000C00AC2F20000FCF7E1FB9FED3A1A41F2E5
:109B20008036C2F2000630EE011A96ED040ADFED2F
:109B3000360A06F15C0085ED301AFCF7CFFBB7F969
:109B40003E00F0EE400A86ED020A00EE100AB8EE82
:109B5000C00A06F11400FCF7C1FB96ED041A9FED54
:109B60009F2A86ED300AB4EE421AF1EE10FAC0F2E6
:109B700077869FED9B0AB4EE401AF1EE10FA00F3DF
:109B80006F86062000F06BBE0138032800F268865D
:109B9000DFE810F00400A003D204040041F2BC206E
:109BA000C2F2000090ED040A9FEDE81A0021B4EE25
:109BB000410AC4F2C831F1EE10FAC0F8C01009DC55
:109BC0009FEDE31AB2EE042A30EE011A21EE021ADA
:109BD00080ED301AB3EE041AB4EE410AF1EE10FA39
:109BE00000F33E860020E08000F039BE01380328F3
:109BF00000F23686DFE810F00A001E05FA03E804DA
:109C00000000A443000016C40000484341F2444051
:109C1000C2F20000B0F9340041F2BC2500EE100A97
:109C2000C2F20005DFEDF00AB8EEC00A05F114003B
:109C3000FCF754FB95ED041A9FEDEC3A1FED0F2A4B
:109C4000B4EE431A30EE020AF1EE10FA85ED300A56
:109C5000C0F206869FEDE60A00F012BD032800F070
:109C60007982022800F02C82012840F0F98541F227
:109C7000BC26C2F2000696ED000A40F60840DFED71
:109C8000560AC2F20000FCF729FB41F24447C2F237
:109C90000007B7F93400F0EE400A86ED020A00EE44
:109CA000100A40F65040B8EEC00AC2F20000FCF7BD
:109CB00015FB1FED2C1A41F28035C2F2000530EE83
:109CC000011A95ED040ADFEDCB0A05F15C0086ED83
:109CD000301AFCF703FBB7F93E00F0EE400A85EDC1
:109CE000020A00EE100AB8EEC00A05F11400FCF7F3
:109CF000F5FA95ED041AB3EE042AB0EEC11AB4EEEB
:109D0000421AF1EE10FA85ED300A40F3A78500F013
:109D1000A7BD00BF012840F0A38541F23408C2F27C
:109D20000008D8F800004FF4FA7141F2BC26016433
:109D3000C2F2000696ED000A40F60840DFED260A62
:109D4000C2F20000FCF7CAFA41F24447C2F200072F
:109D5000B7F93400F0EE400A86ED020A00EE100A70
:109D600040F65040B8EEC00AC2F20000FCF7B6FA66
:109D70001FED5C1A41F28035C2F2000530EE011A87
:109D800095ED040A5FED600A05F15C0086ED301A7E
:109D9000FCF7A4FAB7F93E00F0EE400A85ED020A9E
:109DA00000EE100AB8EEC00A05F11400FCF796FAAE
:109DB000608A85ED300A012840F0EF846089411CFB
:109DC00088B2C828618100F2C784D8F800004FF437
:109DD0009661816300F0E1BC0080FA4300003443E7
:109DE00000005C43032800F0B580022840F038856D
:109DF00041F2BC25C2F200059FED7E8A95ED040A72
:109E000040F60840C2F20000F0EE480AFCF766FA9D
:109E100041F28036C2F2000696ED041A85ED300A52
:109E200006F15C00B0EE410AF0EE480AFCF756FA83
:109E300041F24440C2F20000B0F93E00F0EE400AA8
:109E400086ED020A00EE100AB8EEC00A06F1140010
:109E5000FCF744FA618986ED300A4A1C90B2830807
:109E60007C2B628100F2148401F2DD50B0E000BF6F
:109E700041F2BC25C2F2000595ED000AD4ED0F0AAF
:109E800040F60840C2F20000FCF728FA41F24446CE
:109E9000C2F20006B6F93400F0EE400A85ED020A7F
:109EA00000EE100A40F65040B8EEC00AC2F20000C0
:109EB000FCF714FA1FEDAD1A41F28037C2F2000729
:109EC00030EE011A97ED040A5FEDB10A07F15C006C
:109ED00085ED301AFCF702FAB6F93E00F0EE400AC2
:109EE00087ED020A00EE100AB8EEC00A07F114006E
:109EF000FCF7F4F9608A87ED300A022800F0368416
:109F0000012840F0AD846089411C88B2B0F5FA7F29
:109F1000618140F2A58441F23401C2F20001096876
:109F20004FF4FA72B0F5FA6F4A6340F29984E0890F
:109F3000E1780130E081481CE070052020720020AB
:109F400060816082BDEC028BBDE8F0810000C842F8
:109F5000000070C241F2BC25C2F200059FED258AC7
:109F600095ED040A40F60840C2F20000F0EE480AFF
:109F7000FCF7B4F941F28036C2F2000696ED041AFD
:109F800085ED300A06F15C00B0EE410AF0EE480AB9
:109F9000FCF7A4F941F24440C2F20000B0F93E00DF
:109FA000F0EE400A86ED020A00EE100AB8EEC00A92
:109FB00006F11400FCF792F9618986ED300A4A1C1B
:109FC00090B283087C2B628100F2888301F2F51045
:109FD00041F23401C2F20001096880B2C863BDECED
:109FE000028BBDE8F08100BF0080BBC40080F0435D
:109FF000004002440000000041F2BC25C2F200050E
:10A0000095ED000A40F60840DFEDAF0A0AE000BF18
:10A0100041F2BC25C2F2000595ED000AD4ED0F0A0D
:10A0200040F60840C2F20000FCF758F941F24447FC
:10A03000C2F20007B7F93400F0EE400A85ED020ADB
:10A0400000EE100A40F65040B8EEC00AC2F200001E
:10A05000FCF744F99FED9D1A41F28036C2F20006EA
:10A0600030EE011A96ED040ADFED990A06F15C0064
:10A0700085ED301AFCF732F9B7F93E00F0EE400AF0
:10A0800086ED020A00EE100AB8EEC00A06F11400CE
:10A09000FCF724F996ED041A1FEDB02A86ED300A7C
:10A0A000B4EE421AF1EE10FAC0F2DA831FEDB40AF0
:10A0B000B4EE401AF1EE10FA00F3D2830420CEE39E
:10A0C00041F2BC25C2F2000595ED000A40F60840B9
:10A0D000DFED7D0AC2F20000FCF700F941F24446D0
:10A0E000C2F20006B6F93400F0EE400A85ED020A2D
:10A0F00000EE100A40F65040B8EEC00AC2F200006E
:10A10000FCF7ECF89FED711A41F28037C2F20007BC
:10A1100030EE011A97ED040A5FED4A0A07F15C0080
:10A1200085ED301AFCF7DAF8B6F93E00F0EE400A99
:10A1300087ED020A00EE100AB8EEC00A07F114001B
:10A14000FCF7CCF8E07887ED300A012840F0EE8289
:10A15000012082E341F2BC25C2F2000595ED000A20
:10A16000D4ED0F0A40F60840C2F20000FCF7B6F842
:10A1700041F24446C2F20006B6F93400F0EE400A5D
:10A1800085ED020A00EE100A40F65040B8EEC00A13
:10A19000C2F20000FCF7A2F89FED4C1A41F28037A2
:10A1A000C2F2000730EE011A97ED040A5FED6F0A64
:10A1B00007F15C0085ED301AFCF790F8B6F93E0027
:10A1C000F0EE400A87ED020A00EE100AB8EEC00A6F
:10A1D00007F11400FCF782F8608987ED300A01303E
:10A1E00081B2B1F57A7F608140F23A8394ED0F0A33
:10A1F0009FEDCF1AB4EE410AF1EE10FA07D09FEDB1
:10A20000CD1AB4EE410AF1EE10FA40F0FD82E17889
:10A21000627AE089002908BF012800F0ED82012957
:10A2200008BF002A00F03483002940F0ED82A178B5
:10A23000012940F0E982012840F0E6820020A07068
:10A240000320A060E0E200BF41F2BC25C2F200059D
:10A2500095ED000AD4ED0F0A40F6084092E000BFE9
:10A2600041F2BC25C2F2000595ED000A40F6084017
:10A27000DFEDEF0AC2F20000FCF730F841F2444093
:10A28000C2F20000B0F93400F0EE400A85ED020A97
:10A2900000EE100A40F65040B8EEC00AC2F20000CC
:10A2A000FCF71CF860899FED091A013030EE010AB5
:10A2B00081B285ED300AB1F5FA6F88BF0020608168
:10A2C000BDEC028BBDE8F0810000A443000016C481
:10A2D0000000484341F2BC25C2F2000595ED040A96
:10A2E0001FEDE61A0020B4EE410AC4F2C830F1EEC8
:10A2F00010FAC5F8C00009DC1FEDEB1A30EE010AB8
:10A30000B2EE041A20EE010A85ED300A41F28036E1
:10A31000C2F2000696ED040A5FEDCA0A06F15C007F
:10A32000FBF7DCFF41F24440C2F20000B0F93E000E
:10A33000F0EE400A86ED020A00EE100AB8EEC00AFE
:10A3400006F11400FBF7CAFF95ED041AB3EE042AD8
:10A35000B4EE421AF1EE10FA86ED300A00F3808274
:10A36000E078012840F07C820020E070082076E24E
:10A3700041F2BC25C2F2000595ED000A40F6084006
:10A380005FED2F0AC2F20000FBF7A8FF41F2444044
:10A39000C2F20000B0F93400F0EE400A85ED020A86
:10A3A00000EE100A40F65040B8EEC00AC2F20000BB
:10A3B000FBF794FF60891FED3B1A411C88B230EE19
:10A3C000010A332885ED300A6181C0F049824EF6DA
:10A3D0006021884224BF15206081A078012840F0C8
:10A3E0003F8200206081A070032038E2607801285D
:10A3F00002D090BB0120607041F24440C2F20000E4
:10A40000B0F9340041F2BC2500EE100AC2F200059A
:10A41000DFEDE80AB8EEC00A05F11400FBF75EFFB5
:10A4200095ED041A9FEDE43A1FED582AB4EE431A55
:10A4300030EE020AF1EE10FA85ED300A0CDB9FEDEA
:10A44000EB0AB4EE401AF1EE10FA05DC0020C4F27B
:10A450005D30E063022020726078022830D141F242
:10A460004440C2F20000B0F9340041F2BC2500EED5
:10A47000100AC2F20005DFEDCF0AB8EEC00A05F1FE
:10A480001400FBF72BFF95ED041A9FEDD93A1FED51
:10A49000712AB4EE431A30EE020AF1EE10FA85ED9D
:10A4A000300A0DDB9FEDD30AB4EE401AF1EE10FA3C
:10A4B00006DC48F20000C4F2FA30E06302202072A9
:10A4C0006078032840F0CC8141F24440C2F20000A1
:10A4D000B0F9340041F2BC2500EE100AC2F20005CA
:10A4E000DFEDB40AB8EEC00A05F11400FBF7F6FE82
:10A4F00095ED041A9FEDE53A1FED8C2AB4EE431A50
:10A5000030EE020AF1EE10FA85ED300AC0F2A881B1
:10A510009FEDE80AB4EE401AF1EE10FA00F3A081C4
:10A5200048F20000C4F2AA30E063022097E100BFC5
:10A5300000005D430080AA4341F2BC25C2F2000541
:10A5400095ED040A9FEDE01A0020B4EE410AC4F232
:10A55000C830F1EE10FAC5F8C00009DC9FEDDB1A37
:10A5600030EE010AB2EE041A20EE010A85ED300A3F
:10A5700041F28036C2F2000696ED040ADFEDD00A01
:10A5800006F15C00FBF7AAFE41F24440C2F2000073
:10A59000B0F93E00F0EE400A86ED020A00EE100A25
:10A5A000B8EEC00A06F11400FBF798FE95ED041A08
:10A5B000B3EE042AB4EE421AF1EE10FA86ED300A38
:10A5C00000F34E8108204AE141F24440C2F200000B
:10A5D000B0F9340041F2BC2500EE100AC2F20005C9
:10A5E000DFEDBD0AB8EEC00A05F11400FBF776FEF8
:10A5F00040F22C109FEDB72AC2F2000090ED001A35
:10A6000030EE022A95ED040ABBEE043A31EE033A2D
:10A61000B4EE430AF1EE10FA85ED302AC0F2208143
:10A62000B3EE042A31EE021AB4EE410A2AE000BF6A
:10A630000080FA4341F24440C2F20000B0F9340015
:10A6400041F2BC2500EE100AC2F20005DFEDA20ABD
:10A65000B8EEC00A05F11400FBF740FE95ED041AB0
:10A660009FED9E3A9FED9B2AB4EE431A30EE020A0C
:10A67000F1EE10FA85ED300AC0F2F2809FED980AF3
:10A68000B4EE401AF1EE10FA00F3EA800220E6E0A0
:10A69000B0F5FA7F00F0E48041F23402C2F2000229
:10A6A00012684FF4FA63A1F2DC51536340F6C4130D
:10A6B00089B21B1AB1F5F97FD36325D9B0F5FA6FCA
:10A6C00040F2CE802179002001296081208200F0B3
:10A6D000F38000293FF43AA9C2E000BFB0F5FA7F49
:10A6E00000F0BE8041F23402C2F2000212684FF460
:10A6F000FA73A1F57A71536340F2DC5389B21B1AE5
:10A70000B1F5F97FD36359D8208A411C00282182F2
:10A7100040F0A68094ED050A9FED6A1A30EE010A1A
:10A7200084ED050ABDEC028BBDE8F0812178084379
:10A7300005D1607A002802BF012020706072A078E5
:10A74000012840F08D800020A07003202081BDEC06
:10A75000028BBDE8F08100BFB0F5C87F0ED8D8F8F5
:10A7600000004FF4E161816317E000BFE089013030
:10A77000E08100206082052071E000BFB0F5167F07
:10A780002AD8208A411C218238B994ED050A9FED10
:10A790004D1A30EE010A84ED050AA08980B2062820
:10A7A0005ED3D8F8000040F2DC5101640020A081A3
:10A7B000052054E00080BBC40000494340F2DD5155
:10A7C00088424DD3617800200329608120827FF682
:10A7D000BDA8E080607042E0A18900202061608116
:10A7E000481CA08180B20628DBD239E0000071430A
:10A7F0000080F04300400244002A7FF410AD0120A5
:10A80000207060720020E0819FED311AB4EE410AA1
:10A81000F1EE10FA24D1E178E089022918BF04286A
:10A820000AD1A278012A10D10022A2700322A260CC
:10A8300001290CD018E000BF627A002A02BF012271
:10A8400022706272A278012AEED001290CD16279BD
:10A8500052B90120002160716181207007202072AF
:10A86000BDEC028BBDE8F0810229F9D16178C0F11D
:10A8700005002070481C6070002007216081217253
:10A88000E070E081BDEC028BBDE8F0810080A04368
:10A89000C0F103006178207000200229E0819CBF94
:10A8A00001316170072160812172E070BDEC028B83
:10A8B000BDE8F0810080B443E0802071CFE700BFA5
:10A8C00000000000000010420000C842000070C2FA
:10A8D0000080FA43000016C40080BBC400009A4305
:10A8E0000000AE4380B5012898BF012001F05CFC58
:10A8F000002080BD80B501F00BFD002080BD000070
:10A90000B0B584B043698E4693B1846984B105893A
:10A91000D0E9001C026928B2843D18BFC51CCDE9EE
:10A92000005360467346029402F048F804B0B0BD8C
:10A930000589D0E90013028A28B2843D18BFC51CDE
:10A9400003AC18467346CDE9005402F007F80399AA
:10A95000012818BF0021084604B0B0BD28B940F254
:10A96000C010C2F20000006810B13430704700BF60
:10A970004FF0500080F31188BFF36F8FBFF34F8FFC
:10A98000FEE700002DE9F04140F2A0358046C2F21A
:10A99000000549F69A1043F6705447F2A307C3F630
:10A9A00019604AF6146143F670524AF2D63340F603
:10A9B0003C26C3F68A74C3F69D7705F12C0CC3F6CA
:10A9C000C761C3F60A72C3F63073C3F657768CE8D4
:10A9D0004F00C5E9104798ED050A9FEDCB3A9FED72
:10A9E000CB1AB5EE400AF1EE10FAC0F283819FED6A
:10A9F000C62AB4EE420AF1EE10FA2FDA40F66016DB
:10AA0000C2F2000696ED0B3A0220B5EE403AF1EEA6
:10AA100010FAE87024D140F26C40C2F2000000212C
:10AA2000016040F27040C2F20000016040F26840F4
:10AA3000C2F2000001604FF44870F7F7E3F84FF0FE
:10AA40007E50F06298ED050A95ED0B2A95ED0C1AF3
:10AA5000B4EE420AF1EE10FA07DA3EE0B0EE432A15
:10AA6000B4EE420AF1EE10FA37DBB4EE410AF1EE31
:10AA700010FA32DA40F66016C2F2000640F20E50CA
:10AA800096ED0C2AC2F200000121017040F2125032
:10AA9000B5EE402AC2F200000321F1EE10FA017077
:10AAA000E9701AD140F26C40C2F20000002101604E
:10AAB00040F27040C2F20000016040F26840C2F211
:10AAC000000001604FF44870F7F79CF84FF07E509B
:10AAD000306398ED050A95ED0C1A95ED0D2AB4EE4C
:10AAE000410AF1EE10FA2CDBB4EE420AF1EE10FA54
:10AAF00027DA40F66016C2F2000696ED0D1A042021
:10AB0000B5EE401AF1EE10FAE8701AD140F26C403E
:10AB1000C2F200000021016040F27040C2F2000069
:10AB2000016040F26840C2F2000001604FF44870DA
:10AB3000F7F768F84FF07E50706398ED050A95EDD1
:10AB40000D2A95ED0E1AB4EE420AF1EE10FA2CDB46
:10AB5000B4EE410AF1EE10FA27DA40F66016C2F2BE
:10AB6000000696ED0E2A0520B5EE402AF1EE10FA09
:10AB7000E8701AD140F26C40C2F20000002101607E
:10AB800040F27040C2F20000016040F26840C2F240
:10AB9000000001604FF44870F7F734F84FF07E5032
:10ABA000B06398ED050A95ED0E1A95ED0F2AB4EEF7
:10ABB000410AF1EE10FA2CDBB4EE420AF1EE10FA83
:10ABC00027DA40F66016C2F2000696ED0F1A06204C
:10ABD000B5EE401AF1EE10FAE8701AD140F26C406E
:10ABE000C2F200000021016040F27040C2F2000099
:10ABF000016040F26840C2F2000001604FF448700A
:10AC0000F7F700F84FF07E50F06398ED050A95EDE8
:10AC10000F2A95ED101AB4EE420AF1EE10FA2CDB71
:10AC2000B4EE410AF1EE10FA27DA40F66016C2F2ED
:10AC3000000696ED102A0720B5EE402AF1EE10FA34
:10AC4000E8701AD140F26C40C2F2000000210160AD
:10AC500040F27040C2F20000016040F26840C2F26F
:10AC6000000001604FF44870F6F7CCFF4FF07E50C3
:10AC7000306498ED050A95ED101A95ED112AB4EEA1
:10AC8000410AF1EE10FA2CDBB4EE420AF1EE10FAB2
:10AC900027DA40F66016C2F2000696ED111A082077
:10ACA000B5EE401AF1EE10FAE8701AD140F26C409D
:10ACB000C2F200000021016040F27040C2F20000C8
:10ACC000016040F26840C2F2000001604FF4487039
:10ACD000F6F798FF4FF07E50706498ED050A95EDF9
:10ACE000112AB4EE420AF1EE10FAA4BF0A20E8706D
:10ACF000BDE8F081B0EE432AB4EE420AF1EE10FA5C
:10AD0000BFF6B3AEE9E600BF9A99193E14AEC73E4E
:10AD1000F0B581B040F2C014C2F200040E46676A7A
:10AD200021680546081D01F0CFF818B1681C0CD049
:10AD300016E000BF20680121C06A626801FA00F0D5
:10AD400022EA00006060681C0AD14EB154F8500B32
:10AD5000011D204601B0BDE8F04001F017B900BF69
:10AD60002068ED19456007D3606B2168043101B09C
:10AD7000BDE8F04001F0D8B8206B2168043101F043
:10AD8000D3F8206A854238BF256201B0F0BD0000CB
:10AD90002DE9F041044601F011F940F2C016C2F26B
:10ADA0000006306941F2E055013030613068C2F28E
:10ADB000000548B17069002840D13068E16AC06A76
:10ADC000884298BF346039E034603069012835D159
:10ADD000284601F099F805F1140001F095F805F105
:10ADE000280001F091F805F13C0001F08DF805F123
:10ADF000500001F089F805F1640001F085F805F1D3
:10AE0000780001F081F840F26458C2F20008404630
:10AE100001F07AF808F11407384601F075F806F1E8
:10AE2000640001F071F806F13C0001F06DF806F1E4
:10AE3000500001F069F8C6F8308077637068B16837
:10AE400001220131B160E16A8A401043706001EB78
:10AE5000810005EB8000211D01F098F801F0D2F887
:10AE6000706988B13068E16AC06A884228BFBDE86D
:10AE7000F0814EF60450CEF200004FF08051016098
:10AE8000BFF34F8FBFF36F8FBDE8F08140F2C01565
:10AE900041F2E0564EF60458C2F20005C2F2000636
:10AEA000CEF200084FF0805703E000BF204601F0CB
:10AEB000C1F8E868D0B101F081F8A86CC468201D21
:10AEC00001F002F8286901382861E8680138E86073
:10AED00001F098F894F851000228EAD00128E5D052
:10AEE00070B9206B01F0A6F8E0E700BF30680228D7
:10AEF000DFD3C8F80070BFF34F8FBFF36F8FD8E771
:10AF00004FF0500080F31188BFF36F8FBFF34F8F66
:10AF1000FEE700002DE9F047DDE909878246386B3E
:10AF2000089C00EB820004389946002920F00706AF
:10AF300044D0087887F83400D8B3487887F83500CB
:10AF4000B8B3887887F8360098B3C87887F83700A0
:10AF500078B3087987F8380058B3487987F839000A
:10AF600038B3887987F83A0018B3C87987F83B0076
:10AF7000F8B1087A87F83C00D8B1487A87F83D00E4
:10AF8000B8B1887A87F83E0098B1C87A87F83F0050
:10AF900078B1087B87F8400058B1487B87F84100BA
:10AFA00038B1887B87F8420000281CBFC87B87F82F
:10AFB0004300002087F8430003E000BF002087F82B
:10AFC00034000025381D062C28BF0624FC62C7E982
:10AFD000114500F0A5FF07F1180000F0A1FF84F073
:10AFE0000700B861304651464A463F617F62FD64C2
:10AFF00087F8505000F030F9B8F1000F386018BFF2
:10B00000C8F80070BDE8F08708480068006880F361
:10B0100008884FF0000080F3148862B661B6BFF371
:10B020004F8FBFF36F8F00DF00BF000008ED00E01F
:10B0300081B00020009040F23010C2F200000068A1
:10B040004FF0500181F31188BFF36F8FBFF34F8F23
:10B05000013007D0FEE700BF009830B9009820B952
:10B06000009810B900980028F6D001B07047000091
:10B0700070B5044601F0B2F940F2382CC2F2000C6F
:10B08000DCF8042012B19CF8000020E041F21070BE
:10B09000C2F20000420700F5705200F1070122F0F1
:10B0A000070218BF21F007000021A2F10803CCE934
:10B0B0000601CCF8043042E90211DCF80420191A28
:10B0C000C0E900210120CCE902118CF80000002524
:10B0D000002C4FF0000148BF01215AD0084058D140
:10B0E00024F0070000F11003600708BF04F1080313
:10B0F000DCF80800591E81424BD2604650F818EF28
:10B10000DEF804509D422CD2DEF80010C1B1744626
:10B110004D689D4218D20E68B6B175689D4217D22F
:10B120003068A8B145689D4216D20468A4B165682C
:10B130009D4215D22168A6460029E9D111E000BF41
:10B140000CF118000DE000BF8E46204609E000BF5C
:10B15000B646084605E000BF8646304601E000BF1F
:10B16000A646964514D00268DEF80040E91A112977
:10B1700004604FD30EEB0305680719D04FF0500061
:10B1800080F31188BFF36F8FBFF34F8FFEE700BFCF
:10B19000002502F077FC68075CD04FF0500080F388
:10B1A0001188BFF36F8FBFF34F8F00BFFEE700BF63
:10B1B0000CF118006960CEF8043000BF0168A942A4
:10B1C0000AD20868A8420BD20168A94204D20868D2
:10B1D0000B46A842F2D304E00346084601E000BF54
:10B1E0000B465C6869681E19AE4202D121441D46B7
:10B1F00059606C18844201D0044607E0DCF8044032
:10B20000A04203D0D0E9004008446860AB422C6003
:10B2100018BF1D60DEF80400DCE9021302F1080526
:10B22000091A9942CCF8081038BFCCF80C109CF8D9
:10B23000001000294FF0000118BF40F00040CEE997
:10B240000010DCF810000130CCF8100002F01AFCFD
:10B250006807A2D1284670BD03464BF2310021F0A9
:10B260000101C0F600004FF0807C03E903106FF08D
:10B270000201A3F1440043E90912704782B041F290
:10B280008460C2F2000000F1600100F1180900F1D1
:10B29000300A00F1480B40F22830C2F2000000F101
:10B2A000140800F12C0500F1440600F15C0701913F
:10B2B00003E000BF012000F077FFFEF71DFA40F227
:10B2C0002810C2F20000007850B141F26C64404690
:10B2D000294632463B46C2F20004009400F014F8BE
:10B2E00040F2A030C2F2000000780028E2D041F223
:10B2F0008460019CC2F20000494652465B460094BD
:10B3000000F002F8D6E700002DE9F04F81B02DEDF6
:10B31000088B82B007464069CDE90023884603F0D8
:10B32000E3FF0646D8F81400894603F0DDFF9FEDE1
:10B33000AA0B54EC105B2A46234603F0E9FD824633
:10B340008B46304649462A46234603F0E1FD5246E5
:10B35000DDF804A05B46DDF800B003F0BDFB064657
:10B36000DBF81400894603F0BFFF2A46234603F0AA
:10B37000CFFD32464B4603F0AFFB0646DAF8140029
:10B38000894603F0B1FF2A46234603F0C1FD324649
:10B390004B4603F0A1FB03F06DFB149940F220151E
:10B3A000C2F200054861286803F09EFF9FED8C0BF8
:10B3B00054EC109B4A46234603F0AAFD03F05AFBC7
:10B3C00038610020FDF7EEFD008800EE100AB8EEAF
:10B3D000400A002087ED000AFDF7E4FDB0F90800FF
:10B3E00097ED001A00EE100AB8EEC02A9FED7E9A83
:10B3F00031EE421A9FED7DAA97ED030AB4EE491A89
:10B4000087ED012A87ED021AF1EE10FAB7EE008AF5
:10B41000BCBF30EE080A87ED030AB4EE4A1AF1EE1B
:10B4200010FAC4BF30EE080A87ED030A97ED041A3C
:10B430009FED6FBA20EE010A80EE0B0A286887EDB7
:10B44000050A03F051FF4A46234603F061FD03F06D
:10B4500011FBC8F810000120FDF7A4FD008800EEE4
:10B46000100AB8EE400A012088ED000AFDF79AFDA7
:10B47000B0F9080098ED001A00EE100AB8EEC02AE4
:10B4800031EE421A98ED030AB4EE491A88ED012A0A
:10B49000F1EE10FA88ED021ABCBF30EE080A88ED12
:10B4A000030AB4EE4A1AF1EE10FAC4BF30EE080AED
:10B4B00088ED030A98ED041A286820EE010A80EE50
:10B4C0000B0A88ED050A03F00FFF4A46234603F0F6
:10B4D0001FFD03F0CFFACBF810000220FDF762FD4C
:10B4E000008800EE100AB8EE400A02208BED000A38
:10B4F000FDF758FDB0F908009BED001A00EE100AA8
:10B50000B8EEC02A31EE421A9BED030AB4EE491A96
:10B510008BED012AF1EE10FA8BED021ABCBF30EE72
:10B52000080A8BED030AB4EE4A1AF1EE10FAC4BF12
:10B5300030EE080A8BED030A9BED041A286820EE12
:10B54000010A80EE0B0A8BED050A03F0CDFE4A4698
:10B55000234603F0DDFC03F08DFACAF81000032047
:10B56000FDF720FD008800EE100AB8EE400A032027
:10B570008AED000AFDF716FDB0F908009AED001AF1
:10B5800000EE100AB8EEC02A31EE421A9AED030A14
:10B59000B4EE491A8AED012AF1EE10FA8AED021A88
:10B5A000BCBF30EE080A8AED030AB4EE4A1AF1EE87
:10B5B00010FAC4BF30EE080A8AED030A9AED041AA5
:10B5C00020EE010A80EE0B0A8AED050A02B0BDECFE
:10B5D000088B01B0BDE8F08F000000000000D03FF4
:10B5E0004AD8124DFB211940000080C5000080455B
:10B5F00000001042B0B582B00B2800F28F80DFE867
:10B6000000F01107436D1B391107071B7D7D00BF3B
:10B6100040F22010C2F2000090ED000A9FED4F1A98
:10B6200086E000BF40F22010C2F2000090ED000A58
:10B630009FED4B1A08E000BF40F22010C2F200005C
:10B6400090ED000A9FED451A81EE000A40F26C4031
:10B65000C2F200000021016040F26840C2F2000026
:10B66000016040F27040C2F2000080ED000A02B0BA
:10B67000B0BD00BF40F22010C2F2000090ED000A01
:10B680009FED371A54E000BF40F22810C2F20000CC
:10B690000022027040F2A030C2F2000001220270CB
:10B6A00041F28460C2F2000000F1180C00F1600465
:10B6B00000F1300200F148030D4661460094FFF7A7
:10B6C00023FE2046FFF75EF9A81E082826D8DFE8EB
:10B6D00000F02705050505052727150040F27040F5
:10B6E000C2F200000021016040F26840C2F2000096
:10B6F000016040F26C40C2F200000EE040F26C408B
:10B70000C2F200000021016040F27040C2F200006D
:10B71000016040F26840C2F20000016002B0B0BDBA
:10B7200040F22010C2F2000090ED000A9FED0D1AC9
:10B7300040F27040C2F200000021016040F2684017
:10B74000C2F20000016040F26C4081EE000AC2F2D9
:10B75000000080ED000A02B0B0BD00BFD091C33E32
:10B76000D091C3BED091433E2DE9F04381B08046D5
:10B7700040F2A0394EF6853044F2AE71C2F20009B3
:10B78000C3F65170C4F2210143F670564DF20A74AB
:10B7900041F6B8674BF65205C9E901014BF6520074
:10B7A0004BF65201C4F2AA06C4F2E304C4F2051730
:10B7B000C4F21E15C4F23E10C4F24E11C9E905646C
:10B7C000C9E90775C9E9090198ED050A47F6E122BB
:10B7D00043F67053B5EE400AC4F25402C4F28A0331
:10B7E000F1EE10FAC9F80C20C9F810302DDB9FEDEE
:10B7F000441AB4EE410AF1EE10FA26DA40F660106F
:10B80000C2F2000090ED001A0021B5EE401AF1EEF0
:10B8100010FA89F8021018D140F2DC51C2F200018E
:10B8200091ED001A4FF07E519FED362A016040F2F3
:10B83000A86031EE021AC2F2000080ED001A40F258
:10B840007440C2F2000080ED001A9FED2D2A9FED9A
:10B850002E3A9FED2E1AB4EE420AF1EE10FAC0F223
:10B86000F3829FED292AB4EE420AF1EE10FA4FDA84
:10B8700040F66016C2F2000696ED013A0120B5EEE0
:10B88000403AF1EE10FA89F8020043D140F26C40E0
:10B89000C2F200000021016040F27040C2F20000DC
:10B8A000016040F26840C2F2000001604FF448704D
:10B8B000F6F7A8F940F2DC50C2F2000090ED000A61
:10B8C0009FED101A40F2A86030EE010AC2F20000AB
:10B8D00080ED010A40F27440C2F2000080ED000ADF
:10B8E00098ED050A99ED022A99ED031A4FF07E5062
:10B8F0007060B4EE420AF1EE10FA10DA53E000BFC5
:10B9000085EB513F00003443AE472140E17A54407B
:10B91000B0EE432AB4EE420AF1EE10FA43DBB4EE85
:10B92000410AF1EE10FA3EDA40F66016C2F2000665
:10B9300096ED022A0220B5EE402AF1EE10FA89F8BF
:10B94000020030D140F26C40C2F2000000210160E0
:10B9500040F27040C2F20000016040F26840C2F262
:10B96000000001604FF44870F6F74CF940F2DC50EB
:10B97000C2F2000090ED000A1FED1E1A40F2A8600E
:10B9800030EE010AC2F2000080ED020A40F274407B
:10B99000C2F2000080ED000A98ED050A99ED031A45
:10B9A0004FF07E50B06099ED042AB4EE410AF1EEFA
:10B9B00010FA43DBB4EE420AF1EE10FA3EDA40F63A
:10B9C0006016C2F2000696ED031A0320B5EE401A87
:10B9D000F1EE10FA89F8020030D140F26C40C2F268
:10B9E00000000021016040F27040C2F200000160DE
:10B9F00040F26840C2F2000001604FF44870F6F770
:10BA000001F940F2DC50C2F2000090ED000A1FED97
:10BA1000431A40F2A86030EE010AC2F2000080ED45
:10BA2000030A40F27440C2F2000080ED000A98ED73
:10BA3000050A99ED042A4FF07E50F06099ED051A41
:10BA4000B4EE420AF1EE10FA43DBB4EE410AF1EE35
:10BA500010FA3EDA40F66016C2F2000696ED042AAD
:10BA60000420B5EE402AF1EE10FA89F8020030D138
:10BA700040F26C40C2F200000021016040F27040D0
:10BA8000C2F20000016040F26840C2F200000160B2
:10BA90004FF44870F6F7B6F840F2DC50C2F20000FE
:10BAA00090ED000A9FEDED1A40F2A86030EE010A19
:10BAB000C2F2000080ED040A40F27440C2F20000BD
:10BAC00080ED000A98ED050A99ED051A4FF07E50B9
:10BAD000306199ED062AB4EE410AF1EE10FA43DB2B
:10BAE000B4EE420AF1EE10FA3EDA40F66016C2F207
:10BAF000000696ED051A0520B5EE401AF1EE10FA93
:10BB000089F8020030D140F26C40C2F200000021FE
:10BB1000016040F27040C2F20000016040F26840F3
:10BB2000C2F2000001604FF44870F6F76BF840F283
:10BB3000DC50C2F2000090ED000A4FF07E509FED05
:10BB4000C71A706140F2A86030EE011AC2F200001C
:10BB500080ED051A40F2744098ED050A99ED062A29
:10BB6000C2F2000080ED001A99ED071AB4EE420A05
:10BB7000F1EE10FA43DBB4EE410AF1EE10FA3EDAD0
:10BB800040F66016C2F2000696ED062A0620B5EED3
:10BB9000402AF1EE10FA89F8020030D140F26C40F0
:10BBA000C2F200000021016040F27040C2F20000C9
:10BBB000016040F26840C2F2000001604FF448703A
:10BBC000F6F720F840F2DC50C2F2000090ED000AD7
:10BBD0004FF07E509FEDA11AB06140F2A86030EEA8
:10BBE000012AC2F2000080ED062A40F2744098ED6E
:10BBF000050A99ED071AC2F2000080ED002A99EDBE
:10BC0000082AB4EE410AF1EE10FA43DBB4EE420A20
:10BC1000F1EE10FA3EDA40F66016C2F2000696ED3A
:10BC2000071A0720B5EE401AF1EE10FA89F8020063
:10BC300030D140F26C40C2F200000021016040F2BD
:10BC40007040C2F20000016040F26840C2F20000A1
:10BC500001604FF44870F5F7D5FF40F2DC50C2F2B6
:10BC6000000090ED000A4FF07E509FED7C1AF061CD
:10BC700040F2A86030EE011AC2F2000080ED071A0F
:10BC800040F2744098ED050A99ED082AC2F20000CE
:10BC900080ED001A99ED091AB4EE420AF1EE10FA9D
:10BCA00043DBB4EE410AF1EE10FA3EDA40F66016DC
:10BCB000C2F2000696ED082A0820B5EE402AF1EE01
:10BCC00010FA89F8020030D140F26C40C2F2000054
:10BCD0000021016040F27040C2F20000016040F2B9
:10BCE0006840C2F2000001604FF44870F5F78AFF27
:10BCF00040F2DC50C2F2000090ED000A4FF07E509E
:10BD00009FED561A306240F2A86030EE012AC2F26E
:10BD1000000080ED082A40F2744098ED050A99ED84
:10BD2000091AC2F2000080ED002A99ED0A2AB4EE49
:10BD3000410AF1EE10FA43DBB4EE420AF1EE10FADA
:10BD40003EDA40F66016C2F2000696ED091A0920A6
:10BD5000B5EE401AF1EE10FA89F8020030D140F247
:10BD60006C40C2F200000021016040F27040C2F25B
:10BD70000000016040F26840C2F2000001604FF430
:10BD80004870F5F73FFF40F2DC50C2F2000090ED42
:10BD9000000A4FF07E509FED311A706240F2A860A9
:10BDA00030EE011AC2F2000080ED091A40F2744030
:10BDB00098ED050A99ED0A2AC2F2000080ED001AFA
:10BDC000B4EE420AF1EE10FA3ADB40F66014C2F229
:10BDD000000494ED0A0A0A20B5EE400AF1EE10FACA
:10BDE00089F802002CD140F26C40C2F20000002120
:10BDF000016040F27040C2F20000016040F2684011
:10BE0000C2F2000001604FF44870F5F7FBFE40F20B
:10BE1000DC50C2F2000090ED000A4FF07E509FED22
:10BE20000F1AA06240F2A86030EE010AC2F20000D0
:10BE300080ED0A0A40F27440C2F2000080ED000A70
:10BE400001B0BDE8F08300BFB0EE432AB4EE420A71
:10BE5000F1EE10FABFF663ADA5E500BF0000344374
:10BE600070B50D46044600F0A9F840F2C016C2F2C3
:10BE700000063068C06C90B93068012180F850101D
:10BE80006DB12846FEF744FF4EF60450CEF2000096
:10BE90004FF080510160BFF34F8FBFF36F8F00F001
:10BEA000B1F800F08BF83068C56C2DB13168002016
:10BEB000002C08BF681EC8643068002180F850104C
:10BEC00000F0A0F8284670BD0169D0E90132D1F830
:10BED00004C09A608445536008BF4A600022026132
:10BEE00008680138086008687047000045F214537C
:10BEF000C2F20003036045F21430C2F20000086091
:10BF000080201060704700004FF0FF31024642F879
:10BF1000081F00214260C0E9032201607047000051
:10BF2000002101617047000010B5D1F800C01CF17C
:10BF3000010213D000F1080462681368634511D848
:10BF400053681C68644511D85A68146864450FD852
:10BF500054682368A6466345EED90BE00269D2F81F
:10BF600004E007E09646224604E000BF9E4601E05A
:10BF700096461A46C1F804E0CEF808108A6051606F
:10BF8000086101680131016010BD0000D0F800C0F7
:10BF9000436808619A68C1E90132516099600CF107
:10BFA0000101016070470000DFF80C00016841F4F6
:10BFB000700101607047000088ED00E04FF0500014
:10BFC00080F31188BFF36F8FBFF34F8F40F23010B3
:10BFD000C2F2000001684A1C026009B1704700BF4C
:10BFE0004EF60450CEF200000068000608BF70470D
:10BFF0004FF0500080F31188BFF36F8FBFF34F8F66
:10C00000FEE7000040F23010C2F20000016839B1D2
:10C010000139016018BF7047002080F31188704714
:10C020004FF0500080F31188BFF36F8FBFF34F8F35
:10C03000FEE7000070B5002808BF70BD40F238244C
:10C04000C2F20004217850F8042C002918BF4FF0E8
:10C05000004111420ED0A0F108052B68A3B14FF0AA
:10C06000500080F31188BFF36F8FBFF34F8F00BF75
:10C07000FEE700BF4FF0500080F31188BFF36F8FD1
:10C08000BFF34F8FFEE700BF22EA010140F8041C16
:10C09000064600F0A3F956F8040CA1680144A1601B
:10C0A00004F118010B68AB420AD21968A94213D2F5
:10C0B0000B68AB4204D219681A46A942F2D301E0D8
:10C0C0000A4619465368D618AE420AD02B188B423E
:10C0D0000DD00B4612E000BF1A465368D618AE4288
:10C0E000F4D11844154650602B188B42F1D1636887
:10C0F000994203D0D1E9003108446860AA422B601C
:10C1000018BF1560606901306061BDE8704001F0E2
:10C11000B9BC00004EF21000CEF200000021016018
:10C12000816040F2E401C2F20001096844F6D35292
:10C13000C1F26202A1FB02124FF0FF3101EB92113A
:10C14000416007210160704740F25820EFF30581FC
:10C150001029C2F2000011D34EF2F032CEF20002EA
:10C16000895C0278914209D24FF0500080F3118827
:10C17000BFF36F8FBFF34F8FFEE700BF4EF60C513A
:10C18000CEF200010968406801F4E061814298BF85
:10C1900070474FF0500080F31188BFF36F8FBFF3EB
:10C1A0004F8F00BFFEE7000070B500283FD040F27F
:10C1B000C014C2F20004A16951B14FF0500080F3E5
:10C1C0001188BFF36F8FBFF34F8F00BFFEE700BF33
:10C1D0000546A0690130A061666A20680430FFF757
:10C1E00073FE48B12068AD19456012D3606B2168B9
:10C1F0000431FFF799FE15E020680121C06A6268EA
:10C2000001FA00F022EA000060602068AD19456084
:10C21000ECD2206B21680431FFF786FE206A85424C
:10C2200038BF256201F02EFC002818BF70BD4EF605
:10C230000450CEF200004FF080510160BFF34F8FE9
:10C24000BFF36F8F70BD00002DE9F04120B30446AD
:10C250000F46FFF779FFEFF311864FF0500080F3A0
:10C260001188BFF36F8FBFF34F8F022194F85000F6
:10C2700084F85010E16C012801F10101E16442D120
:10C28000A06A98B14FF0500080F31188BFF36F8F10
:10C29000BFF34F8FFEE700BF4FF0500080F31188CF
:10C2A000BFF36F8FBFF34F8FFEE700BF40F2C015A3
:10C2B000C2F20005A86928B104F1180105F1640073
:10C2C00014E000BF04F104084046FFF7FDFDE06AFA
:10C2D00001216A6881401143696041F2E05100EB3D
:10C2E0008000C2F2000101EB80004146FFF74EFEE4
:10C2F000E06A2968C96A884205D9002F1CBF01205D
:10C3000038600120A86286F31188BDE8F081000042
:10C31000B0B588B00020CDE9050006A805A904AA9B
:10C32000FFF7E4FD0598B8B3069C002C3ED05421DD
:10C33000049A07910799542942D107992063022052
:10C3400084F8510007A80025CDE900504AF68D6019
:10C35000C0F600001FA100230294FEF7DBFD20467B
:10C36000FEF716FD079940F2C010C2F20000C1614D
:10C3700079B14FF0500181F31188BFF36F8FBFF394
:10C380004F8F4FF0FF31016201214161456200F0A2
:10C3900021FA08B0B0BD00BF4FF0500080F3118803
:10C3A000BFF36F8FBFF34F8FFEE700BF4FF050001A
:10C3B00080F31188BFF36F8FBFF34F8FFEE700BF8D
:10C3C0004FF0500080F31188BFF36F8FBFF34F8F92
:10C3D000FEE700BF49444C450000000040F2C01099
:10C3E000C2F20000816901318161704740F2C010E2
:10C3F000C2F20000816900291EBF012181627047DD
:10C40000002181624168B1FA81F1C9B2C1F11F0115
:10C4100041F2E05201EB8101C2F2000252F82130F8
:10C4200063B102EB8102516802F108034968994245
:10C4300051600DD0C9680160704700BF4FF05000D7
:10C4400080F31188BFF36F8FBFF34F8FFEE700BFFC
:10C4500049685160C9680160704700000000000031
:10C460002DE9F04F81B02DED088B0020FCF79AFDEF
:10C47000008840F2F43500EE100AB8EE400AC2F22D
:10C480000005002085ED000AFCF78CFDB0F90800DE
:10C4900095ED001A00EE100AB8EEC00A9FEDC88AAA
:10C4A00031EE402AB4EE482AF1EE10FA85ED010A89
:10C4B00085ED022A0FDA9FEDC33A9FEDC35A33EEA2
:10C4C000404A34EE014A84EE033A85ED034A23EEF6
:10C4D000053A85ED043A9FEDBD9AB4EE492AF1EE96
:10C4E00010FA11DD9FEDB72A32EE411A31EE001A33
:10C4F00081EE020A9FEDB42A85ED031A20EE020AAE
:10C5000085ED040A02E000BF95ED040A9FEDAEAA96
:10C510009FEDAFBA80EE0A0A95ED061A4CF2601450
:10C52000C3F6DA340120EC6120EE0B0A85ED050A32
:10C5300030EE010A85ED060AFCF734FD008800EEB6
:10C54000100AB8EE400A012085ED080AFCF72AFD22
:10C55000B0F9080095ED081A00EE100AB8EEC00A0E
:10C5600031EE402AB4EE482AF1EE10FA85ED090AC0
:10C5700085ED0A2A0DDA9FED933A33EE404A34EE08
:10C58000014A84EE033A85ED0B4A23EE0A3A85ED23
:10C590000C3AB4EE492AF1EE10FA0FDD9FED892A2C
:10C5A00032EE411A31EE001A81EE020A85ED0B1AC5
:10C5B00020EE0A0A85ED0C0A02E000BF95ED0C0A98
:10C5C00080EE0A0A95ED0E1A0220EC6320EE0B0AAB
:10C5D00085ED0D0A30EE010A85ED0E0AFCF7E2FC4E
:10C5E000008800EE100AB8EE400A022085ED100A1D
:10C5F000FCF7D8FCB0F9080095ED101A00EE100A0F
:10C60000B8EEC00A31EE402AB4EE482AF1EE10FA34
:10C6100085ED110A85ED122A0DDA9FED6A3A33EEA7
:10C62000404A34EE014A84EE033A85ED134A23EE84
:10C630000A3A85ED143AB4EE492AF1EE10FA0FDD0C
:10C640009FED602A32EE411A31EE001A81EE020AA5
:10C6500085ED131A20EE0A0A85ED140A02E000BFE8
:10C6600095ED140A80EE0A0A95ED161A0320EC6582
:10C6700020EE0B0A85ED150A30EE010A85ED160A4B
:10C68000FCF790FC008840F2CC4B00EE100AB8EEAC
:10C69000400AC2F2000B03208BED000AFCF782FC7B
:10C6A000B0F908009BED001A00EE100AB8EEC00ABF
:10C6B00031EE402AB4EE482AF1EE10FA8BED010A71
:10C6C0008BED022A0DDA9FED3F3A33EE404A34EE0D
:10C6D000014A84EE033A8BED034A23EE0A3A8BEDCE
:10C6E000043AB4EE492AF1EE10FA0FDD9FED352A37
:10C6F00032EE411A31EE001A81EE020A8BED031A76
:10C7000020EE0A0A8BED040A02E000BF9BED040A4A
:10C7100080EE0A0A9BED061AA869CBF81C40AC6BA8
:10C72000D5F8588020EE0B0A30EE018A8BED050A11
:10C730008BED068A02F0D8FD82462046894602F03B
:10C74000D3FD9FED1D0B54EC105B2A46234602F0EF
:10C75000DFFB06460F46504649462A46234602F06E
:10C76000D7FB32463B4602F0B7F9064640460F4635
:10C7700002F0BAFD2A46234602F0CAFB32463B4687
:10C7800002F0AAF9064618EE100A0F4602F0ACFDB8
:10C790002A46234602F0BCFB32463B4602F09CF997
:10C7A00002F068F9CBF83800BDEC088B01B0BDE8A9
:10C7B000F08F00BF00BF00BF000000000000D03FAE
:10C7C000000080C500F8FF450000B443000080452C
:10C7D00060C1DA3BB0B584B04EF2004CCEF2000C32
:10C7E0004CF27021C4F20F11DCF800294B1C9A4264
:10C7F0000AD14FF0500080F31188BFF36F8FBFF361
:10C800004F8F00BFFEE700BFDCF800298A4209D144
:10C810004FF0500080F31188BFF36F8FBFF34F8F3D
:10C82000FEE700BF9CF800100291FF218CF8001079
:10C830009CF800108DF807109DF8071001F05002C9
:10C8400040F25821C2F200010A7007224A609DF9A5
:10C850000720B2F1FF3F6BDC032200BFD31C4B600B
:10C860009DF8070040008DF807009DF90700B0F122
:10C87000FF3F24DC931C4B609DF8070040008DF8BF
:10C8800007009DF90700B0F1FF3F18DC531C4B6017
:10C890009DF8070040008DF807009DF90700B0F1F2
:10C8A000FF3F0CDC4A609DF80700043A40008DF819
:10C8B00007009DF90700B0F1FF3FCFDD131D032BEB
:10C8C00036D14FF44070486002988CF80000DCF8D4
:10C8D000200940F47000CCF82009DCF8200940F071
:10C8E0007040CCF82009FFF715FC40F23014C2F27A
:10C8F000000400252560FFF757FB4EF63470CEF29A
:10C900000000016841F040410160FEF77DFBFFF748
:10C910006DFD039520684FF0500181F31188BFF33E
:10C920006F8FBFF34F8F013012D000BFFEE700BF03
:10C930004FF0500080F31188BFF36F8FBFF34F8F1C
:10C94000FEE700BF039830B9039820B9039810B9E7
:10C9500003980028F6D0002004B0B0BD2DE9F041C6
:10C9600084B007469000984615460E46FEF780FBB9
:10C97000F8B104465420FEF77BFBB8B1DDE90A218B
:10C980000023046380F85130CDE900210446384685
:10C9900031462A4643460294FEF7BCFA2046FEF78B
:10C9A000F7F9012004B0BDE8F08100BF2046FFF791
:10C9B00041FB4FF0FF3004B0BDE8F08170B586B0A8
:10C9C0000B9CCCB10C9E0EB354250495049D542DA4
:10C9D00026D1049DDDF828C0022586F8515005AD0A
:10C9E0003463CDE900C50296FEF794FA3046FEF7AF
:10C9F000CFF9059806B070BD4FF0500080F3118854
:10CA0000BFF36F8FBFF34F8FFEE700BF4FF05000B3
:10CA100080F31188BFF36F8FBFF34F8FFEE700BF26
:10CA20004FF0500080F31188BFF36F8FBFF34F8F2B
:10CA3000FEE700002DE9F04381B08146F3F7C2FC28
:10CA4000102809D34FF0500080F31188BFF36F8F87
:10CA5000BFF34F8FFEE700BF40F2C01CC2F2000CD4
:10CA6000DCF8180041F2E0580130CCF81800C2F2AE
:10CA70000008D8F87800002800F0A780D8F87C10CB
:10CA800008F180034A68D8F884009A4208BF024639
:10CA9000D16800BF52689A4208BF0246C8F87C209D
:10CAA000D56899F8006095F83470B74240F08680F8
:10CAB000002F2C4600F0838095F8357099F80160BE
:10CAC000B7427BD1002F2C4679D095F8367099F873
:10CAD0000260B74272D1002F2C4670D095F83770A3
:10CAE00099F80360B74269D1002F2C4667D095F8BA
:10CAF000387099F80460B74260D1002F2C465ED0A0
:10CB000095F8397099F80560B74257D1002F2C4637
:10CB100055D095F83A7099F80660B7424ED1002F7B
:10CB20002C464CD095F83B7099F80760B74245D138
:10CB3000002F2C4643D095F83C7099F80860B74216
:10CB40003CD12C46DFB395F83D7099F80960B742A7
:10CB500034D12C469FB395F83E7099F80A60B742DD
:10CB60002CD12C465FB395F83F7099F80B60B74213
:10CB700024D12C461FB395F8407099F80C60B74249
:10CB80001CD12C46DFB195F8417099F80D60B74281
:10CB900014D12C469FB195F8427099F80E60B742B7
:10CBA0000CD12C465FB195F8437099F80F60B742ED
:10CBB00004D12C46002F18BF002400E00024002CD4
:10CBC00040F0BF868D427FF465AFD8F8640000283E
:10CBD00000F0A780D8F8681008F16C034A68D8F80C
:10CBE00070009A4208BF0246D16800BF52689A425C
:10CBF00008BF0246C8F86820D76899F8005097F82F
:10CC00003460AE4240F08680002E3C4600F08380C7
:10CC100097F8356099F80150AE427BD1002E3C4622
:10CC200079D097F8366099F80250AE4272D1002E52
:10CC30003C4670D097F8376099F80350AE4269D1FE
:10CC4000002E3C4667D097F8386099F80450AE4201
:10CC500060D1002E3C465ED097F8396099F80550B7
:10CC6000AE4257D1002E3C4655D097F83A6099F81D
:10CC70000650AE424ED1002E3C464CD097F83B6059
:10CC800099F80750AE4245D1002E3C4643D097F864
:10CC90003C6099F80850AE423CD13C46DEB397F870
:10CCA0003D6099F80950AE4234D13C469EB397F8A6
:10CCB0003E6099F80A50AE422CD13C465EB397F8DC
:10CCC0003F6099F80B50AE4224D13C461EB397F812
:10CCD000406099F80C50AE421CD13C46DEB197F84A
:10CCE000416099F80D50AE4214D13C469EB197F880
:10CCF000426099F80E50AE420CD13C465EB197F8B6
:10CD0000436099F80F50AE4204D13C46002E18BF44
:10CD1000002400E00024002C40F013868F427FF4B2
:10CD200065AFD8F85000002800F0A780D8F854105C
:10CD300008F158034A68D8F85C009A4208BF0246D6
:10CD4000D16800BF52689A4208BF0246C8F8542012
:10CD5000D66899F8005096F83470AF4240F086805B
:10CD6000002F344600F0838096F8357099F8015012
:10CD7000AF427BD1002F344679D096F8367099F8BF
:10CD80000250AF4272D1002F344670D096F83770FF
:10CD900099F80350AF4269D1002F344667D096F816
:10CDA000387099F80450AF4260D1002F34465ED0FD
:10CDB00096F8397099F80550AF4257D1002F344694
:10CDC00055D096F83A7099F80650AF424ED1002FE0
:10CDD00034464CD096F83B7099F80750AF4245D195
:10CDE000002F344643D096F83C7099F80850AF4273
:10CDF0003CD13446DFB396F83D7099F80950AF4204
:10CE000034D134469FB396F83E7099F80A50AF4239
:10CE10002CD134465FB396F83F7099F80B50AF426F
:10CE200024D134461FB396F8407099F80C50AF42A5
:10CE30001CD13446DFB196F8417099F80D50AF42DD
:10CE400014D134469FB196F8427099F80E50AF4213
:10CE50000CD134465FB196F8437099F80F50AF4249
:10CE600004D13446002F18BF002400E00024002C19
:10CE700040F067858E427FF465AFD8F83C0000280B
:10CE800000F0A780D8F8401008F144034A68D8F8A9
:10CE900048009A4208BF0246D16800BF52689A42D1
:10CEA00008BF0246C8F84020D76899F8005097F8A4
:10CEB0003460AE4240F08680002E3C4600F0838015
:10CEC00097F8356099F80150AE427BD1002E3C4670
:10CED00079D097F8366099F80250AE4272D1002EA0
:10CEE0003C4670D097F8376099F80350AE4269D14C
:10CEF000002E3C4667D097F8386099F80450AE424F
:10CF000060D1002E3C465ED097F8396099F8055004
:10CF1000AE4257D1002E3C4655D097F83A6099F86A
:10CF20000650AE424ED1002E3C464CD097F83B60A6
:10CF300099F80750AE4245D1002E3C4643D097F8B1
:10CF40003C6099F80850AE423CD13C46DEB397F8BD
:10CF50003D6099F80950AE4234D13C469EB397F8F3
:10CF60003E6099F80A50AE422CD13C465EB397F829
:10CF70003F6099F80B50AE4224D13C461EB397F85F
:10CF8000406099F80C50AE421CD13C46DEB197F897
:10CF9000416099F80D50AE4214D13C469EB197F8CD
:10CFA000426099F80E50AE420CD13C465EB197F803
:10CFB000436099F80F50AE4204D13C46002E18BF92
:10CFC000002400E00024002C40F0BB848F427FF45A
:10CFD00065AFD8F82800002800F0A780D8F82C10FA
:10CFE00008F130034A68D8F834009A4208BF024674
:10CFF000D16800BF52689A4208BF0246C8F82C2088
:10D00000D76899F8005097F83460AE4240F08680B7
:10D01000002E3C4600F0838097F8356099F8015067
:10D02000AE427BD1002E3C4679D097F8366099F815
:10D030000250AE4272D1002E3C4670D097F8376055
:10D0400099F80350AE4269D1002E3C4667D097F85C
:10D05000386099F80450AE4260D1002E3C465ED054
:10D0600097F8396099F80550AE4257D1002E3C46EA
:10D0700055D097F83A6099F80650AE424ED1002E3E
:10D080003C464CD097F83B6099F80750AE4245D1EA
:10D09000002E3C4643D097F83C6099F80850AE42C9
:10D0A0003CD13C46DEB397F83D6099F80950AE425A
:10D0B00034D13C469EB397F83E6099F80A50AE4290
:10D0C0002CD13C465EB397F83F6099F80B50AE42C6
:10D0D00024D13C461EB397F8406099F80C50AE42FC
:10D0E0001CD13C46DEB197F8416099F80D50AE4234
:10D0F00014D13C469EB197F8426099F80E50AE426A
:10D100000CD13C465EB197F8436099F80F50AE429F
:10D1100004D13C46002E18BF002400E00024002C5F
:10D1200040F00F848F427FF465AFD8F814000028D8
:10D1300000F0A780D8F8181008F11C034A68D8F846
:10D1400020009A4208BF0246D16800BF52689A4246
:10D1500008BF0246C8F81820D76899F8005097F819
:10D160003460AE4240F08680002E3C4600F0838062
:10D1700097F8356099F80150AE427BD1002E3C46BD
:10D1800079D097F8366099F80250AE4272D1002EED
:10D190003C4670D097F8376099F80350AE4269D199
:10D1A000002E3C4667D097F8386099F80450AE429C
:10D1B00060D1002E3C465ED097F8396099F8055052
:10D1C000AE4257D1002E3C4655D097F83A6099F8B8
:10D1D0000650AE424ED1002E3C464CD097F83B60F4
:10D1E00099F80750AE4245D1002E3C4643D097F8FF
:10D1F0003C6099F80850AE423CD13C46DEB397F80B
:10D200003D6099F80950AE4234D13C469EB397F840
:10D210003E6099F80A50AE422CD13C465EB397F876
:10D220003F6099F80B50AE4224D13C461EB397F8AC
:10D23000406099F80C50AE421CD13C46DEB197F8E4
:10D24000416099F80D50AE4214D13C469EB197F81A
:10D25000426099F80E50AE420CD13C465EB197F850
:10D26000436099F80F50AE4204D13C46002E18BFDF
:10D27000002400E00024002C40F063838F427FF400
:10D2800065AFD8F80000002800F0B180D8F804009D
:10D2900008F108034068D8F80C20984208BF1046EF
:10D2A000D0F80CE04068984208BF1046C168C8F842
:10D2B000040091F8344099F80050AC4240F090805E
:10D2C000002C0C4600F08D8091F8354099F8015003
:10D2D000AC4240F08580002C0C4600F0828091F832
:10D2E000364099F80250AC427AD1002C0C4678D0E6
:10D2F00091F8374099F80350AC4271D1002C0C469C
:10D300006FD091F8384099F80450AC4268D1002CA5
:10D310000C4666D091F8394099F80550AC425FD17F
:10D32000002C0C465DD091F83A4099F80650AC427A
:10D3300056D1002C0C4654D091F83B4099F8075038
:10D34000AC424DD1002C0C464BD091F83C4099F8A2
:10D350000850AC4244D1002C0C4642D091F83D40DC
:10D3600099F80950AC423BD1002C0C4639D091F8C9
:10D370003E4099F80A50AC4232D1002C0C4630D0D5
:10D3800091F83F4099F80B50AC4229D1002C0C4643
:10D3900027D091F8404099F80C50AC4220D1002C95
:10D3A0000C461ED091F8414099F80D50AC4217D16F
:10D3B000002C0C4615D091F8424099F80E50AC4222
:10D3C0000ED1002C0C460CD091F8434099F80F5028
:10D3D000AC4205D1002C0C4618BF002401E000BF70
:10D3E0000024002C40F0AD8271457FF45BAFDCF887
:10D3F00030100868002800F0A480486801F1080394
:10D4000042689A4208BF5268D06800BF52689A4288
:10D410004A6001D152684A60D76899F8005097F87D
:10D420003460AE4240F08680002E3C4600F083809F
:10D4300097F8356099F80150AE427BD1002E3C46FA
:10D4400079D097F8366099F80250AE4272D1002E2A
:10D450003C4670D097F8376099F80350AE4269D1D6
:10D46000002E3C4667D097F8386099F80450AE42D9
:10D4700060D1002E3C465ED097F8396099F805508F
:10D48000AE4257D1002E3C4655D097F83A6099F8F5
:10D490000650AE424ED1002E3C464CD097F83B6031
:10D4A00099F80750AE4245D1002E3C4643D097F83C
:10D4B0003C6099F80850AE423CD13C46DEB397F848
:10D4C0003D6099F80950AE4234D13C469EB397F87E
:10D4D0003E6099F80A50AE422CD13C465EB397F8B4
:10D4E0003F6099F80B50AE4224D13C461EB397F8EA
:10D4F000406099F80C50AE421CD13C46DEB197F822
:10D50000416099F80D50AE4214D13C469EB197F857
:10D51000426099F80E50AE420CD13C465EB197F88D
:10D52000436099F80F50AE4204D13C46002E18BF1C
:10D53000002400E00024002C40F0038287427FF4A6
:10D5400065AFDCF834100868002800F0A480486853
:10D5500001F1080342689A4208BF5268D06800BFD0
:10D5600052689A424A6001D152684A60D76899F875
:10D57000005097F83460AE4240F08680002E3C4662
:10D5800000F0838097F8356099F80150AE427BD166
:10D59000002E3C4679D097F8366099F80250AE429A
:10D5A00072D1002E3C4670D097F8376099F803503E
:10D5B000AE4269D1002E3C4667D097F8386099F8A2
:10D5C0000450AE4260D1002E3C465ED097F83960E0
:10D5D00099F80550AE4257D1002E3C4655D097F8E9
:10D5E0003A6099F80650AE424ED1002E3C464CD0DF
:10D5F00097F83B6099F80750AE4245D1002E3C4663
:10D6000043D097F83C6099F80850AE423CD13C4674
:10D61000DEB397F83D6099F80950AE4234D13C46EC
:10D620009EB397F83E6099F80A50AE422CD13C4622
:10D630005EB397F83F6099F80B50AE4224D13C4658
:10D640001EB397F8406099F80C50AE421CD13C468E
:10D65000DEB197F8416099F80D50AE4214D13C46C6
:10D660009EB197F8426099F80E50AE420CD13C46FC
:10D670005EB197F8436099F80F50AE4204D13C4632
:10D68000002E18BF002400E00024002C40F0598137
:10D6900087427FF465AFDCF85000002800F0A780D7
:10D6A000DCF854100CF158024968DCF85C00914237
:10D6B00008BF0146CB684968914208BF0146CCF8D3
:10D6C0005410CF6899F8005097F83460AE4240F09B
:10D6D0008780002E3C4600F0848097F8356099F8EA
:10D6E0000150AE427CD1002E3C467AD097F836608D
:10D6F00099F80250AE4273D1002E3C4671D097F893
:10D70000376099F80350AE426AD1002E3C4668D08B
:10D7100097F8386099F80450AE4261D1002E3C462B
:10D720005FD097F8396099F80550AE4258D1002E75
:10D730003C4656D097F83A6099F80650AE424FD121
:10D74000002E3C464DD097F83B6099F80750AE420A
:10D7500046D1002E3C4644D097F83C6099F80850DA
:10D76000AE423DD13C46E6B397F83D6099F809508A
:10D77000AE4235D13C46A6B397F83E6099F80A50C0
:10D78000AE422DD13C4666B397F83F6099F80B50F6
:10D79000AE4225D13C4626B397F8406099F80C502C
:10D7A000AE421DD13C46E6B197F8416099F80D5064
:10D7B000AE4215D13C46A6B197F8426099F80E509A
:10D7C000AE420DD13C4666B197F8436099F80F50D0
:10D7D000AE4205D13C46002E18BF002401E000BF38
:10D7E0000024002C40F0AD809F427FF464AFDCF851
:10D7F0003C000024002800F0A480DCF840100CF16C
:10D8000044024968DCF84800914208BF0146CB68F1
:10D810004968914208BF0146CCF84010CF6899F89A
:10D82000005097F83460AE4240F08680002E3C46AF
:10D8300000F0838097F8356099F80150AE427BD1B3
:10D84000002E3C4679D097F8366099F80250AE42E7
:10D8500072D1002E3C4670D097F8376099F803508B
:10D86000AE4269D1002E3C4667D097F8386099F8EF
:10D870000450AE4260D1002E3C465ED097F839602D
:10D8800099F80550AE4257D1002E3C4655D097F836
:10D890003A6099F80650AE424ED1002E3C464CD02C
:10D8A00097F83B6099F80750AE4245D1002E3C46B0
:10D8B00043D097F83C6099F80850AE423CD13C46C2
:10D8C000DEB397F83D6099F80950AE4234D13C463A
:10D8D0009EB397F83E6099F80A50AE422CD13C4670
:10D8E0005EB397F83F6099F80B50AE4224D13C46A6
:10D8F0001EB397F8406099F80C50AE421CD13C46DC
:10D90000DEB197F8416099F80D50AE4214D13C4613
:10D910009EB197F8426099F80E50AE420CD13C4649
:10D920005EB197F8436099F80F50AE4204D10024DD
:10D93000002E08BF3C4600E0002414B99F427FF44B
:10D9400067AF00F09FF8204601B0BDE8F08300000B
:10D9500040F2C010C2F20000416900290FBF01204F
:10D960008069B0FA80F0400918BF4000704700009D
:10D9700040F2C010C2F20000406A70472DE9F04743
:10D9800040F2C016C2F20006B06928B1F06A013058
:10D99000F0620020BDE8F087706A10F1010AC6F855
:10D9A00024A020D3306B006850B14FF0500080F3BA
:10D9B0001188BFF36F8FBFF34F8F00BFFEE700BF2B
:10D9C000306B716B31637063B06B0130B063306B7F
:10D9D000006828B1306BC068C068406802E000BFD2
:10D9E0004FF0FF303062306A41F2E0588245C2F2B7
:10D9F000000801D2002434E0306B0024006868B3D2
:10DA00004FF0010916E000BFF86A716809FA00F2E8
:10DA1000114300EB8000716008EB80002946FEF79F
:10DA2000B5FAF86A3168C96A326B8842106828BF53
:10DA30004C4698B1306BC068C7683D4655F8040F36
:10DA400082450DD32846FEF73FFAB86A0028DBD09E
:10DA500007F11800FEF738FAD6E700BF4FF0FF30A5
:10DA600030623068C06A00EB800058F8200001285E
:10DA700088BF0124B06A002818BF01242046BDE8F1
:10DA8000F08700002DE9F04140F2C015C2F2000518
:10DA9000A86968B1FEF792FAA8690138A861A86977
:10DAA00080B10024FEF7AEFA2046BDE8F08100BF49
:10DAB0004FF0500080F31188BFF36F8FBFF34F8F8B
:10DAC000FEE700BF28690028EBD0686E78B341F20A
:10DAD000E0580126C2F20008286FC76807F1180055
:10DAE000FEF7F2F93C1D2046FEF7EEF9F86A696888
:10DAF00006FA00F2114300EB8000696008EB800039
:10DB00002146FEF743FAF86A2968C96A884228BFA5
:10DB1000AE62686E0028DFD1286B006820B1286BE8
:10DB2000C068C068406801E04FF0FF302862EC6ACE
:10DB30004CB10126FFF722FF002818BFAE62013C5E
:10DB4000F8D10020E862A86A0028AAD04EF6045056
:10DB5000CEF200004FF080510160BFF34F8F0124DF
:10DB6000BFF36F8FFEF74EFA2046BDE8F081F0EE6E
:10DB7000400AF5EEC00AF1EE10FA02DDB0EE600ADE
:10DB80007047B1EE600AFBE770B52DED0C8B84B0E9
:10DB900006460C4615469FED990AF0EE408A9FED29
:10DBA000970AB0EE409A9FED950AF0EE40BA9FEDCD
:10DBB000930AF0EE409A9FED910AB0EE40AA0EB1A2
:10DBC00004B11DB904B0BDEC0C8B70BD8C48F2F7EC
:10DBD00091FC8C48F2F794FC8A48D0ED000A9FED46
:10DBE0008A1A60EE810AB0EE600AF2F799FCF0EE54
:10DBF000408A28EEA80AF0EE408A8248D0ED000A5A
:10DC0000B0EE001A60EE810A9FED7F1A60EE810A85
:10DC1000B0EE600AF2F784FCB0EE409A29EE090AF1
:10DC2000B0EE409ADFED790AB7EE000A00EEA80ADE
:10DC3000DFED770A00EEC90ADFED760A20EE200A52
:10DC4000754880ED000A6E4890ED000ADFED730A1A
:10DC500080EE201AB7EE000A31EE000A20EE000A2C
:10DC60006D48D0ED000A80EE801A6D4880ED001AF4
:10DC700094ED000AB5EEC00AF1EE10FA0DD194ED64
:10DC8000010AB5EEC00AF1EE10FA06D194ED020ACF
:10DC9000B5EEC00AF1EE10FA46D09FED580AB0EE8C
:10DCA000408A0020019002900390D4ED000A60EEBB
:10DCB000A00A94ED011AD4ED011A41EE210A94ED67
:10DCC000021AD4ED021A41EE210AB0EE600AF2F710
:10DCD0001FFCB0EE408A94ED000A20EE080A8DED9C
:10DCE000010A94ED010A20EE080A8DED020A94ED76
:10DCF000020A20EE080A8DED030ADDED010AF1EEBD
:10DD0000600AB0EE600AF2F7EFFBF0EE409A9DED8C
:10DD1000031AF0EE410A9DED021AB0EE410AF2F745
:10DD2000E5FBB0EE40AA07E09FED340AF0EE409A22
:10DD30009FED320AB0EE40AA95ED000AB5EEC00A9A
:10DD4000F1EE10FA0DD195ED010AB5EEC00AF1EE33
:10DD500010FA06D195ED020AB5EEC00AF1EE10FAFE
:10DD60003CD0B0EE690AF2F7DBFBB0EE408AB0EED1
:10DD7000690AF2F7BDFBB0EE40DAB0EE4A0AF2F7FC
:10DD8000CFFBF0EE40AAB0EE4A0AF2F7B1FBB0EEDC
:10DD900040BA28EE2A0AD5ED010A20EE200AD5ED78
:10DDA000000A0DEE200A68EE0B0A95ED021A00EE4D
:10DDB000810AB0EE40CA95ED010A20EE0B0AD5EDBE
:10DDC000020A0AEEE00AF0EE40CAF0EE6C0AB0EE8B
:10DDD0004C0AF2F78BFBF0EE40BA03E09FED070A26
:10DDE000F0EE40BAB0EE4A1AF0EE690AB0EE6B0AF5
:10DDF000304600F077FC00BFE4E6000000000000C1
:10DE0000000000200400002035FA8E3CC1BFAD3B6D
:10DE10009DF8C5362F7C1C4108000020506CC24A7A
:10DE20000C0000202DE9F0412DED028B9AB0054643
:10DE3000B0EE408A0E46174698460020179018907C
:10DE400019901490159016904DB146B13FB1B8F1AC
:10DE5000000F04D0B5EEC08AF1EE10FA05D1002013
:10DE60001AB0BDEC028BBDE8F08196ED000A8DED95
:10DE7000170A96ED010A8DED180A96ED020A8DED4E
:10DE8000190A97ED000A8DED140A97ED010A8DED40
:10DE9000150A97ED020A8DED160A17AA14A928464D
:10DEA00000F072FA402104A8F2F7ABFA00200090CB
:10DEB000019002900390002417A904A800F09DFD92
:10DEC00000BF30E004A800EB041090ED000AD5ED8F
:10DED000000A20EE200A04A800EB0410D0ED010A8D
:10DEE00095ED011A00EE810A04A800EB0410D0EDB4
:10DEF000020A95ED021A00EE810A04A800EB041054
:10DF0000D0ED030A95ED031A00EE810A20EE080A0F
:10DF1000F0EE000A80EE201A684600EB840080EDE7
:10DF2000001A601CC4B2042CCCDB002410E005EB0A
:10DF3000840090ED000A684600EB8400D0ED000AF2
:10DF400030EE200A05EB840080ED000A601CC4B2AC
:10DF5000042CECDB284600F0EFFC012080E74100B8
:10DF6000080218BF04200A0E18BF40F001004FF04D
:10DF70007F4232EA010108BF40F00200012808BFD9
:10DF80000520704710B54FF00E402DED028BB0EE1E
:10DF9000408A18EE104A00EB4400B0F1506F4AD8A6
:10DFA0004FF0FC40B0EB440F22D2B0EEC80AF7EEBF
:10DFB000000A30EEC00AF6EE000A60EE208A18EE83
:10DFC000900A00F0FBFC01EE100A14F0004F1DBF98
:10DFD000DFED2D0A9FED2D0AB1EE411ADFED2C0A7F
:10DFE00008BF9FED2C0AF8EE001A21EE218A05E009
:10DFF000DFED290A68EE088AB0EE600A9FED271A65
:10E00000DFED271A30EE080A48EE811A9FED251A37
:10E0100008EEA11ADFED241A48EE811A9FED231AAB
:10E0200008EEA11A68EE281ABDEC028B01EE810AF7
:10E0300030EE200A10BD4FF0E440B0EB440F0CD995
:10E0400018EE100AFFF78BFF042808BF00F094F9C0
:10E05000B0EE480ABDEC028B10BD4FF07F40B0EB34
:10E06000440F07D2B0EE480ABDEC028BBDE8104069
:10E0700000F074B90120F2F7F3F9BDEC028BBDE8B2
:10E08000104000F071B900000000C9BF22AAFDB91C
:10E090000000C93F22AAFD390000000024FE1C3DFB
:10E0A000C78AD83C1E67383D1B93993DAFAA2A3ECC
:10E0B00070B54FF068422DED048BF0EE408A18EEFB
:10E0C000900AB0EE608A18EE101A02EB4003B3F12A
:10E0D000654F3CBF02EB4102B2F1654F7DD200BFFC
:10E0E000C0F3C753C1F3C7529A1A1B2A09DD10F0B7
:10E0F000004F14BF9FED830A9FED830ABDEC048B94
:10E1000070BD12F11A0F36DA11F0004F09D010F07D
:10E11000004F0CBF9FED7D0A9FED7D0ABDEC048B87
:10E1200070BD88EE889A19EE100AFFF718FF0428D0
:10E1300008BF00F021F918EE900AFFF710FF05461E
:10E1400018EE100AFFF70BFF044619EE100AFFF74E
:10E1500006FF042D18BF052D08D1042C18BF052C6F
:10E1600004D1002804BF0220F2F77AF9B0EE490A80
:10E17000BDEC048B70BD4200B2EB410F3AD910F0F8
:10E18000004F19BFDFED630A9FED630ADFED630AFD
:10E190009FED630AB0EE481A0A46B1EE688A80F035
:10E1A0000041F0EE418A10460A1A5200B2F1807F17
:10E1B00034D2484010F0004FDFED5A1A9FED5A2A32
:10E1C0001DBFBEEE001A70EEE10A30EE420AB6EE56
:10E1D000001A08BF70EEA10A00E040E008BF30EE70
:10E1E000020AB0EE682A01EE482A08EE818AC2EEE1
:10E1F000081A15E011F0004F04BF9FED4C0AF0EE35
:10E20000400AD1D010F0004F19BFDFED490A9FED51
:10E21000490ADFED490A9FED490AC5E7C8EE881AA9
:10E2200021EEA11A9FED462ADFED462A41EE022A91
:10E230009FED452A01EE222ADFED442A41EE022A13
:10E240009FED432ABDEC048B01EE222A21EE811AB8
:10E2500001EE020A30EE210A30EE200A70BD4FF0C6
:10E260007F42B2EB400F28BFB2EB410F09D2F0EE74
:10E27000480AB0EE680ABDEC048BBDE8704000F0BF
:10E2800070B840EA01035B0008BF41F0FF410BD0CA
:10E29000B2EB400F08BFB2EB410F08D120F0804035
:10E2A00008EE900A21F0804108EE101A18E7B2EB50
:10E2B000400F12BF5FEA410340F0FF4001F0004110
:10E2C0003FF40EAFB2EB410F12BF5FEA400200F025
:10E2D000004041F0FF413FF403AF4A0092EA40039F
:10E2E0003FF5FEAE002AACBF9FED1A0A9FED1A0A59
:10E2F00068EE808A28EE008A18EE900A18EE101A4E
:10E30000EEE60000DB0FC9BFDB0FC93FDB0F494062
:10E31000DB0F49C00000C9BF22AAFDB90000C93FF8
:10E3200022AAFD390060ED3EC30ACE37000000008E
:10E33000000049C022AA7DBA0000494022AA7D3AC5
:10E340002DAD65BD8FB8D53D0FB511BE61C84C3E32
:10E35000A8AAAABE0000804F0000802F30EE000A5D
:10E36000704730EE200A7047DFED020A80EEA00A07
:10E3700070470000000000009FED020A20EE000A36
:10E38000704700000000001070B52DED028B8AB0C0
:10E3900005460C4616460DB104B11EB90AB0BDECD7
:10E3A000028B70BD94ED000AB5EEC00AF1EE10FAD2
:10E3B0000DD194ED010AB5EEC00AF1EE10FA06D1C6
:10E3C00094ED020AB5EEC00AF1EE10FA7DD09FED91
:10E3D000600AB0EE408A00200790089009900490EF
:10E3E000059006905B4A07CA01AB07C395ED010A89
:10E3F000D5ED030A20EE200AD5ED000A95ED021AAC
:10E4000000EEC10AF0EE000A20EE200A8DED070AA8
:10E4100095ED000AD5ED010A20EE200AD5ED020A9D
:10E4200095ED031A00EE810AF0EE000A20EE200AB4
:10E430008DED080A95ED000A20EE000AD5ED030ADD
:10E4400095ED031A00EE810AF7EE000AB0EE001A0D
:10E4500051EE000ACDED090A01AB224631462846AD
:10E4600000F07AF8D4ED000A60EEA00A94ED011AEB
:10E47000D4ED011A41EE210A94ED021AD4ED021AEC
:10E4800041EE210AB0EE600AF2F742F8B0EE408A9F
:10E4900094ED000A20EE080A84ED000A94ED010ACA
:10E4A00020EE080A84ED010A94ED020A20EE080A23
:10E4B00084ED020A94ED010ADDED090A20EE200A3E
:10E4C000D4ED020A9DED081A00E03EE000EEC10A1C
:10E4D0008DED040A94ED020ADDED070A20EE200A14
:10E4E000D4ED000A9DED091A00EEC10A8DED050A72
:10E4F00094ED000ADDED080A20EE200AD4ED010AB1
:10E500009DED071A00EEC10A8DED060A96ED000A90
:10E51000DDED010A9DED041A00EE810A86ED000A88
:10E5200096ED010ADDED020A9DED051A00EE810A65
:10E5300086ED010A96ED020ADDED030A9DED061A4D
:10E5400000EE810A86ED020A00BF00BF26E7000048
:10E5500000000000F0F300082DE9F0412DED048BE0
:10E5600007460D4614461E469FED580AB0EE409AE7
:10E570009FED560AB0EE408A9FED540AF0EE408AB5
:10E58000D4ED000A60EEA00A94ED011AD4ED011A50
:10E5900041EE210A94ED021AD4ED021A41EE210A4D
:10E5A000B0EE600AF1F7B4FFF7EE000A80EE801AD1
:10E5B000B0EE419AD5ED000AB0EE600AFFF7D7FA47
:10E5C000F0EE409AD5ED010AB0EE600AFFF7CFFAFF
:10E5D00079EE809AD5ED020AB0EE600AFFF7C7FA2D
:10E5E00039EE800AF0EE408A3948D0ED000A79EE23
:10E5F000600AB0EE600AFFF7BAFAB0EE408A9FED0B
:10E60000350AB4EEC08AF1EE10FA06DC9FED320A4C
:10E61000F4EEC08AF1EE10FA53DD9FED2C2AB0EE35
:10E62000420A9FED2A2AF0EE421AB7EE002AF0EED7
:10E63000420A9FED262AB0EE421AB5EEC08AF1EEEC
:10E6400010FA05DD9FED232AC2EE082AB0EE620A19
:10E650009FED222AB4EEC20AF1EE10FA03D29FED2A
:10E660001B2AB0EE420AF5EEC08AF1EE10FA05DD83
:10E670009FED192AC2EE282AF0EE621AB7EE002AA0
:10E68000B4EEC20AF1EE10FA03D220EE802AF0EEC8
:10E69000420AB7EE002AF4EEC21AF1EE10FA03D2E3
:10E6A00020EEA12AF0EE420A9FED0D2A20EE822AEA
:10E6B000B0EE421A86ED001A86ED011A86ED021AB6
:10E6C00000BFBDEC048BBDE8F0810000000000003D
:10E6D0000C000020CDCCCC3D8FC2F53D9A99993EDF
:10E6E000CDCC4C3E10B52DED048B86B00446B0EE7B
:10E6F000408AF0EE608AB0EE419A002003900490C8
:10E700000590009001900290B0EE000AC8EE000A59
:10E71000F0EE609AB0EE690AF1F7EAFE8DED030AB9
:10E72000B0EE000AC8EE800AF0EE609AB0EE690A18
:10E73000F1F7DEFE8DED040AB0EE000AC9EE000A24
:10E74000F0EE609AB0EE690AF1F7D2FE8DED050A9F
:10E75000B0EE000AC8EE000AF0EE609AB0EE690A68
:10E76000F1F7DEFE8DED000AB0EE000AC8EE800A79
:10E77000F0EE609AB0EE690AF1F7D2FE8DED010A73
:10E78000B0EE000AC9EE000AF0EE609AB0EE690A37
:10E79000F1F7C6FE8DED020A9DED050ADDED040AD6
:10E7A00020EE200ADDED030A20EE200ADDED020A4C
:10E7B0009DED011A60EE810A9DED001A00EE810ABE
:10E7C00084ED000A9DED020ADDED040A20EE200A28
:10E7D000DDED030A20EE200ADDED050A9DED011AAC
:10E7E00060EE810A9DED001A00EEC10A84ED010A77
:10E7F0009DED050ADDED010A20EE200ADDED030A9C
:10E8000020EE200ADDED020A9DED041A60EE810A79
:10E810009DED001A00EE810A84ED020A9DED050AC5
:10E82000DDED040A20EE200ADDED000A20EE200ACC
:10E83000DDED020A9DED011A60EE810A9DED031ADD
:10E8400000EEC10A84ED030A06B0BDEC048B10BDD6
:10E850002DE9F04104460D4616461F4614B10DB190
:10E8600006B10FB9BDE8F081D4ED010A94ED031AA9
:10E8700060EE810A94ED001AD4ED021A41EE610AAD
:10E88000B8EE001A60EE810AB0EE600AF1F72CFED5
:10E8900086ED000A94ED001A21EE011AD4ED011A5A
:10E8A00094ED012A01EE821AF7EE001AB0EE002A6A
:10E8B00052EE011AF0EE610A94ED001AD4ED031A3B
:10E8C00021EE211AD4ED011A94ED022A01EE821AEA
:10E8D000F0EE001A21EE211AB0EE410AF1F706FE21
:10E8E00085ED000A94ED001A21EE011AD4ED031A09
:10E8F00094ED032A01EE821AF7EE001AB0EE002A18
:10E9000052EE011AF0EE610A94ED001AD4ED011AEC
:10E9100021EE211AD4ED021A94ED032A01EE821A97
:10E92000F0EE001A21EE211AB0EE410AF1F7DEFDF9
:10E9300087ED000A00BF95E710B52DED028B044668
:10E940009FED1D0AB0EE408AD4ED000A60EEA00AE9
:10E9500094ED011AD4ED011A41EE210A94ED021A48
:10E96000D4ED021A41EE210A94ED031AD4ED031AF4
:10E9700041EE210AB0EE600AF1F7CAFDB0EE408A1E
:10E9800094ED000A20EE080A84ED000A94ED010AD5
:10E9900020EE080A84ED010A94ED020A20EE080A2E
:10E9A00084ED020A94ED030A20EE080A84ED030ABE
:10E9B000BDEC028B10BD00000000000010B500EEA1
:10E9C000100A2DED028BB1EEC08A18EE100A20F06D
:10E9D0000040C0F1FF40C00F0AD010EE100A20F036
:10E9E0000040C0F1FF40C00F04BF0120F1F738FD27
:10E9F00018EE100ABDEC028B10BD91ED000AB1EECD
:10EA0000400A80ED010A91ED010AB1EE400A80ED65
:10EA1000020A91ED020AB1EE400A80ED030A91ED7F
:10EA2000000A80ED040A91ED020A80ED060A91EDDC
:10EA3000010AB1EE400A80ED070A91ED010A80ED6E
:10EA4000080A91ED020AB1EE400A80ED090A91ED43
:10EA5000000A80ED0B0A91ED020A80ED0C0A91ED9F
:10EA6000010A80ED0D0A91ED000AB1EE400A80ED39
:10EA70000E0A704721F0004201F00043A2F16052FB
:10EA8000B2F5801F28BFD2F17F6C0BD95FEA001C62
:10EA900043EAC20242EB507018BF704728BF20F013
:10EAA00001007047B2F5801FBCBF184670474FEA9F
:10EAB000410C1CF5001F02D2084600F093BC70B553
:10EAC00000F0D0FA00000089FFF7F6BF4FF00040D9
:10EAD000A0F580007047000010B591EA030F48BF11
:10EAE00083F0004300F11A83841A71EB030C05D202
:10EAF000121943EB0C03001B61EB0C014FEA11549C
:10EB0000A4EB135CDFF81CE11EEA430F18BF9EEA7A
:10EB1000445F00F0748021EA045123EA0E0343F4B9
:10EB20008013DCF1200E32D322FA0CFE10EB0E0023
:10EB300023FA0CFE41EB0E01CCF1200E03FA0EFE7F
:10EB400010EB0E00CCF1200E51F10001B1F5801F49
:10EB500032D201EB045112FA0EF2BDE8104058BF58
:10EB60007047401C38BF5FEA420218BF7047002858
:10EB700014BF20F0010041F100014FEA410313F5F9
:10EB8000001F38BF7047A1F1C04100F0B9BA012A97
:10EB900043EB0302ACF1200CDCF11F0E32BF4FF04F
:10EBA000000E23FA0CF310EB030041EB0451B4EB1D
:10EBB000115FD0D0A1EB045101F58011490801EBA0
:10EBC00004515FEA30000ED350F1000038BF12FA52
:10EBD0000EFE08D1BDE81040C9E7401C38BF5FEA0F
:10EBE0004202CAD1C3E7BDE810404FEA410313F522
:10EBF000001F38BF7047A1F1C04100F081BA9EEA02
:10EC0000445F08D011EA5E0FBDE8104004BF01F078
:10EC1000004100207047BDE8104070B500F022FAB6
:10EC200064FBBE3E0000E0FF2DE9C04130B4DFF8D8
:10EC3000A8C23CEA111418BF3CEA131400F0F0809B
:10EC40001CEA111481EA030544EAD57418BF1CEAD2
:10EC5000131500F0CB80A4EB050404F17F7404F5D8
:10EC600000344FF0004545EAC12145EAC32341EA9B
:10EC7000505143EA52534FEAC0204FEAC222994210
:10EC800008BF904200F0A0804FEA13650FF24816CB
:10EC9000765D4FEA134506FB05F7C7F1807706FB63
:10ECA00007F74FEAD737A7FB03687642A7FB06CEE4
:10ECB000C8F5803838BFA8F1010807FB08E6A6FBB5
:10ECC000028C4FF0000EE6FB03CED8F100086FEA8D
:10ECD0000C0C5CF1000C6FEA0E0E4EF1004EA6FB20
:10ECE0000C584FF00007E6FB0E87A1FB08C6A0FBFF
:10ECF00007CE16EB0E064FF0000545F10005E1FBCF
:10ED0000076515F1E04E7EBFA4F580345FEA460644
:10ED10006D4116F1800745F100054FEA172747EAD4
:10ED200005674FEA15254FEA0666A6F1DE46B6F1FD
:10ED3000805F20D9384605EBC47124F0010C01EB4B
:10ED40000C11BCF1FE6F02D8F0BCBDE8008124427A
:10ED50005CBF01F5801E9EEAC47F02D4F0BCBDE812
:10ED60000081244200F13980A1F1C041F0BCBDE82E
:10ED7000004100F0C5B94FEAD02040EA41504FEAC7
:10ED8000D1214FEAD22242EA43524FEAD323A7FBD2
:10ED9000028607FB036605FB02661EEA0E0F58BFDC
:10EDA000A6EB0056B6EB00564FEA520E4EEAC37E73
:10EDB00018EB0E0E56EB530EBCD518EB02085E4155
:10EDC0007F1C55F10005B5E74FF480154FF00007A3
:10EDD0004FF000064FF00008ACE701F1C04101F030
:10EDE00000414FF00000F0BCBDE800810CEA1315B3
:10EDF00011EA0C1F00D00CE013EA0C1F00F0258074
:10EE00004FF0000081EA030101F00041F0BCBDE8D1
:10EE10000081F0BCBDE8004181EA030100F070B957
:10EE2000F0BCBDE8004170B500F01CF9097EFC3E65
:10EE300000F007B84FF0000081EA030101F0004143
:10EE4000704781EA030100F05BB9F0BCBDE8004106
:10EE500022494FF000007047FFFDFBF9F7F5F4F28F
:10EE6000F0EEEDEBE9E8E6E4E3E1E0DEDDDBDAD865
:10EE7000D7D5D4D3D1D0CFCDCCCBCAC8C7C6C5C4C3
:10EE8000C2C1C0BFBEBDBCBBBAB9B8B7B6B5B4B3DA
:10EE9000B2B1B0AFAEADACABAAA9A8A8A7A6A5A4C5
:10EEA000A3A3A2A1A09F9F9E9D9C9C9B9A99999889
:10EEB0009797969595949393929191908F8F8E8E2C
:10EEC0008D8C8C8B8B8A89898888878786858584B9
:10EED00084838382828181800000FF070000F87FA5
:10EEE00010F0004248BF4042B0FA80F310FA03F13C
:10EEF0000AD0C3F11D0303F5806302EB03524FEA0E
:10EF0000415002EBD12170474FF0000070470000E4
:10EF100070B5DFF848C11CEA111E1EBF1CEA1315AC
:10EF20009EEA0C0F95EA0C0F00F06F8081EA030453
:10EF30004EEAD47EAE4421EA4C1123EA4C1341F44C
:10EF4000801143F48013AEF17F7EA1FB024CA0FB45
:10EF50000365361955EB0C05A1FB034C4CF100037E
:10EF6000A0FB021C16EB0C06654153F1000309429D
:10EF700018BF46F0010613F4007F0BD14FEA0331AE
:10EF80004FEA053041EA155140EA165034036FF05C
:10EF900003020AE04FEAC3214FEAC52041EA555176
:10EFA00040EA5650F4026FF0020202EB2E4201EBEF
:10EFB000025585EACE710AD05FEA440C18BF24F0EE
:10EFC000004450F1000041F1000120EAD47040F209
:10EFD000FE7C624500D270BDA84214BF4FF0804451
:10EFE0004FF04044002E08BF0024BEF1806FA8BF40
:10EFF000A1F1C041BDE8704080F2828001F1C041C2
:10F0000001F000414FF0000070470CEA13159EEA32
:10F010000C0F18BF95EA0C0F06D081EA030E4FF0D3
:10F0200000000EF0004170BD00F01CF88900013EA8
:10F0300000F007B800F009B84FEA430C5FEA5C5CE7
:10F0400008D081EA030100F05BB84FEA410C5FEAA7
:10F050005C5CF6D102494FF0000070470000FF07EA
:10F060000000F87F0EF1020E2EF0030E5EF8046B26
:10F07000364205D4012A43EB030515F5001F12D8CB
:10F08000012841EB010C1CF5001F0CD80ED14FEAF2
:10F09000D17C0CEB4C0C0CF1020C15F5001F08BFD9
:10F0A0004CEBD37C04E04FF0080C01E04FEAD37C3A
:10F0B0000CEB4C0526FA05F606F00706B6F1040C33
:10F0C00006D20EEB860CBDE870404CF0010C604798
:10F0D000DFE80CF0090B02024FF00041A1F500211E
:10F0E0004FF0000070BD19461046012851EB010495
:10F0F00018BFD4F5001484BF002001F0004170BD9A
:10F100000808A0F500114FEA3101704710B591EAE7
:10F11000030F48BF83F000433FF5E6AC841A71EB60
:10F12000030C07D28CF0004C121943EB0C03001BAC
:10F1300061EB0C014FEA1154A4EB135CDFF8A4E17E
:10F140001EEA430F18BF9EEA445F00F0B48021EA34
:10F15000045123EA6E035242C3EB6E0338BF5B1EB9
:10F16000DCF1200E25D322FA0CFE10EB0E0043FA40
:10F170000CFE41EB0E01CCF1200E03FA0EFE10EB5B
:10F180000E00CCF1200E51F1000129D401EB045105
:10F1900012FA0EF2BDE8104058BF7047401C1CBF69
:10F1A000B2F1004F704700280CBF491C20F001004D
:10F1B000704712EB020E43EB030218BF4FF0010E33
:10F1C0004EEA4202ACF1200CDCF11E0E56D943FA95
:10F1D0000CFE10EB0E00CCF11E0E51F1FF31D5D517
:10F1E0000EF1010E12FA0EFE404141EB010101EB5E
:10F1F000445C5FEA5C5C10D901EB045110EBDE70FB
:10F2000038BFBEF1004FBDE8104018BF704700285E
:10F210000CBF491C20F00100704734D24FEAD42CB7
:10F2200024F4006411F500111BD0B1FA81F20B3AFD
:10F23000A41AA41ED2F12003914030FA03F319431B
:10F24000904001EBCC7101EB0451002CBDE8104063
:10F25000A8BF704701F1C04101F000414FF000002C
:10F260007047B0FA80F310FA03F102D1BDE8104004
:10F270007047E41A173C4805C90AE2E701EB04515C
:10F28000BDE81040704749104FEA300001EB0451CF
:10F29000BDE8104002E04FF0000170474A0008BF8F
:10F2A0000042F8D0B2F5001F28BF704701F00041BE
:10F2B0004FF0000070479EEA445F07D011EA5E0FEE
:10F2C000BDE8104004BF002100207047BDE8104099
:10F2D00070B5FFF7C7FE00BF40DFF63E104683F073
:10F2E000004170470000E0FF43004FEAD30C4FEAB3
:10F2F0003C0C43401FBF40070CF1605113F0FE4F20
:10F3000070471CF0006F03D10CF0004100207047E3
:10F310000CF0004343EA507040EACC0010B500F016
:10F320000EF800BF000000924FEA0001FFF7E8BEB0
:10F330004FF00041A1F500214FF0000070470EF1A1
:10F34000020E2EF0030E5EF8044B244204D44FEA62
:10F350004102B2F17F4F11D84FEA4003B3F17F4F22
:10F360000CD80ED14FEAD07C0CEB4C0C0CF1020CFB
:10F37000B2F17F4F08BF4CEBD17C04E04FF0080C9A
:10F3800001E04FEAD17C0CEB4C0324FA03F404F0C7
:10F390000704B4F1040C06D20EEB840CBDE8104057
:10F3A0004CF0010C6047DFE80CF0070802024FF058
:10F3B0000040A0F5800010BD0846420018BFD2F101
:10F3C000807288BF00F0004010BDF1EE100A4FF6C9
:10F3D000FF71C0F2C03120EA010040F04070E1EE60
:10F3E000100A7047FF2141EAD050C0057047000065
:10F3F000CDCC4C3ECDCC4C3ECDCC4C3E2EFD000871
:10F40000558B000801000000000000000002000011
:10F4100000000000000000003CFD0008790E00081C
:10F42000000000000000000080000000000000005C
:10F430000000000045FD00082553000803000000FF
:10F44000000000008000000000000000000000003C
:10F4500056FD0008057300080000000000000000D1
:10F4600080000000000000000000000072FD0008A5
:10F47000717500080000000000000000800000001E
:10F48000000000000000000000000000000000007C
:10F49000010203040607080900000000010203043A
:10F4A00040AC037D04014103057C00026D0D026D3B
:10F4B0000902000002000000040000000800000033
:10F4C00010000000FDFFFFFFFBFFFFFFF7FFFFFF46
:10F4D000EFFFFFFFFFFDFFFFFFFBFFFFFFF7FFFF5A
:10F4E000FFEFFFFF00061016000610160000C844CC
:10F4F000CDCC4C3E000000000B080141090242C087
:10F50000030A0B0400000000920E493CB10AC93CFA
:10F510002BC3163D2EFB483D752B7B3D04A9963D24
:10F5200080B6AF3D36BDC83D2FBCE13D73B2FA3D5C
:10F5300087CF093E8340163EB5AB223EA2102F3E38
:10F54000CF6E3B3EC2C5473E0115543E135C603E44
:10F550007F9A6C3ECCCF783EC07D823E938E883EB3
:10F56000229A8E3E32A0943E86A09A3EE59AA03E14
:10F57000128FA63ED47CAC3EEF63B23E2A44B83E26
:10F58000491DBE3E15EFC33E53B9C93ECA7BCF3EAF
:10F590004136D53E80E8DA3E4F92E03E7533E63E96
:10F5A000BBCBEB3EEA5AF13ECBE0F63E275DFC3E9C
:10F5B000E4E7003F3D9C033F824B063F9BF5083F3D
:10F5C0006B9A0B3FDA390E3FCDD3103F2A68133FB9
:10F5D000D9F6153FC07F183FC6021B3FD17F1D3FA4
:10F5E000CBF61F3F9967223F25D2243F5636273F4F
:10F5F0001594293F4AEB2B3FDE3B2E3FBB85303F26
:10F60000C9C8323FF304353F233A373F4268393F98
:10F610003B8F3B3FF9AE3D3F67C73F3F70D8413F0F
:10F6200001E2433F03E4453F65DE473F12D1493FD6
:10F63000F8BB4B3F029F4D3F207A4F3F3D4D513F1E
:10F640004918533F31DB543FE595563F5348583FE7
:10F650006AF2593F1A945B3F532D5D3F05BE5E3FF2
:10F660002146603F97C5613F5A3C633F59AA643FBA
:10F67000880F663FD86B673F3CBF683FA7096A3F6A
:10F680000C4B6B3F5E836C3F93B26D3F9ED86E3FD9
:10F6900073F56F3F0809713F5213723F4714733F70
:10F6A000DD0B743F0BFA743FC6DE753F07BA763F39
:10F6B000C58B773FF853783F9812793F9DC7793FC4
:10F6C00002737A3FBE147B3FCDAC7B3F283B7C3F2F
:10F6D000C9BF7C3FAC3A7D3FCCAB7D3F23137E3F1F
:10F6E000B0707E3F6DC47E3F580E7F3F6D4E7F3FB2
:10F6F000AB847F3F0FB17F3F97D37F3F43EC7F3F8A
:10F7000011FB7F3F0000803F11FB7F3F43EC7F3FB9
:10F7100097D37F3F0FB17F3FAB847F3F6D4E7F3FDD
:10F72000580E7F3F6DC47E3FB0707E3F23137E3FF7
:10F73000CCAB7D3FAC3A7D3FC9BF7C3F283B7C3F93
:10F74000CDAC7B3FBE147B3F02737A3F9DC7793FB0
:10F750009812793FF853783FC58B773F07BA763FC9
:10F76000C6DE753F0BFA743FDD0B743F4714733FE1
:10F770005213723F0809713F73F56F3F9ED86E3F79
:10F7800093B26D3F5E836C3F0C4B6B3FA7096A3FA2
:10F790003CBF683FD86B673F880F663F59AA643FFC
:10F7A0005A3C633F97C5613F2146603F05BE5E3FBF
:10F7B000532D5D3F1A945B3F6AF2593F5348583FBF
:10F7C000E595563F31DB543F4918533F3D4D513F7E
:10F7D000207A4F3F029F4D3FF8BB4B3F12D1493F2C
:10F7E00065DE473F03E4453F01E2433F70D8413FB8
:10F7F00067C73F3FF9AE3D3F3B8F3B3F4268393FD4
:10F80000233A373FF304353FC9C8323FBB85303F09
:10F81000DE3B2E3F4AEB2B3F1594293F5636273FC0
:10F8200025D2243F9967223FCBF61F3FD17F1D3F52
:10F83000C6021B3FC07F183FD9F6153F2A68133F09
:10F84000CDD3103FDA390E3F6B9A0B3F9BF5083F43
:10F85000824B063F3D9C033FE4E7003F275DFC3EB3
:10F86000CBE0F63EEA5AF13EBBCBEB3E7533E63ECB
:10F870004F92E03E80E8DA3E4136D53ECA7BCF3E2D
:10F8800053B9C93E15EFC33E491DBE3E2A44B83E9A
:10F89000EF63B23ED47CAC3E128FA63EE59AA03E0A
:10F8A00086A09A3E32A0943E229A8E3E938E883E47
:10F8B000C07D823ECCCF783E7F9A6C3E135C603E2A
:10F8C0000115543EC2C5473ECF6E3B3EA2102F3EAF
:10F8D000B5AB223E8340163E87CF093E73B2FA3D58
:10F8E0002FBCE13D36BDC83D80B6AF3D04A9963D75
:10F8F000752B7B3D2EFB483D2BC3163DB10AC93C01
:10F90000920E493C00000000920E49BCB10AC9BCED
:10F910002BC316BD2EFB48BD752B7BBD04A996BD20
:10F9200080B6AFBD36BDC8BD2FBCE1BD73B2FABD58
:10F9300087CF09BE834016BEB5AB22BEA2102FBE34
:10F94000CF6E3BBEC2C547BE011554BE135C60BE40
:10F950007F9A6CBECCCF78BEC07D82BE938E88BEAF
:10F96000229A8EBE32A094BE86A09ABEE59AA0BE10
:10F97000128FA6BED47CACBEEF63B2BE2A44B8BE22
:10F98000491DBEBE15EFC3BE53B9C9BECA7BCFBEAB
:10F990004136D5BE80E8DABE4F92E0BE7533E6BE92
:10F9A000BBCBEBBEEA5AF1BECBE0F6BE275DFCBE98
:10F9B000E4E700BF3D9C03BF824B06BF9BF508BF39
:10F9C0006B9A0BBFDA390EBFCDD310BF2A6813BFB5
:10F9D000D9F615BFC07F18BFC6021BBFD17F1DBFA0
:10F9E000CBF61FBF996722BF25D224BF563627BF4B
:10F9F000159429BF4AEB2BBFDE3B2EBFBB8530BF22
:10FA0000C9C832BFF30435BF233A37BF426839BF94
:10FA10003B8F3BBFF9AE3DBF67C73FBF70D841BF0B
:10FA200001E243BF03E445BF65DE47BF12D149BFD2
:10FA3000F8BB4BBF029F4DBF207A4FBF3D4D51BF1A
:10FA4000491853BF31DB54BFE59556BF534858BFE3
:10FA50006AF259BF1A945BBF532D5DBF05BE5EBFEE
:10FA6000214660BF97C561BF5A3C63BF59AA64BFB6
:10FA7000880F66BFD86B67BF3CBF68BFA7096ABF66
:10FA80000C4B6BBF5E836CBF93B26DBF9ED86EBFD5
:10FA900073F56FBF080971BF521372BF471473BF6C
:10FAA000DD0B74BF0BFA74BFC6DE75BF07BA76BF35
:10FAB000C58B77BFF85378BF981279BF9DC779BFC0
:10FAC00002737ABFBE147BBFCDAC7BBF283B7CBF2B
:10FAD000C9BF7CBFAC3A7DBFCCAB7DBF23137EBF1B
:10FAE000B0707EBF6DC47EBF580E7FBF6D4E7FBFAE
:10FAF000AB847FBF0FB17FBF97D37FBF43EC7FBF86
:10FB000011FB7FBF000080BF11FB7FBF43EC7FBFB5
:10FB100097D37FBF0FB17FBFAB847FBF6D4E7FBFD9
:10FB2000580E7FBF6DC47EBFB0707EBF23137EBFF3
:10FB3000CCAB7DBFAC3A7DBFC9BF7CBF283B7CBF8F
:10FB4000CDAC7BBFBE147BBF02737ABF9DC779BFAC
:10FB5000981279BFF85378BFC58B77BF07BA76BFC5
:10FB6000C6DE75BF0BFA74BFDD0B74BF471473BFDD
:10FB7000521372BF080971BF73F56FBF9ED86EBF75
:10FB800093B26DBF5E836CBF0C4B6BBFA7096ABF9E
:10FB90003CBF68BFD86B67BF880F66BF59AA64BFF8
:10FBA0005A3C63BF97C561BF214660BF05BE5EBFBB
:10FBB000532D5DBF1A945BBF6AF259BF534858BFBB
:10FBC000E59556BF31DB54BF491853BF3D4D51BF7A
:10FBD000207A4FBF029F4DBFF8BB4BBF12D149BF28
:10FBE00065DE47BF03E445BF01E243BF70D841BFB4
:10FBF00067C73FBFF9AE3DBF3B8F3BBF426839BFD0
:10FC0000233A37BFF30435BFC9C832BFBB8530BF05
:10FC1000DE3B2EBF4AEB2BBF159429BF563627BFBC
:10FC200025D224BF996722BFCBF61FBFD17F1DBF4E
:10FC3000C6021BBFC07F18BFD9F615BF2A6813BF05
:10FC4000CDD310BFDA390EBF6B9A0BBF9BF508BF3F
:10FC5000824B06BF3D9C03BFE4E700BF275DFCBEAF
:10FC6000CBE0F6BEEA5AF1BEBBCBEBBE7533E6BEC7
:10FC70004F92E0BE80E8DABE4136D5BECA7BCFBE29
:10FC800053B9C9BE15EFC3BE491DBEBE2A44B8BE96
:10FC9000EF63B2BED47CACBE128FA6BEE59AA0BE06
:10FCA00086A09ABE32A094BE229A8EBE938E88BE43
:10FCB000C07D82BECCCF78BE7F9A6CBE135C60BE26
:10FCC000011554BEC2C547BECF6E3BBEA2102FBEAB
:10FCD000B5AB22BE834016BE87CF09BE73B2FABD54
:10FCE0002FBCE1BD36BDC8BD80B6AFBD04A996BD71
:10FCF000752B7BBD2EFB48BD2BC316BDB10AC9BCFD
:10FD0000920E49BC00000080524F41445F43414C79
:10FD1000430047494D42414C5F43414C43004C55E1
:10FD2000454E4245524745525F43414C430043488C
:10FD30004153534953535F43414C430046534D5F36
:10FD40005441534B00494E535F5441534B00435F62
:10FD5000544F53544D0064656661756C74546173FF
:10FD60006B006D6F746F725F333530385F74617321
:10FD70006B007472795F747279007D04017C0002FB
:10FD800040AB034100055308065804070F00081054
:10FD9000820911000A15800B16000C18010D0000D5
:10FDA000C0FD00080000002038010000EC01000840
:10FDB00050FE000838010020305A00004C020008B4
:10FDC000812DCDCC1C410432013210180EE7416B5D
:10FDD0003A58A08B3AA2FFFFFF820429015A9208E9
:10FDE00052FFE3803F091210092224272F44CDCC73
:10FDF000CC3D380E4040575B113E643BDF3D08ACC4
:10FE00009C10256F12833A1BA0C12022BD1A20A08E
:10FE10001A4C181AA0081BCC3D0C193C1BA0C20898
:10FE20002ABE48250AD7233C3AC81023D007290404
:10FE300023DC0533FC08031324F40B22807FA01C71
:10FE400008AC1C74124552011C7A43AA01410000FF
:040000050800018965
:00000001FF
